method,median_end_to_end_ns,median_end_to_end_ms
B1,639155852.5,639.1558525
C1,592147642.5,592.1476425
C1,475665322.5,475.6653225
C0,496271693.5,496.2716935
C0,445807127.0,445.807127
C0,297466465.0,297.466465
B0,274721191.5,274.7211915
C1,84695569.0,84.695569
C1,274422878.5,274.4228785
C0,80147776.0,80.147776
C0,82809963.5,82.8099635
B1,320779315.0,320.779315
C1,486531828.5,486.5318285
B1,481193548.5,481.1935485
B0,382348828.0,382.348828
B0,315176344.5,315.1763445
C1,92823216.5,92.8232165
B0,584315375.0,584.315375
C1,91453630.0,91.45363
C0,96033532.5,96.0335325
B0,737530690.5,737.5306905
C1,355406972.0,355.406972
B0,289225546.0,289.225546
B1,570238953.0,570.238953
C0,288595977.5,288.5959775
B1,405849531.5,405.8495315
C0,499895614.5,499.8956145
C0,111820983.5,111.8209835
C0,318813082.0,318.813082
B0,576798398.5,576.7983985
B0,321081770.0,321.08177
B1,538647732.0,538.647732
B0,592404047.5,592.4040475
C1,552303935.5,552.3039355
C0,102243217.0,102.243217
C0,337905035.5,337.9050355
C0,82209458.0,82.209458
B0,108391427.5,108.3914275
C0,407189437.0,407.189437
B0,92516531.0,92.516531
C0,326459588.0,326.459588
B0,564304125.5,564.3041255
C0,287408193.0,287.408193
B1,80251139.0,80.251139
C0,537004508.0,537.004508
C0,475339387.5,475.3393875
B1,78508819.5,78.5088195
B0,77599974.5,77.5999745
C1,233623242.0,233.623242
C1,234645260.5,234.6452605
C1,482368836.5,482.3688365
C1,79352284.0,79.352284
B1,83043455.0,83.043455
B1,481963172.5,481.9631725
B0,269671285.5,269.6712855
C0,59812087.5,59.8120875
B1,76370284.5,76.3702845
C0,549701643.5,549.7016435
B0,291856205.5,291.8562055
B1,294341331.5,294.3413315
B0,549499093.5,549.4990935
C1,78281025.0,78.281025
C1,74694705.5,74.6947055
C1,86264980.5,86.2649805
B1,79856455.0,79.856455
C0,521305691.5,521.3056915
B0,303936700.5,303.9367005
C0,530026870.5,530.0268705
C0,268024658.5,268.0246585
B1,273813636.0,273.813636
B0,81832923.5,81.8329235
C0,551772680.0,551.77268
B1,504705266.5,504.7052665
B1,239232035.0,239.232035
B1,79098060.5,79.0980605
C1,298710265.0,298.710265
C1,77448849.5,77.4488495
C1,245214495.0,245.214495
C0,296108394.0,296.108394
B1,316369226.5,316.3692265
C0,291924394.5,291.9243945
C1,299716244.5,299.7162445
B1,80047754.0,80.047754
C1,278446883.5,278.4468835
C1,318372773.0,318.372773
B1,277530285.5,277.5302855
B0,460945324.5,460.9453245
C0,67365878.5,67.3658785
C1,61217361.5,61.2173615
C1,79606142.0,79.606142
C1,344665622.0,344.665622
C1,75839631.0,75.839631
B0,240619173.5,240.6191735
C0,245180292.5,245.1802925
C1,91767219.0,91.767219
B0,310650656.0,310.650656
C1,284946754.5,284.9467545
B0,76025990.5,76.0259905
C0,474063745.5,474.0637455
C1,302496206.0,302.496206
C1,290926239.0,290.926239
B0,108187037.5,108.1870375
C0,449556248.0,449.556248
B0,662365721.5,662.3657215
B1,65971173.5,65.9711735
C0,62300434.5,62.3004345
B1,207414683.0,207.414683
B0,399122709.5,399.1227095
B0,488961938.0,488.961938
C0,73303733.5,73.3037335
C1,491176824.0,491.176824
B0,72302673.5,72.3026735
C1,440328773.0,440.328773
B0,62076043.0,62.076043
B1,408195376.0,408.195376
B0,248257379.5,248.2573795
B1,415823607.5,415.8236075
B0,500617512.0,500.617512
B0,76696811.0,76.696811
C0,77673211.0,77.673211
C0,72720098.0,72.720098
C0,481994881.5,481.9948815
B0,539481323.0,539.481323
B0,458357181.5,458.3571815
B0,283319674.5,283.3196745
C0,474107924.5,474.1079245
B1,453659809.0,453.659809
C1,75622332.5,75.6223325
B0,77673407.0,77.673407
B1,508115543.5,508.1155435
B0,82855632.5,82.8556325
C0,77660798.5,77.6607985
C0,484500588.5,484.5005885
B0,239264296.0,239.264296
B1,75888778.5,75.8887785
B0,513034622.5,513.0346225
B0,475329306.0,475.329306
C1,273191226.5,273.1912265
B0,499582580.5,499.5825805
C1,278912279.0,278.912279
B1,514909475.5,514.9094755
B1,81139242.5,81.1392425
C1,499344192.0,499.344192
B0,514056097.5,514.0560975
C1,351222013.5,351.2220135
B1,480200794.0,480.200794
B0,248784518.0,248.784518
B1,538690857.0,538.690857
C1,72226632.0,72.226632
B1,77496216.5,77.4962165
B1,447624315.5,447.6243155
B0,269557331.5,269.5573315
C1,465641053.0,465.641053
B1,244570092.0,244.570092
C1,455076545.0,455.076545
B1,76540564.5,76.5405645
B0,293753753.5,293.7537535
C1,70096854.5,70.0968545
C0,409681048.5,409.6810485
C1,263393423.5,263.3934235
C0,270711587.5,270.7115875
C0,274070585.0,274.070585
B0,78320513.5,78.3205135
C1,272138439.0,272.138439
C0,75429263.5,75.4292635
B0,298927334.5,298.9273345
C1,75712103.5,75.7121035
C0,527446376.0,527.446376
B0,72755031.5,72.7550315
B0,73530093.5,73.5300935
B0,267317517.0,267.317517
B1,457206255.5,457.2062555
C1,426075522.0,426.075522
C0,69996486.5,69.9964865
C0,297570450.5,297.5704505
C0,359519184.5,359.5191845
B1,58952034.0,58.952034
B0,70352081.0,70.352081
C1,242411006.5,242.4110065
B0,201385192.5,201.3851925
B1,60488677.5,60.4886775
C0,75350274.0,75.350274
B1,73552609.5,73.5526095
C1,443554545.0,443.554545
C1,71937806.0,71.937806
B0,258175288.0,258.175288
B0,530354192.5,530.3541925
B0,83488390.0,83.48839
B1,74198937.0,74.198937
B1,280930859.5,280.9308595
C0,78804589.0,78.804589
C0,312026112.5,312.0261125
C1,78169797.0,78.169797
B1,298981835.0,298.981835
C1,271853766.0,271.853766
C0,239748591.5,239.7485915
C1,497010368.5,497.0103685
B1,74740312.0,74.740312
B0,77283435.0,77.283435
C0,73070240.0,73.07024
C0,439114663.0,439.114663
B1,267808032.0,267.808032
C1,490049009.0,490.049009
B1,270059057.5,270.0590575
C1,513163628.0,513.163628
B1,495564320.5,495.5643205
B1,464578909.5,464.5789095
B1,258783326.0,258.783326
B1,492182377.0,492.182377
C1,76475400.5,76.4754005
B1,74986066.0,74.986066
C1,482253450.5,482.2534505
B1,280255627.5,280.2556275
B1,75707343.0,75.707343
B0,75052008.5,75.0520085
C0,273242048.0,273.242048
B1,73736743.5,73.7367435
B1,505798883.5,505.7988835
B1,310250742.0,310.250742
B1,424919351.5,424.9193515
C0,505790650.5,505.7906505
B0,79155116.0,79.155116
B1,76670577.0,76.670577
C1,85932964.0,85.932964
B0,445658912.5,445.6589125
C1,181580864.5,181.5808645
B1,63129411.5,63.1294115
B0,404428242.0,404.428242
B1,60331375.0,60.331375
C1,220149363.0,220.149363
B0,389812582.5,389.8125825
C0,352252097.5,352.2520975
B1,504062800.5,504.0628005
C1,443842757.5,443.8427575
C0,72539292.5,72.5392925
B1,240344905.0,240.344905
C1,538434113.0,538.434113
B1,229957846.0,229.957846
B0,71185633.0,71.185633
C0,70759597.5,70.7595975
B1,296046893.0,296.046893
B1,286815561.5,286.8155615
C0,473477660.5,473.4776605
B0,282559422.0,282.559422
B0,527565584.5,527.5655845
C0,566916108.5,566.9161085
B1,279785128.5,279.7851285
B0,288453206.5,288.4532065
C0,395134523.5,395.1345235
B0,70722234.0,70.722234
C1,301215297.5,301.2152975
B1,500987791.0,500.987791
B0,84807852.0,84.807852
C0,56903665.0,56.903665
C0,217555354.5,217.5553545
B0,79068697.5,79.0686975
B0,289115975.0,289.115975
C0,75902467.0,75.902467
B0,83527526.0,83.527526
B0,296641976.0,296.641976
B0,82635814.0,82.635814
B1,73406694.0,73.406694
C0,445218665.5,445.2186655
C1,254522211.5,254.5222115
B1,73273331.5,73.2733315
C0,73010634.5,73.0106345
C0,72233761.5,72.2337615
C1,274427434.0,274.427434
B1,339190905.0,339.190905
C0,266776541.0,266.776541
B1,422570577.0,422.570577
B0,438872401.5,438.8724015
B1,286022027.5,286.0220275
B0,464229223.0,464.229223
C1,489179127.0,489.179127
B0,275357685.5,275.3576855
C1,521375256.0,521.375256
C1,226446633.5,226.4466335
C0,450264844.5,450.2648445
B1,77521389.5,77.5213895
C1,532523079.0,532.523079
C1,435790309.0,435.790309
C0,185852601.0,185.852601
B1,288770158.5,288.7701585
C1,535253186.0,535.253186
B0,265624970.5,265.6249705
C0,72024443.0,72.024443
B0,507954942.5,507.9549425
B0,514528948.0,514.528948
C0,83011905.0,83.011905
C0,262534725.5,262.5347255
C0,232740207.0,232.740207
B1,245112009.0,245.112009
C1,72921945.5,72.9219455
B1,264881741.0,264.881741
C1,78801390.0,78.80139
C0,80078227.5,80.0782275
C1,74466378.5,74.4663785
C1,79703312.5,79.7033125
C1,90354508.5,90.3545085
C0,444796414.0,444.796414
B0,481887043.5,481.8870435
C1,509575988.5,509.5759885
B1,85584857.0,85.584857
C0,555994607.0,555.994607
B1,288022354.0,288.022354
B1,552889355.5,552.8893555
C1,62776599.0,62.776599
C1,562760081.5,562.7600815
C0,502104978.5,502.1049785
B1,455514226.5,455.5142265
C0,300814285.0,300.814285
B0,88961214.5,88.9612145
C1,441801308.5,441.8013085
C1,264814761.5,264.8147615
B0,96132985.0,96.132985
B1,381025834.5,381.0258345
C0,256798995.0,256.798995
B0,257117976.5,257.1179765
C0,295181662.5,295.1816625
C0,274366322.0,274.366322
B1,281424537.5,281.4245375
C1,589786683.0,589.786683
C1,67404387.0,67.404387
B1,85134590.5,85.1345905
C1,99907307.5,99.9073075
C0,484885390.5,484.8853905
C0,76333173.5,76.3331735
B1,79531940.0,79.53194
C1,74686310.5,74.6863105
B0,85456436.5,85.4564365
C1,295373166.0,295.373166
B1,526619578.5,526.6195785
B1,305814338.0,305.814338
B1,59770170.5,59.7701705
C1,299891468.0,299.891468
B0,87270841.0,87.270841
B0,93415367.0,93.415367
B0,408417920.0,408.41792
B1,83396803.0,83.396803
B1,261810390.5,261.8103905
C1,488604086.5,488.6040865
C1,454541635.0,454.541635
C0,277107773.5,277.1077735
C1,59509155.0,59.509155
C1,80076319.0,80.076319
C1,334413443.5,334.4134435
C1,316809893.5,316.8098935
C0,418758391.0,418.758391
B1,524878036.0,524.878036
C0,544995929.0,544.995929
B0,282124792.5,282.1247925
B1,311189028.0,311.189028
C0,83865644.0,83.865644
B0,240996538.5,240.9965385
B0,232253726.5,232.2537265
C1,219791746.5,219.7917465
C1,288221642.0,288.221642
C0,318584053.5,318.5840535
B0,294672826.0,294.672826
B1,241390005.0,241.390005
C1,463388576.0,463.388576
B0,256524792.0,256.524792
B0,315198067.0,315.198067
B1,512754017.0,512.754017
B1,76708109.0,76.708109
B1,56977762.5,56.9777625
B1,328848385.5,328.8483855
C1,56417720.0,56.41772
B0,59234146.5,59.2341465
C0,204164520.5,204.1645205
B0,65355126.5,65.3551265
B0,54013478.0,54.013478
B1,208049666.5,208.0496665
C0,176615237.5,176.6152375
C1,359122229.0,359.122229
C0,148752451.0,148.752451
C0,52607065.0,52.607065
B0,442413791.5,442.4137915
C1,79957501.5,79.9575015
C0,77201814.5,77.2018145
B1,483543532.5,483.5435325
C1,523372157.5,523.3721575
C0,338972363.5,338.9723635
B0,75210779.5,75.2107795
C0,384234505.5,384.2345055
C1,273918111.0,273.918111
C1,287577194.5,287.5771945
C0,513051073.0,513.051073
C1,104400226.5,104.4002265
B1,74997046.5,74.9970465
B0,252673981.5,252.6739815
C0,77077897.5,77.0778975
C1,78971600.0,78.9716
C1,333507936.5,333.5079365
B1,657545766.5,657.5457665
B1,327743339.0,327.743339
B1,343963466.5,343.9634665
C0,76739030.5,76.7390305
B0,329992116.0,329.992116
C0,79889019.5,79.8890195
C0,299721565.5,299.7215655
C1,79945115.0,79.945115
B1,83223101.0,83.223101
C0,321422494.5,321.4224945
B0,80867304.5,80.8673045
B0,342439536.5,342.4395365
B0,573509832.0,573.509832
B1,323997342.0,323.997342
C0,98429365.0,98.429365
B1,296626615.0,296.626615
C1,679704746.0,679.704746
B1,320352570.0,320.35257
C1,706643349.5,706.6433495
B1,531658561.5,531.6585615
B0,416027336.5,416.0273365
C0,298720533.5,298.7205335
B1,78987755.0,78.987755
C1,102689978.0,102.689978
B0,510022499.5,510.0224995
B0,313132427.0,313.132427
B1,207930614.0,207.930614
C1,390860083.5,390.8600835
C1,447158638.5,447.1586385
C1,254929354.5,254.9293545
B1,378940134.0,378.940134
B0,219163575.5,219.1635755
B1,90741694.0,90.741694
C0,324460766.5,324.4607665
B1,623376680.5,623.3766805
C0,79865373.0,79.865373
C0,599162832.5,599.1628325
B1,288270090.0,288.27009
C0,473983881.5,473.9838815
C1,81000346.0,81.000346
C1,78332059.5,78.3320595
B1,437877661.5,437.8776615
B0,92640427.0,92.640427
B0,76227994.5,76.2279945
B1,81088430.5,81.0884305
B0,83485427.0,83.485427
B1,580245618.0,580.245618
C0,558835061.0,558.835061
C1,80828401.5,80.8284015
C1,309157443.5,309.1574435
B1,512824540.5,512.8245405
C1,250408169.0,250.408169
B0,78826994.0,78.826994
C0,292589798.5,292.5897985
B1,540923380.5,540.9233805
C0,559400736.0,559.400736
B0,462511310.0,462.51131
C1,80538408.0,80.538408
C0,88016431.5,88.0164315
C0,529527840.5,529.5278405
B1,520002257.0,520.002257
C0,617486509.0,617.486509
B0,81841827.0,81.841827
B1,76999470.0,76.99947
C0,470109544.0,470.109544
C1,308929803.5,308.9298035
C0,339928064.5,339.9280645
C1,534667007.5,534.6670075
B1,540592896.5,540.5928965
B0,232292151.0,232.292151
B0,387188615.5,387.1886155
B1,323150022.5,323.1500225
B0,80363168.0,80.363168
C0,81158509.0,81.158509
C0,255976390.5,255.9763905
B0,76333489.5,76.3334895
B0,279360291.0,279.360291
C1,526457197.0,526.457197
B0,319441022.5,319.4410225
B1,311192369.5,311.1923695
B1,66021332.0,66.021332
C1,363945444.0,363.945444
C1,506066574.0,506.066574
C0,286184358.0,286.184358
B1,349250734.0,349.250734
C1,346518490.5,346.5184905
B0,85951892.5,85.9518925
C1,565634430.5,565.6344305
B0,80088404.0,80.088404
C0,77318338.0,77.318338
B0,523419133.5,523.4191335
B1,94869944.5,94.8699445
C0,709965123.0,709.965123
B1,312776709.5,312.7767095
C1,87524811.0,87.524811
C0,304445373.0,304.445373
C0,81511761.5,81.5117615
B1,83797099.0,83.797099
B1,305303187.0,305.303187
B0,200724508.0,200.724508
B0,64655962.5,64.6559625
B1,314838637.0,314.838637
B1,278028812.5,278.0288125
C1,79726307.5,79.7263075
C1,58072528.0,58.072528
B0,381545762.0,381.545762
C0,555928226.5,555.9282265
B0,423623884.0,423.623884
B1,541925358.5,541.9253585
C0,62966509.5,62.9665095
C1,59021302.5,59.0213025
C0,204363191.5,204.3631915
C0,55834953.0,55.834953
B1,406190439.5,406.1904395
C0,55968789.5,55.9687895
C1,58569202.0,58.569202
C1,403054581.0,403.054581
C1,280791751.5,280.7917515
B0,272927579.5,272.9275795
B1,68728036.0,68.728036
C0,210042363.5,210.0423635
B0,59229945.0,59.229945
C0,54072734.0,54.072734
C0,445734634.0,445.734634
C0,463376556.5,463.3765565
C1,54580974.5,54.5809745
B0,400339770.5,400.3397705
B0,293406564.0,293.406564
C0,195028518.0,195.028518
C0,335745244.0,335.745244
B1,268713632.5,268.7136325
C0,84068769.5,84.0687695
C1,192095743.5,192.0957435
C1,180163170.5,180.1631705
C0,60538992.5,60.5389925
C0,497706788.0,497.706788
C0,317269790.5,317.2697905
B0,565259499.0,565.259499
B0,73297955.0,73.297955
B1,383018698.0,383.018698
B0,73527157.5,73.5271575
C0,60385515.5,60.3855155
B0,229222183.5,229.2221835
B0,225136408.5,225.1364085
B1,404773766.5,404.7737665
B0,208973441.0,208.973441
C0,391874143.0,391.874143
C1,64016124.5,64.0161245
C1,248703074.5,248.7030745
B0,240418724.0,240.418724
C1,66906283.0,66.906283
C0,241093554.5,241.0935545
B1,401750921.5,401.7509215
C0,216733475.5,216.7334755
C0,56474871.5,56.4748715
B1,180149050.0,180.14905
C1,232153249.0,232.153249
B1,478498626.5,478.4986265
C0,521821740.0,521.82174
B1,97760485.0,97.760485
B0,676160393.0,676.160393
C1,232028452.5,232.0284525
B0,53906356.0,53.906356
C1,206527545.0,206.527545
C1,332652331.0,332.652331
B1,345152505.0,345.152505
C1,251868850.0,251.86885
B1,442598256.0,442.598256
B0,61585730.0,61.58573
C0,414986320.5,414.9863205
B1,54577114.5,54.5771145
C0,55192607.0,55.192607
B1,53943505.0,53.943505
C1,235826223.0,235.826223
B0,55577941.5,55.5779415
B1,60256539.5,60.2565395
C0,53761754.0,53.761754
B0,390816545.5,390.8165455
C0,376186783.0,376.186783
C1,294605686.5,294.6056865
B1,52080413.0,52.080413
B0,373509645.5,373.5096455
C0,328384722.0,328.384722
C1,303300581.5,303.3005815
C1,56911855.5,56.9118555
C1,379998614.0,379.998614
B0,304488427.5,304.4884275
C1,171127128.0,171.127128
C1,373974259.0,373.974259
B0,200469340.5,200.4693405
C1,196199929.5,196.1999295
C0,234912445.5,234.9124455
C0,56056527.5,56.0565275
C0,197338609.0,197.338609
C0,210022076.0,210.022076
B0,57335208.5,57.3352085
B1,210552609.0,210.552609
C0,377897975.5,377.8979755
C0,347243865.5,347.2438655
C1,57668088.5,57.6680885
B0,399921361.0,399.921361
B0,195482468.0,195.482468
B1,55513312.5,55.5133125
C0,392014948.5,392.0149485
C1,194831701.0,194.831701
B1,228137519.0,228.137519
C1,426744968.5,426.7449685
B1,420545915.0,420.545915
B0,327680328.5,327.6803285
C0,64592930.5,64.5929305
B1,204264874.0,204.264874
B1,190457764.5,190.4577645
B0,54440078.0,54.440078
C0,58029758.0,58.029758
B1,53819785.0,53.819785
C0,57066340.0,57.06634
C1,221540787.0,221.540787
C1,389327552.5,389.3275525
C1,227105419.5,227.1054195
C1,70216819.0,70.216819
B0,366016392.0,366.016392
B0,136062111.0,136.062111
C1,58483865.5,58.4838655
B1,195054513.0,195.054513
B0,376315558.0,376.315558
B1,62654634.5,62.6546345
C1,361224303.0,361.224303
C0,191773889.5,191.7738895
B0,344750411.0,344.750411
B1,231177902.5,231.1779025
B0,321591289.5,321.5912895
B0,240771109.0,240.771109
B0,314269569.5,314.2695695
B1,55983812.5,55.9838125
B0,195232099.5,195.2320995
B1,350833063.0,350.833063
B1,309738443.5,309.7384435
B0,208653105.0,208.653105
B0,54360252.0,54.360252
C0,419225061.5,419.2250615
C1,57623703.5,57.6237035
B1,59026236.5,59.0262365
C1,56083010.0,56.08301
C0,348558238.5,348.5582385
C0,225614346.0,225.614346
B1,54151451.0,54.151451
C1,349924287.0,349.924287
B0,322599408.5,322.5994085
B0,312500656.0,312.500656
C1,414163736.5,414.1637365
B0,214711595.5,214.7115955
B0,410436661.5,410.4366615
B1,227830683.0,227.830683
B0,368233979.0,368.233979
C1,55231462.5,55.2314625
B1,360263747.5,360.2637475
C1,174804285.5,174.8042855
C0,335553607.0,335.553607
C1,233543369.0,233.543369
B0,363347796.0,363.347796
B1,65905314.5,65.9053145
B0,372731931.5,372.7319315
B1,53369921.0,53.369921
C1,54793662.0,54.793662
C0,57525553.0,57.525553
C0,330760825.5,330.7608255
C1,54696022.0,54.696022
B0,227755995.5,227.7559955
B0,203884262.0,203.884262
C1,60355569.0,60.355569
C1,74911070.0,74.91107
B0,62247404.0,62.247404
B1,379030976.5,379.0309765
B0,428014633.5,428.0146335
B0,60529081.5,60.5290815
B0,212785862.5,212.7858625
B0,208503044.0,208.503044
B0,253845312.0,253.845312
B0,52892208.0,52.892208
B0,167274431.0,167.274431
B1,188066239.0,188.066239
C0,282904385.0,282.904385
B1,236469418.5,236.4694185
C0,51364831.0,51.364831
C1,60413401.0,60.413401
B0,53639945.0,53.639945
C1,456131159.0,456.131159
B1,361452129.0,361.452129
C1,204596480.5,204.5964805
B1,305744381.0,305.744381
C0,228117190.5,228.1171905
B1,362455852.5,362.4558525
B0,53767589.5,53.7675895
C0,54734055.0,54.734055
C0,204703492.0,204.703492
C0,202277884.5,202.2778845
C1,51942158.5,51.9421585
C0,52709250.0,52.70925
B1,144075691.5,144.0756915
C0,353001777.5,353.0017775
B0,357416859.5,357.4168595
C0,53508900.5,53.5089005
B1,200100695.5,200.1006955
C0,183280861.5,183.2808615
C0,185315994.5,185.3159945
C1,334492370.5,334.4923705
B0,57749174.5,57.7491745
B0,198427610.5,198.4276105
C0,53565565.0,53.565565
B1,228053745.5,228.0537455
B1,207379994.5,207.3799945
B1,56183365.0,56.183365
C1,59011580.5,59.0115805
B1,327542573.0,327.542573
B0,132205848.5,132.2058485
B1,330637377.0,330.637377
C0,52328985.0,52.328985
B0,56680987.5,56.6809875
C1,362459427.5,362.4594275
B1,189370889.5,189.3708895
B0,200422438.5,200.4224385
B0,237699690.0,237.69969
B0,356849655.5,356.8496555
B1,350625560.5,350.6255605
C1,196465808.5,196.4658085
B0,198697755.0,198.697755
B1,420087517.0,420.087517
B0,56527501.0,56.527501
C0,64997012.0,64.997012
B0,353106381.0,353.106381
B1,54534008.0,54.534008
B1,74055117.0,74.055117
B1,51619643.5,51.6196435
C1,169592828.0,169.592828
C0,195328494.5,195.3284945
B0,232232777.0,232.232777
B1,382473290.5,382.4732905
B0,229271910.0,229.27191
C0,52518002.0,52.518002
B1,334702675.0,334.702675
C1,53602674.5,53.6026745
C0,52647301.0,52.647301
C1,53557720.0,53.55772
C0,426433137.0,426.433137
C0,242186710.5,242.1867105
B0,415625535.0,415.625535
B1,58769576.5,58.7695765
B1,55006079.5,55.0060795
B1,183680950.5,183.6809505
B0,328817872.0,328.817872
C1,219679250.0,219.67925
C0,383485504.5,383.4855045
B1,65371678.5,65.3716785
C1,208539587.5,208.5395875
B1,310925183.0,310.925183
C0,204697326.0,204.697326
B0,51431978.0,51.431978
B1,190915493.0,190.915493
B1,206057198.0,206.057198
B1,182118704.0,182.118704
C0,450722847.5,450.7228475
B1,201652161.0,201.652161
B1,250762760.5,250.7627605
B1,163077495.0,163.077495
B0,54724186.0,54.724186
C0,231262574.0,231.262574
C1,391031142.0,391.031142
C1,55250177.5,55.2501775
B1,419233355.0,419.233355
C1,51475714.0,51.475714
B0,53661192.5,53.6611925
B1,344269250.5,344.2692505
B0,57155369.0,57.155369
B0,58809652.0,58.809652
C0,400314266.5,400.3142665
C1,241556583.5,241.5565835
B0,330761693.0,330.761693
C1,52189564.5,52.1895645
C0,53051502.0,53.051502
B0,60644159.5,60.6441595
C1,236481459.5,236.4814595
C1,199687386.5,199.6873865
C1,261427148.0,261.427148
B0,71082258.5,71.0822585
C1,322835266.5,322.8352665
C0,52117883.0,52.117883
B0,404703573.5,404.7035735
B1,52653494.0,52.653494
C1,319213001.0,319.213001
C0,415474979.5,415.4749795
C0,52214840.0,52.21484
C0,314559337.5,314.5593375
C1,353215381.5,353.2153815
B1,227968327.5,227.9683275
C1,193928234.0,193.928234
C1,363298004.0,363.298004
C0,349066111.5,349.0661115
C0,200690653.0,200.690653
C0,217677724.5,217.6777245
C1,54508248.0,54.508248
C0,57030504.5,57.0305045
C1,208661718.0,208.661718
C0,195453564.5,195.4535645
C1,169510241.5,169.5102415
C0,229029867.0,229.029867
C1,190657027.0,190.657027
C0,54118351.5,54.1183515
B1,333939726.5,333.9397265
C0,384636522.5,384.6365225
B0,51472189.5,51.4721895
C1,434709744.5,434.7097445
C1,372928911.0,372.928911
C1,64103565.5,64.1035655
C1,207861246.5,207.8612465
B1,63762850.5,63.7628505
B0,59469908.5,59.4699085
B1,490207146.0,490.207146
B0,208400248.5,208.4002485
C1,200979038.5,200.9790385
C1,58605135.5,58.6051355
C1,59577003.5,59.5770035
C1,61572084.0,61.572084
B1,224430808.0,224.430808
B0,256657686.5,256.6576865
B0,357890541.5,357.8905415
C1,58612317.5,58.6123175
C0,372192306.0,372.192306
C0,57322379.0,57.322379
C0,58890562.5,58.8905625
C1,480222120.0,480.22212
B1,206481398.0,206.481398
C0,439846244.5,439.8462445
C0,177727738.5,177.7277385
C0,196911016.0,196.911016
C0,379355907.0,379.355907
B0,310797410.0,310.79741
C1,53516672.0,53.516672
B1,53286712.5,53.2867125
B0,51357012.0,51.357012
C1,263794024.5,263.7940245
B0,336442333.5,336.4423335
B0,54198431.0,54.198431
C0,53700275.5,53.7002755
B1,66203571.5,66.2035715
C0,308136270.0,308.13627
B1,211551025.5,211.5510255
C1,182640950.0,182.64095
B0,314448938.0,314.448938
C1,386976471.0,386.976471
C0,396600032.5,396.6000325
B1,386802508.5,386.8025085
B1,427815595.0,427.815595
C1,348307398.5,348.3073985
C0,190278028.0,190.278028
B0,202586208.0,202.586208
B0,362722050.0,362.72205
C0,412015862.5,412.0158625
C0,169290610.0,169.29061
C1,295891901.0,295.891901
C0,53572206.5,53.5722065
B0,224590169.5,224.5901695
B1,319652374.0,319.652374
B1,244147861.0,244.147861
B0,216409139.5,216.4091395
B1,68771703.5,68.7717035
C0,164308228.0,164.308228
B1,50960147.0,50.960147
C1,204372250.5,204.3722505
B1,178305922.0,178.305922
C1,294859516.0,294.859516
C1,260441357.5,260.4413575
B0,50307284.5,50.3072845
C1,52665176.5,52.6651765
C0,206331006.5,206.3310065
C0,55938918.0,55.938918
B0,204210809.5,204.2108095
B1,51663757.5,51.6637575
B0,172081240.0,172.08124
B0,55190550.0,55.19055
C0,345601916.5,345.6019165
B1,55045363.0,55.045363
C0,305274514.0,305.274514
C1,196758381.0,196.758381
C1,233162876.0,233.162876
B1,267088023.0,267.088023
C0,252371894.0,252.371894
B0,385944737.5,385.9447375
B1,193306664.5,193.3066645
C1,176256499.0,176.256499
B1,59356662.5,59.3566625
C0,217160914.0,217.160914
C1,242731376.5,242.7313765
B1,54383328.5,54.3833285
B1,168224610.0,168.22461
C1,331865239.0,331.865239
B0,385717435.0,385.717435
B1,59139711.5,59.1397115
C1,51968543.5,51.9685435
C1,68295077.5,68.2950775
C1,322786017.5,322.7860175
B1,55053718.0,55.053718
C1,344318147.5,344.3181475
C0,183109257.0,183.109257
C0,54012567.0,54.012567
C1,353119285.5,353.1192855
B0,401068933.5,401.0689335
B0,65897618.0,65.897618
B1,53634239.0,53.634239
C0,51462987.0,51.462987
B0,368678527.0,368.678527
B0,236367233.0,236.367233
C0,52938177.5,52.9381775
C1,338515218.0,338.515218
B0,183433382.5,183.4333825
B1,381803743.0,381.803743
B1,380777810.0,380.77781
B1,359851957.5,359.8519575
B0,238917819.5,238.9178195
C0,366939708.0,366.939708
B1,205609587.0,205.609587
C0,220200943.0,220.200943
B1,70671403.5,70.6714035
B0,50338280.5,50.3382805
B1,313474641.5,313.4746415
C0,203121166.0,203.121166
B1,409804284.0,409.804284
B0,52020877.0,52.020877
B1,67780985.0,67.780985
C1,57980694.5,57.9806945
C0,401366437.5,401.3664375
B1,326183794.0,326.183794
C0,54967005.0,54.967005
B1,366650957.0,366.650957
C0,53571839.5,53.5718395
C0,194640539.5,194.6405395
B0,52685520.5,52.6855205
C1,215859815.5,215.8598155
C1,198946209.5,198.9462095
B1,65800399.0,65.800399
B0,331491504.5,331.4915045
C0,51968884.0,51.968884
B0,397834368.5,397.8343685
B0,195487118.5,195.4871185
C1,283242803.5,283.2428035
C0,337284499.5,337.2844995
B1,234623434.5,234.6234345
B1,53301570.5,53.3015705
B0,203621949.0,203.621949
C1,339998590.0,339.99859
C1,409535201.5,409.5352015
B0,240360178.0,240.360178
B1,53830439.5,53.8304395
C1,376974524.0,376.974524
C1,420325443.5,420.3254435
B0,166131294.0,166.131294
B1,295217368.0,295.217368
C1,60461642.0,60.461642
C1,185338763.0,185.338763
C1,50664988.0,50.664988
C0,325464878.0,325.464878
B0,380735942.5,380.7359425
C0,363602046.5,363.6020465
B1,195330901.0,195.330901
C1,313650319.0,313.650319
B0,223491120.5,223.4911205
B0,52487084.5,52.4870845
B0,330269651.5,330.2696515
B0,391241858.5,391.2418585
C1,51814998.0,51.814998
C0,181556158.5,181.5561585
B0,436036698.0,436.036698
C0,306605645.5,306.6056455
B0,55354703.0,55.354703
B1,292833345.0,292.833345
C0,52212073.5,52.2120735
C0,362216936.5,362.2169365
C0,174609119.0,174.609119
B1,57501812.5,57.5018125
B0,340774192.5,340.7741925
B0,53463038.5,53.4630385
C1,51792985.0,51.792985
C1,220416671.0,220.416671
B0,172179700.0,172.1797
C1,208263221.5,208.2632215
C0,223926034.0,223.926034
C0,51877060.5,51.8770605
B0,52449654.0,52.449654
B0,51268522.5,51.2685225
C1,203770024.0,203.770024
B0,151158507.5,151.1585075
C0,197474996.5,197.4749965
C0,206165624.0,206.165624
C0,356844022.0,356.844022
C0,412584934.0,412.584934
C1,221160882.5,221.1608825
C0,314499075.0,314.499075
C1,353106142.5,353.1061425
C0,61560615.5,61.5606155
C1,214491474.0,214.491474
B0,192551605.0,192.551605
C0,436068510.0,436.06851
C1,52464293.5,52.4642935
B0,503934381.0,503.934381
B1,175987537.0,175.987537
C1,313897647.5,313.8976475
B1,240305581.0,240.305581
B0,266111091.0,266.111091
B1,187370865.5,187.3708655
C1,59178369.5,59.1783695
C0,231974830.5,231.9748305
C1,56723328.5,56.7233285
C1,403779101.0,403.779101
C0,224087608.0,224.087608
B1,59300354.5,59.3003545
B1,244757995.0,244.757995
C1,287788821.0,287.788821
C0,582811724.0,582.811724
B1,82524588.5,82.5245885
B1,334741108.5,334.7411085
B0,98129679.5,98.1296795
C0,77949315.5,77.9493155
B1,75615780.0,75.61578
B0,449572323.5,449.5723235
C0,242621949.0,242.621949
B0,80581816.5,80.5818165
B0,314897176.5,314.8971765
C1,340323627.5,340.3236275
B1,321275720.0,321.27572
B1,87238646.5,87.2386465
B1,542380976.0,542.380976
C0,81211195.5,81.2111955
C0,521918952.0,521.918952
C0,530305322.5,530.3053225
C0,596638615.5,596.6386155
C0,80280052.0,80.280052
C0,501064430.5,501.0644305
C1,81732618.5,81.7326185
C1,70150221.0,70.150221
C1,188297581.5,188.2975815
C1,281047088.0,281.047088
B0,281551971.5,281.5519715
B1,486018519.0,486.018519
C1,85680616.5,85.6806165
C1,530934108.0,530.934108
B1,247700198.5,247.7001985
B0,236113818.0,236.113818
B0,582092618.5,582.0926185
B1,241472373.5,241.4723735
C0,372657806.5,372.6578065
C1,440062584.5,440.0625845
C1,66832560.0,66.83256
B1,67330038.0,67.330038
C1,224962875.5,224.9628755
C0,74087175.0,74.087175
B0,410267766.5,410.2677665
C1,58546883.5,58.5468835
C0,200998105.5,200.9981055
C0,262473086.0,262.473086
C1,78772774.0,78.772774
C0,81964279.0,81.964279
B1,185121457.0,185.121457
B1,239408980.0,239.40898
C0,264179810.5,264.1798105
B1,323930215.5,323.9302155
B0,116708638.0,116.708638
B1,473218591.0,473.218591
C0,266230365.5,266.2303655
B1,405181014.0,405.181014
B0,381675036.0,381.675036
C1,60642714.0,60.642714
B0,327158414.0,327.158414
B0,51574358.5,51.5743585
C1,209303762.5,209.3037625
B0,260500672.0,260.500672
B0,196417873.5,196.4178735
C0,199147734.5,199.1477345
C0,373050249.5,373.0502495
B0,55594628.5,55.5946285
B1,54906242.0,54.906242
C1,227348201.0,227.348201
C1,396909227.5,396.9092275
B1,63546290.5,63.5462905
B1,331407487.5,331.4074875
C0,320358011.5,320.3580115
C0,320236655.0,320.236655
C0,157030776.0,157.030776
C1,351296365.0,351.296365
B1,179068359.5,179.0683595
B1,305901347.5,305.9013475
C1,353237315.0,353.237315
B0,322116704.0,322.116704
B0,369657869.0,369.657869
B1,231276856.0,231.276856
C1,232630146.5,232.6301465
C1,345335827.5,345.3358275
C0,204394515.0,204.394515
C0,363768070.5,363.7680705
C0,165667628.5,165.6676285
B1,214060774.5,214.0607745
C0,213887263.5,213.8872635
B1,58243781.5,58.2437815
C0,353419990.0,353.41999
B0,328731010.5,328.7310105
B1,388675021.0,388.675021
B1,55372196.5,55.3721965
C1,288034930.5,288.0349305
B0,88099355.0,88.099355
B0,101497849.5,101.4978495
B1,81942272.5,81.9422725
B1,372348296.0,372.348296
C1,297000372.0,297.000372
C1,306508858.5,306.5088585
B1,284488847.0,284.488847
C1,202102727.5,202.1027275
C0,89685309.5,89.6853095
C1,521425108.0,521.425108
B0,77811519.0,77.811519
C1,80202351.0,80.202351
B0,77879520.0,77.87952
B0,243943354.0,243.943354
B1,78737850.5,78.7378505
C1,77145215.5,77.1452155
C1,297062050.0,297.06205
B1,593132498.0,593.132498
B0,502916738.0,502.916738
B0,281451680.0,281.45168
B1,534395062.0,534.395062
B0,547428478.0,547.428478
B0,55884100.5,55.8841005
B1,377196334.0,377.196334
C1,423041950.0,423.04195
B1,104479359.5,104.4793595
B1,495142777.0,495.142777
B0,245542492.5,245.5424925
B1,423634551.0,423.634551
C0,467310735.0,467.310735
C1,77385158.0,77.385158
C0,73828068.5,73.8280685
B1,75818157.0,75.818157
B1,604519505.5,604.5195055
B0,269178395.0,269.178395
C0,583982268.0,583.982268
B0,78631434.5,78.6314345
B1,72644980.5,72.6449805
C0,534747646.5,534.7476465
C0,82355039.0,82.355039
C1,506412081.5,506.4120815
B0,79171720.0,79.17172
C1,506143927.5,506.1439275
C0,244318297.5,244.3182975
B0,76493632.0,76.493632
B1,75017603.5,75.0176035
B0,77669633.5,77.6696335
B0,83143776.5,83.1437765
C0,76713004.5,76.7130045
C0,493588761.5,493.5887615
B1,410445008.0,410.445008
B1,77384955.5,77.3849555
B0,537000308.0,537.000308
C0,80728925.0,80.728925
C1,427493297.5,427.4932975
B1,458295339.5,458.2953395
B0,508534919.5,508.5349195
C0,263184668.0,263.184668
B1,530948235.0,530.948235
B0,75814232.5,75.8142325
C0,75857825.5,75.8578255
B1,252727330.0,252.72733
B0,509236816.0,509.236816
B0,76669698.0,76.669698
B1,78146582.0,78.146582
B1,540078119.0,540.078119
C0,75862154.0,75.862154
B1,78440968.5,78.4409685
C0,460283521.5,460.2835215
B0,519394487.0,519.394487
C0,463985373.0,463.985373
B0,270772988.0,270.772988
B0,245050702.0,245.050702
B0,280793247.0,280.793247
B1,496090733.5,496.0907335
B0,76174616.5,76.1746165
B1,342256528.5,342.2565285
B0,256225337.0,256.225337
B1,278603142.0,278.603142
B0,86067848.5,86.0678485
C0,82004543.0,82.004543
B0,544784724.5,544.7847245
C1,517954678.0,517.954678
C0,54606855.0,54.606855
B1,357618232.0,357.618232
C1,460089955.5,460.0899555
C0,190786849.5,190.7868495
C0,343766033.5,343.7660335
C1,179225837.0,179.225837
B0,56066744.5,56.0667445
C1,338589909.0,338.589909
C1,53316123.0,53.316123
B0,208045445.0,208.045445
C1,356552324.0,356.552324
C1,54976574.0,54.976574
B0,78264444.0,78.264444
C1,398390408.5,398.3904085
B1,54563575.0,54.563575
B1,229659344.5,229.6593445
B0,220839488.5,220.8394885
B1,367697903.0,367.697903
B0,368906276.0,368.906276
B1,536963268.0,536.963268
C1,470869980.0,470.86998
B0,414043530.5,414.0435305
B0,385501882.5,385.5018825
B1,397412314.5,397.4123145
B0,61012435.0,61.012435
B1,225281253.0,225.281253
B0,617481778.0,617.481778
C0,252579272.5,252.5792725
C0,98476522.0,98.476522
B0,249750955.0,249.750955
B0,390154668.0,390.154668
B0,600507933.0,600.507933
C1,497586120.5,497.5861205
C1,317469185.5,317.4691855
C1,70295662.0,70.295662
B1,273285421.0,273.285421
C1,233332002.5,233.3320025
C1,561354346.0,561.354346
C0,275719310.0,275.71931
B1,416011335.5,416.0113355
C0,274945065.0,274.945065
B1,70769663.5,70.7696635
C0,83856296.0,83.856296
C1,298673492.5,298.6734925
C0,388789704.0,388.789704
B1,239719216.0,239.719216
C0,309088227.0,309.088227
C1,402271415.5,402.2714155
C0,58756493.5,58.7564935
C0,55405187.0,55.405187
B0,215057163.0,215.057163
C1,358293754.5,358.2937545
C1,52157750.0,52.15775
C1,59137979.5,59.1379795
C0,192139242.0,192.139242
B0,365565395.0,365.565395
C0,335620160.0,335.62016
B1,398861622.0,398.861622
C1,459133079.0,459.133079
B1,61373768.5,61.3737685
B0,393967327.5,393.9673275
C0,55539913.5,55.5399135
B1,584296897.0,584.296897
B1,262690286.5,262.6902865
C1,62660560.0,62.66056
C1,62597880.5,62.5978805
C1,404044235.5,404.0442355
B1,69672491.0,69.672491
B1,68020049.0,68.020049
B0,276369007.0,276.369007
B1,485388784.0,485.388784
C0,59135184.5,59.1351845
B1,69324024.5,69.3240245
C0,225145728.5,225.1457285
B1,318994711.5,318.9947115
C1,69813275.5,69.8132755
B0,270404232.5,270.4042325
C1,332217834.0,332.217834
C1,61704257.5,61.7042575
C0,267222843.0,267.222843
C0,419619373.5,419.6193735
C0,241374894.5,241.3748945
B0,289058761.5,289.0587615
C0,330947020.0,330.94702
B1,506683951.5,506.6839515
C1,394443676.0,394.443676
C0,91322976.0,91.322976
B0,96594456.5,96.5944565
C0,94174430.5,94.1744305
C1,77268783.0,77.268783
B0,498265081.0,498.265081
B0,223858272.5,223.8582725
C1,329666384.5,329.6663845
C0,81354367.0,81.354367
B0,239974807.0,239.974807
B1,283571329.5,283.5713295
B1,86379336.5,86.3793365
C0,577773465.5,577.7734655
C1,320355337.5,320.3553375
C1,437581227.0,437.581227
C1,67391244.5,67.3912445
B1,68427752.0,68.427752
C1,88394818.0,88.394818
C1,85493571.5,85.4935715
B0,311051002.5,311.0510025
C0,106933134.5,106.9331345
B1,176263570.0,176.26357
C0,228361970.5,228.3619705
C0,92843898.5,92.8438985
C1,462751072.5,462.7510725
B0,59058128.5,59.0581285
B0,505704890.5,505.7048905
B0,301515869.5,301.5158695
B0,60292363.0,60.292363
C1,77722345.0,77.722345
B1,503376350.5,503.3763505
C1,286214304.0,286.214304
C0,264308864.0,264.308864
B0,73222782.0,73.222782
C0,558983948.5,558.9839485
B1,315457738.0,315.457738
C1,71072501.0,71.072501
B0,83758806.0,83.758806
B0,375177288.5,375.1772885
C0,575899897.0,575.899897
C1,383072782.5,383.0727825
C1,722524585.0,722.524585
C0,377761374.5,377.7613745
C0,379914478.0,379.914478
B0,369515255.0,369.515255
B0,345633367.0,345.633367
C0,331285259.5,331.2852595
B0,299718946.0,299.718946
B0,103962317.5,103.9623175
B0,321065656.0,321.065656
B1,89521840.0,89.52184
B0,95229840.5,95.2298405
C0,91522132.5,91.5221325
B1,107808651.5,107.8086515
B1,288520947.5,288.5209475
B0,663011693.5,663.0116935
B1,95986972.5,95.9869725
C0,81345792.5,81.3457925
C1,116034800.5,116.0348005
C0,88594243.5,88.5942435
B0,291903549.0,291.903549
B0,570231584.0,570.231584
B0,317952068.5,317.9520685
C0,708531508.5,708.5315085
B1,88848105.5,88.8481055
B0,590611662.5,590.6116625
B0,704196421.5,704.1964215
C0,593610585.5,593.6105855
B0,310320200.5,310.3202005
B1,104264784.0,104.264784
C1,87036519.5,87.0365195
B0,88707914.0,88.707914
B0,345970529.5,345.9705295
C0,573961024.0,573.961024
C0,322582956.0,322.582956
B1,251667327.5,251.6673275
B1,307670115.0,307.670115
B0,306971530.0,306.97153
C0,322903487.0,322.903487
B0,545832233.5,545.8322335
C1,85034583.0,85.034583
C1,257961476.0,257.961476
B1,88869602.5,88.8696025
B0,367498712.0,367.498712
B1,83343134.5,83.3431345
B1,573711351.5,573.7113515
C0,85306308.0,85.306308
C0,639666234.5,639.6662345
B0,333277199.0,333.277199
B1,311850243.5,311.8502435
B0,86887643.5,86.8876435
C1,93334015.0,93.334015
C0,85831966.5,85.8319665
B1,330291921.0,330.291921
B0,78100148.0,78.100148
B0,93994753.0,93.994753
C0,88180899.0,88.180899
C0,460920840.0,460.92084
C1,348556757.0,348.556757
C1,99468735.5,99.4687355
B0,814314794.5,814.3147945
B1,674803568.0,674.803568
C0,99488178.0,99.488178
B1,83959850.0,83.95985
B1,611821689.5,611.8216895
C1,85478934.0,85.478934
C1,336256445.0,336.256445
C1,309049029.0,309.049029
C1,592226935.0,592.226935
B0,624234697.0,624.234697
B0,366474571.5,366.4745715
B0,130545827.5,130.5458275
C0,420729937.5,420.7299375
B0,620739001.0,620.739001
B1,631254007.0,631.254007
C0,91773589.0,91.773589
B1,583038068.5,583.0380685
C0,678671593.0,678.671593
B1,361443805.0,361.443805
C1,567246685.5,567.2466855
C1,328891195.5,328.8911955
C1,339427355.0,339.427355
B0,537184321.0,537.184321
B1,83259008.5,83.2590085
B1,82644793.5,82.6447935
B0,285155833.0,285.155833
C0,78231417.5,78.2314175
C0,308634617.5,308.6346175
C0,308354504.0,308.354504
C1,80542823.0,80.542823
B0,85361350.5,85.3613505
C0,337949825.5,337.9498255
B0,80461780.5,80.4617805
B0,324390888.0,324.390888
C1,81982463.5,81.9824635
B0,340354684.0,340.354684
B1,353060343.5,353.0603435
B1,96164488.0,96.164488
B1,383282377.0,383.282377
C0,718276507.0,718.276507
B0,97841041.5,97.8410415
C1,738905528.0,738.905528
B0,274153640.5,274.1536405
B0,695146457.5,695.1464575
B0,92160548.5,92.1605485
B0,294588493.5,294.5884935
C0,321191839.5,321.1918395
C1,579643548.0,579.643548
C0,277526977.0,277.526977
B1,489622164.0,489.622164
C0,85608296.0,85.608296
C0,580643949.0,580.643949
B0,286445893.0,286.445893
B0,87365993.5,87.3659935
B0,315253035.0,315.253035
C0,82614807.5,82.6148075
B1,82921026.5,82.9210265
B0,531152234.5,531.1522345
C1,380139244.0,380.139244
B0,297987298.0,297.987298
B0,89958579.0,89.958579
C1,85829405.5,85.8294055
B1,283363203.5,283.3632035
B1,269853894.5,269.8538945
C0,597473076.0,597.473076
C1,553312916.5,553.3129165
B0,505944265.5,505.9442655
C1,733256999.0,733.256999
B0,105820506.0,105.820506
B0,661299880.0,661.29988
B0,495935531.5,495.9355315
C0,544522312.0,544.522312
B1,612541898.5,612.5418985
C1,278155966.5,278.1559665
B1,90181611.5,90.1816115
B1,399881777.0,399.881777
C1,89430231.5,89.4302315
B0,620799445.5,620.7994455
C1,312099549.0,312.099549
C1,90458788.5,90.4587885
B0,485296526.0,485.296526
C1,321552303.0,321.552303
B1,88486677.0,88.486677
B1,536577163.5,536.5771635
B0,321885642.5,321.8856425
C0,700183384.0,700.183384
C1,613722261.0,613.722261
C0,88174215.0,88.174215
B1,420927790.0,420.92779
B1,371907719.5,371.9077195
C1,321523882.0,321.523882
B0,638849069.0,638.849069
C0,610973691.0,610.973691
C0,567424780.5,567.4247805
C1,93405475.0,93.405475
C0,99994106.0,99.994106
B1,90549842.0,90.549842
B1,548474959.0,548.474959
C0,332857891.5,332.8578915
C1,584174343.5,584.1743435
C1,526935739.5,526.9357395
C1,570511734.0,570.511734
C0,98783227.0,98.783227
C1,624170623.0,624.170623
C1,102641478.5,102.6414785
C1,527389902.5,527.3899025
B0,619947041.0,619.947041
C1,89013713.5,89.0137135
C0,577706603.0,577.706603
C1,103644920.0,103.64492
C0,359290786.0,359.290786
B0,382434083.0,382.434083
C1,673107553.0,673.107553
B1,90648051.5,90.6480515
C1,570357291.0,570.357291
C1,624928896.5,624.9288965
B0,528610651.5,528.6106515
C1,374005592.0,374.005592
B1,547480878.5,547.4808785
B1,101152270.0,101.15227
C0,87235180.5,87.2351805
C1,645566713.5,645.5667135
C1,376847033.0,376.847033
C1,95635483.5,95.6354835
B1,400126025.0,400.126025
C1,95885088.0,95.885088
B1,656994691.5,656.9946915
C0,656266524.5,656.2665245
B1,323093457.5,323.0934575
B1,314427744.5,314.4277445
B1,591988796.0,591.988796
C1,389827610.0,389.82761
C1,600311492.5,600.3114925
B0,81521523.0,81.521523
B1,619134009.0,619.134009
B0,111833954.0,111.833954
B1,413262410.5,413.2624105
B1,319579084.5,319.5790845
B0,73758402.5,73.7584025
B0,562836309.0,562.836309
B0,280521398.0,280.521398
B1,573972212.0,573.972212
C0,283164497.5,283.1644975
C0,442070179.5,442.0701795
B0,618090224.5,618.0902245
C0,89773352.5,89.7733525
C0,507416785.5,507.4167855
B0,529604691.0,529.604691
B1,308012753.0,308.012753
C0,306884291.5,306.8842915
C1,712079653.0,712.079653
B0,602503690.5,602.5036905
C0,606529519.0,606.529519
B1,559674739.5,559.6747395
B1,88035284.0,88.035284
C1,88601359.0,88.601359
C1,82777440.0,82.77744
B1,517588659.5,517.5886595
C0,82762773.5,82.7627735
C1,552735812.0,552.735812
B0,552318219.5,552.3182195
B1,324534346.5,324.5343465
B0,546459979.0,546.459979
B1,304254270.0,304.25427
C1,264153098.0,264.153098
B0,79705529.0,79.705529
C0,564944713.0,564.944713
B1,568737013.0,568.737013
B1,335999923.0,335.999923
B1,497629744.5,497.6297445
B1,697649427.5,697.6494275
C1,565694780.5,565.6947805
C0,569947287.5,569.9472875
C0,96296284.0,96.296284
C1,329945465.0,329.945465
B1,310511621.0,310.511621
C0,337243929.0,337.243929
B0,90009411.5,90.0094115
B0,92956735.5,92.9567355
B1,286988157.0,286.988157
B1,640050122.5,640.0501225
C1,676680512.0,676.680512
C1,76128103.0,76.128103
C0,469865492.5,469.8654925
B1,81337955.0,81.337955
B1,522569222.5,522.5692225
C0,85791560.0,85.79156
C0,88914767.5,88.9147675
B0,83879010.5,83.8790105
C0,335924827.0,335.924827
C1,85015327.0,85.015327
B0,81314458.0,81.314458
C0,82391499.0,82.391499
C0,87432139.0,87.432139
C1,354670370.0,354.67037
C0,354539237.5,354.5392375
B1,557073335.0,557.073335
B1,87650919.0,87.650919
B0,349789651.0,349.789651
C1,226975639.5,226.9756395
C0,96348373.5,96.3483735
C1,312276481.0,312.276481
C0,85748053.0,85.748053
C1,338530408.5,338.5304085
C0,332527487.0,332.527487
C1,515705359.0,515.705359
C0,72738206.0,72.738206
C1,91214873.0,91.214873
B1,90656779.0,90.656779
B1,83426161.0,83.426161
B1,96748237.5,96.7482375
C1,552162649.5,552.1626495
B0,74359473.0,74.359473
B1,88286833.5,88.2868335
C0,690363322.0,690.363322
B1,510482067.0,510.482067
C1,272713178.5,272.7131785
B1,277117296.5,277.1172965
C0,78335663.0,78.335663
B1,78522948.5,78.5229485
C0,233739591.5,233.7395915
C1,376363061.5,376.3630615
B0,448465299.5,448.4652995
B0,470170777.5,470.1707775
C0,365190914.5,365.1909145
B1,352185088.5,352.1850885
B1,364650190.5,364.6501905
C0,254367141.5,254.3671415
C0,254829233.5,254.8292335
C0,443230951.0,443.230951
C1,400805714.5,400.8057145
B1,51238859.5,51.2388595
C1,195094967.0,195.094967
C0,216127542.5,216.1275425
C0,165985581.5,165.9855815
C0,51771634.0,51.771634
C1,272815558.0,272.815558
C1,156155870.0,156.15587
C1,78338253.0,78.338253
C1,52458421.0,52.458421
C0,466923343.5,466.9233435
B1,59180269.5,59.1802695
B1,302056850.0,302.05685
C1,411492323.0,411.492323
C1,281809453.5,281.8094535
B0,99905488.5,99.9054885
C0,533224852.5,533.2248525
C1,87812115.5,87.8121155
B1,307707794.0,307.707794
C0,249813348.0,249.813348
B0,508659003.5,508.6590035
C1,74881237.5,74.8812375
C1,371475414.5,371.4754145
C1,533780296.5,533.7802965
C0,632223585.0,632.223585
B1,649133167.5,649.1331675
B0,328246550.5,328.2465505
C0,353254399.5,353.2543995
B0,549111705.0,549.111705
C0,585968849.0,585.968849
C0,90895161.5,90.8951615
C0,548043223.5,548.0432235
B0,353118452.5,353.1184525
C0,634484814.0,634.484814
C0,105146243.5,105.1462435
B1,622243688.5,622.2436885
B0,432327921.5,432.3279215
B0,789371666.0,789.371666
B0,375409257.0,375.409257
C0,343915909.5,343.9159095
B0,532349093.0,532.349093
C1,322195274.5,322.1952745
B1,97543491.5,97.5434915
B0,86912276.5,86.9122765
C0,562359756.0,562.359756
C1,92839866.5,92.8398665
C1,347343281.0,347.343281
C0,308870746.0,308.870746
B0,509586711.0,509.586711
C1,376546732.5,376.5467325
B0,92341337.5,92.3413375
C1,82935209.5,82.9352095
B0,90450448.0,90.450448
C1,570910577.0,570.910577
B0,90997656.0,90.997656
B1,358112968.0,358.112968
C1,111547628.0,111.547628
C1,605230021.0,605.230021
B1,583783222.5,583.7832225
C0,324293407.5,324.2934075
B0,602088127.0,602.088127
C1,329360365.5,329.3603655
B1,535506289.0,535.506289
C0,85534560.5,85.5345605
B0,328981047.5,328.9810475
C1,362346241.5,362.3462415
B1,84758990.0,84.75899
B1,96357603.0,96.357603
C1,92119586.0,92.119586
C0,351659936.0,351.659936
C0,325004702.5,325.0047025
B1,87720880.5,87.7208805
C1,650343544.5,650.3435445
B0,644000189.5,644.0001895
C0,290985215.5,290.9852155
B1,89409004.5,89.4090045
B1,90414573.5,90.4145735
C0,89450811.0,89.450811
B1,87836524.5,87.8365245
C0,94883641.0,94.883641
B0,589216426.5,589.2164265
C1,350808878.0,350.808878
B1,575454028.0,575.454028
C1,81343002.5,81.3430025
B0,325589822.0,325.589822
C0,83601909.0,83.601909
B0,692679701.0,692.679701
C0,561193599.0,561.193599
C0,677099780.0,677.09978
C0,90832299.5,90.8322995
B1,370748546.5,370.7485465
C1,89646832.5,89.6468325
C0,325874182.0,325.874182
C1,701373946.0,701.373946
C0,96153547.5,96.1535475
C1,632557454.5,632.5574545
C1,261190775.5,261.1907755
C0,95150786.0,95.150786
B1,369388399.5,369.3883995
C1,455186825.5,455.1868255
B0,109336490.5,109.3364905
C0,102064939.0,102.064939
C1,305895802.0,305.895802
C0,86920253.5,86.9202535
B1,88661047.5,88.6610475
C1,695175242.0,695.175242
B1,537090651.5,537.0906515
B0,89451551.0,89.451551
C1,354928891.0,354.928891
C1,108627100.0,108.6271
C1,96268712.5,96.2687125
B0,84179192.5,84.1791925
B0,88144444.0,88.144444
C1,563088292.0,563.088292
C1,294217441.5,294.2174415
C0,89151243.5,89.1512435
B1,662557970.5,662.5579705
C0,329456195.0,329.456195
B1,599072165.0,599.072165
B1,375707528.0,375.707528
B0,686247236.0,686.247236
B0,379638427.5,379.6384275
C0,643849114.5,643.8491145
B1,86832170.5,86.8321705
B1,663129738.0,663.129738
B0,81424535.5,81.4245355
C0,588794690.5,588.7946905
B1,99527924.5,99.5279245
C1,594433668.5,594.4336685
C1,91000800.0,91.0008
C0,93312323.0,93.312323
C0,288832556.5,288.8325565
C0,85266150.5,85.2661505
C1,263083224.0,263.083224
C0,260155498.5,260.1554985
C1,288748767.5,288.7487675
B1,662635176.5,662.6351765
C0,100703438.0,100.703438
B0,76735371.5,76.7353715
B1,564768010.0,564.76801
C0,239155223.0,239.155223
B1,507538332.0,507.538332
B0,327426128.5,327.4261285
B1,79748285.0,79.748285
B1,235828418.5,235.8284185
B0,299552916.0,299.552916
C1,538675897.5,538.6758975
C0,509453541.5,509.4535415
C1,512114134.5,512.1141345
C0,597245455.5,597.2454555
C0,81925472.5,81.9254725
B1,87002304.5,87.0023045
C0,303742223.5,303.7422235
C1,89436694.0,89.436694
B0,537430396.0,537.430396
C0,301998956.5,301.9989565
B1,82149354.0,82.149354
C1,551878438.0,551.878438
C1,101829823.0,101.829823
B0,453359352.0,453.359352
C0,559062302.0,559.062302
B1,310926985.5,310.9269855
B1,596103167.5,596.1031675
C0,80058863.0,80.058863
C1,327016031.5,327.0160315
C1,89892725.0,89.892725
C0,80258257.0,80.258257
C1,99454961.5,99.4549615
C0,90499584.5,90.4995845
B1,231185479.5,231.1854795
B1,520709047.0,520.709047
C1,580356304.0,580.356304
C1,338751794.5,338.7517945
C1,295527796.5,295.5277965
C0,313639908.0,313.639908
B1,271204763.5,271.2047635
B1,313638411.5,313.6384115
C0,285187289.0,285.187289
C0,302203324.0,302.203324
B0,77109413.5,77.1094135
B0,307503664.5,307.5036645
C0,549399146.0,549.399146
C1,89824097.5,89.8240975
C1,325522510.5,325.5225105
B0,611166438.5,611.1664385
B0,523829968.0,523.829968
C1,488493448.5,488.4934485
B1,88412482.5,88.4124825
B1,84608470.0,84.60847
B0,89114324.5,89.1143245
C1,82712155.5,82.7121555
C1,586314729.0,586.314729
C1,495718819.5,495.7188195
C0,344871573.5,344.8715735
C1,616527509.0,616.527509
C0,397749359.0,397.749359
B1,524862527.5,524.8625275
C0,578455147.5,578.4551475
C1,541107818.5,541.1078185
B0,270197654.0,270.197654
C0,252103216.5,252.1032165
C0,307721530.0,307.72153
C1,433858729.0,433.858729
B0,607941986.5,607.9419865
B0,248428570.0,248.42857
C1,77227697.5,77.2276975
B0,287375078.5,287.3750785
B1,308376776.5,308.3767765
C0,290813002.0,290.813002
C0,307202551.0,307.202551
B0,576177307.0,576.177307
B1,292266255.5,292.2662555
C1,301572867.0,301.572867
B0,610774811.5,610.7748115
C1,83595828.5,83.5958285
C1,498720780.5,498.7207805
C0,84025004.0,84.025004
C1,624405083.0,624.405083
B1,354017548.5,354.0175485
B0,541412073.5,541.4120735
C1,554091762.5,554.0917625
B1,82029744.5,82.0297445
B0,78520532.5,78.5205325
B0,321049171.0,321.049171
B1,275457249.5,275.4572495
B0,80523551.5,80.5235515
B1,469648504.5,469.6485045
B1,77402948.5,77.4029485
B0,444163650.0,444.16365
B1,98836001.5,98.8360015
B0,77935931.5,77.9359315
C0,600902122.0,600.902122
C0,575338398.5,575.3383985
C0,471425343.5,471.4253435
B0,524621141.0,524.621141
C0,693701360.0,693.70136
B1,376935976.5,376.9359765
B1,628179450.0,628.17945
C1,96458956.5,96.4589565
B0,467995519.0,467.995519
B0,625716234.5,625.7162345
B1,621086894.0,621.086894
B1,749880713.5,749.8807135
C0,641884326.5,641.8843265
C1,348545253.5,348.5452535
B0,104678780.0,104.67878
B1,90641107.5,90.6411075
B0,308551220.0,308.55122
B1,337871765.5,337.8717655
C0,564857085.0,564.857085
C1,90360516.0,90.360516
B1,258026270.0,258.02627
B1,298219475.0,298.219475
C0,355507244.5,355.5072445
C1,87617820.0,87.61782
B1,694749395.5,694.7493955
B0,85723154.0,85.723154
C1,98301053.5,98.3010535
C1,591846320.5,591.8463205
C0,109571171.0,109.571171
B0,580639230.5,580.6392305
C0,505405198.0,505.405198
B0,591562345.5,591.5623455
C1,460891944.5,460.8919445
C0,699196641.5,699.1966415
B1,98592020.5,98.5920205
B0,439103436.5,439.1034365
B0,325274156.5,325.2741565
B0,654002104.5,654.0021045
B0,91007340.5,91.0073405
B0,98291265.5,98.2912655
B1,267852928.0,267.852928
B0,363163851.0,363.163851
B0,85716420.5,85.7164205
B0,280130696.0,280.130696
B1,88491902.0,88.491902
B1,90238463.0,90.238463
B1,352586009.5,352.5860095
C0,579722429.0,579.722429
C1,739219624.0,739.219624
B1,325902573.5,325.9025735
C0,335579686.0,335.579686
C0,555169450.0,555.16945
B0,402428371.0,402.428371
B0,242343031.0,242.343031
B0,284141403.5,284.1414035
C1,284563515.0,284.563515
C0,293847861.5,293.8478615
B1,521722855.5,521.7228555
C1,308902323.0,308.902323
B0,547513519.5,547.5135195
C1,240886011.5,240.8860115
C0,428546668.0,428.546668
B1,65322003.5,65.3220035
C0,365732635.0,365.732635
B1,276536612.5,276.5366125
B1,205380742.0,205.380742
C0,88559224.5,88.5592245
B1,311214362.5,311.2143625
C0,327534084.0,327.534084
B0,107868229.0,107.868229
C1,83023484.5,83.0234845
C1,91222042.0,91.222042
B1,461443012.5,461.4430125
B1,65600948.0,65.600948
B1,482752367.0,482.752367
B1,325867762.0,325.867762
B0,317372430.0,317.37243
B0,81743093.0,81.743093
C1,92125404.5,92.1254045
C0,88371064.0,88.371064
C1,93499037.5,93.4990375
B1,303117599.5,303.1175995
B1,650102721.5,650.1027215
C0,98872295.0,98.872295
B1,83827645.0,83.827645
B0,81554450.5,81.5544505
B0,531958453.0,531.958453
C1,89724725.0,89.724725
C1,310945360.0,310.94536
C1,568781686.0,568.781686
B0,415661458.0,415.661458
B0,197143608.5,197.1436085
B0,65347878.5,65.3478785
B0,77744956.0,77.744956
C1,483864976.5,483.8649765
C1,492837356.5,492.8373565
B1,254203267.5,254.2032675
B0,85800029.0,85.800029
B0,76634377.0,76.634377
B1,76078916.0,76.078916
C0,74904242.0,74.904242
B1,83721981.5,83.7219815
B1,283093244.0,283.093244
C1,307544577.0,307.544577
C0,81358377.5,81.3583775
B1,258376854.0,258.376854
C1,266619146.0,266.619146
B0,241097801.0,241.097801
B1,530366017.5,530.3660175
B1,572543114.5,572.5431145
B0,221654879.0,221.654879
C0,744853902.5,744.8539025
C0,72913383.0,72.913383
B0,589196859.5,589.1968595
C0,526145710.5,526.1457105
C1,311665490.0,311.66549
B1,347560506.0,347.560506
B0,579547062.5,579.5470625
B0,76652833.0,76.652833
C1,78803964.5,78.8039645
C1,692419111.5,692.4191115
C0,78842282.0,78.842282
B1,278899952.0,278.899952
C1,317388256.0,317.388256
C1,280394764.0,280.394764
B1,571200795.5,571.2007955
B1,247174777.0,247.174777
C0,487160254.0,487.160254
B1,212032083.5,212.0320835
C1,335709136.0,335.709136
C0,82828744.5,82.8287445
C0,511879493.5,511.8794935
C1,330086689.5,330.0866895
B0,191386284.5,191.3862845
C1,185440991.5,185.4409915
C1,230108779.0,230.108779
B1,61281616.0,61.281616
C1,71834966.0,71.834966
B0,61868030.5,61.8680305
C1,353220765.5,353.2207655
C0,75671288.0,75.671288
B1,414789995.5,414.7899955
B1,64538923.5,64.5389235
C1,59917227.0,59.917227
C1,235416626.0,235.416626
B1,519515745.5,519.5157455
C0,210108279.5,210.1082795
B1,66242441.0,66.242441
C1,219085760.5,219.0857605
B0,239228228.5,239.2282285
B0,202368266.5,202.3682665
B0,59852020.0,59.85202
C1,52666615.5,52.6666155
B0,60880988.5,60.8809885
B1,53045592.5,53.0455925
C1,62249695.0,62.249695
B1,196186888.0,196.186888
C1,222299079.5,222.2990795
B0,361263759.5,361.2637595
B1,440406660.5,440.4066605
C1,73973040.0,73.97304
B1,518008137.5,518.0081375
C1,69901703.5,69.9017035
B1,278322523.5,278.3225235
C0,464465279.5,464.4652795
B1,53395128.5,53.3951285
C1,313306898.0,313.306898
C1,76204072.0,76.204072
C1,59534239.0,59.534239
C1,410339871.0,410.339871
B0,262520759.5,262.5207595
B0,244550774.5,244.5507745
C0,214580952.5,214.5809525
C0,466420062.5,466.4200625
B1,421967616.0,421.967616
C0,258512472.5,258.5124725
B0,72658378.5,72.6583785
B0,59966361.0,59.966361
B1,73579859.0,73.579859
C0,54787157.0,54.787157
C0,65402989.0,65.402989
C1,505952420.5,505.9524205
B1,79705041.5,79.7050415
C0,246749357.5,246.7493575
B1,448384429.5,448.3844295
B1,384745611.0,384.745611
C1,204626582.0,204.626582
C0,296697205.5,296.6972055
B1,214506540.0,214.50654
C1,56606784.5,56.6067845
C0,458053626.5,458.0536265
C0,65145827.5,65.1458275
B0,797311826.5,797.3118265
C0,272904669.0,272.904669
B1,549749780.5,549.7497805
C0,270153027.0,270.153027
C1,310408422.5,310.4084225
B0,176396713.5,176.3967135
B0,51245457.0,51.245457
B0,64943851.0,64.943851
C1,74852591.5,74.8525915
C0,52440067.5,52.4400675
C0,215625895.5,215.6258955
C0,340145123.5,340.1451235
B0,608950477.5,608.9504775
B1,313339950.0,313.33995
C0,367416177.5,367.4161775
B1,228988468.5,228.9884685
C0,278120581.5,278.1205815
B1,490313936.0,490.313936
B1,199681726.5,199.6817265
B0,457769643.5,457.7696435
B0,333436603.5,333.4366035
B1,93986460.5,93.9864605
B0,95000796.5,95.0007965
C1,281720911.0,281.720911
B1,86382167.0,86.382167
C1,533060727.5,533.0607275
B0,462587140.0,462.58714
B1,64635968.5,64.6359685
B1,392775005.5,392.7750055
B0,216224955.0,216.224955
C1,204084970.5,204.0849705
C0,49237000.0,49.237
C1,64061745.0,64.061745
C0,58212514.5,58.2125145
C0,254567930.5,254.5679305
C0,69346392.5,69.3463925
C1,396320061.5,396.3200615
B1,203585693.5,203.5856935
C0,65235381.0,65.235381
B0,209604531.5,209.6045315
C1,298317183.5,298.3171835
B1,57996446.5,57.9964465
C0,420120455.5,420.1204555
C0,247542728.5,247.5427285
B1,51564125.5,51.5641255
B1,400034061.5,400.0340615
B0,60572908.0,60.572908
C1,220088980.5,220.0889805
B1,64667187.0,64.667187
C0,62008323.0,62.008323
C1,63661073.5,63.6610735
B1,399577012.5,399.5770125
C0,56352401.5,56.3524015
C1,256379923.5,256.3799235
C0,205310517.0,205.310517
C0,310125664.0,310.125664
B0,52272227.0,52.272227
C1,379572538.5,379.5725385
B1,230309473.5,230.3094735
C0,61192354.5,61.1923545
B0,320296035.0,320.296035
C0,371089555.0,371.089555
B0,311826014.0,311.826014
C1,361571820.5,361.5718205
B1,321912770.5,321.9127705
C0,215692203.5,215.6922035
B1,55190348.0,55.190348
B0,176392241.0,176.392241
B0,309917791.5,309.9177915
B0,383934786.0,383.934786
B1,195154517.5,195.1545175
B1,190017657.0,190.017657
B1,204085634.5,204.0856345
C0,63251367.0,63.251367
C0,54711735.0,54.711735
B0,322580200.0,322.5802
B0,49321779.5,49.3217795
B0,50346985.0,50.346985
B1,54476008.0,54.476008
C0,49687726.0,49.687726
C1,348965665.5,348.9656655
B0,53312744.5,53.3127445
C1,55760090.5,55.7600905
C1,51903093.0,51.903093
B0,338914386.5,338.9143865
B1,352376085.0,352.376085
B1,292339309.5,292.3393095
C1,344055056.0,344.055056
B0,49159346.0,49.159346
C1,286471690.0,286.47169
B0,161536888.5,161.5368885
B1,55213499.0,55.213499
B1,178706004.5,178.7060045
C1,314617880.0,314.61788
B1,423650607.0,423.650607
B1,48850644.0,48.850644
C0,180672895.0,180.672895
C1,50320404.5,50.3204045
C1,311340823.0,311.340823
C1,205507812.0,205.507812
B0,326076020.5,326.0760205
B0,296344073.5,296.3440735
C0,208268884.0,208.268884
C1,232954020.0,232.95402
B0,154645988.0,154.645988
C0,319154850.0,319.15485
C0,373093671.0,373.093671
C0,48939355.0,48.939355
C1,54218509.0,54.218509
C0,188435517.5,188.4355175
C0,161816360.0,161.81636
C1,445772666.5,445.7726665
B1,321002965.0,321.002965
B0,196540203.5,196.5402035
C1,180444418.5,180.4444185
C0,187766277.0,187.766277
B0,274722179.5,274.7221795
C0,190571331.5,190.5713315
C0,50776391.5,50.7763915
C0,50044043.5,50.0440435
B0,50409195.5,50.4091955
C1,471311328.5,471.3113285
B0,69858765.5,69.8587655
B1,67678371.5,67.6783715
B0,242224433.0,242.224433
C0,70119510.5,70.1195105
C1,403167342.5,403.1673425
B0,51674658.5,51.6746585
B1,412700303.5,412.7003035
B1,395046968.0,395.046968
B1,191661876.0,191.661876
B1,332040545.5,332.0405455
C1,240422792.5,240.4227925
B0,199155588.5,199.1555885
B0,192389812.0,192.389812
C0,374328940.0,374.32894
C1,367824756.5,367.8247565
B0,47964446.0,47.964446
B0,221779458.0,221.779458
B1,219308039.0,219.308039
C1,47784353.5,47.7843535
B1,215944074.0,215.944074
C1,50069339.5,50.0693395
C0,318391732.5,318.3917325
C0,296430707.0,296.430707
C0,349433687.5,349.4336875
C1,198841473.5,198.8414735
B0,58611973.5,58.6119735
C1,388506599.5,388.5065995
B0,177431761.0,177.431761
C1,187741810.0,187.74181
C1,56849500.5,56.8495005
B0,189640113.0,189.640113
C0,288426103.5,288.4261035
B1,49104102.5,49.1041025
C1,56732747.5,56.7327475
B0,185210767.0,185.210767
C1,182499949.0,182.499949
C1,159027607.5,159.0276075
C0,59220119.5,59.2201195
B1,383527144.0,383.527144
B0,53039956.0,53.039956
B0,328222820.0,328.22282
B0,211580386.0,211.580386
C0,52688663.0,52.688663
B1,183492861.5,183.4928615
C0,344262901.0,344.262901
B1,50414853.0,50.414853
C0,51066316.0,51.066316
B0,473943968.5,473.9439685
C0,274664863.0,274.664863
B0,70263493.5,70.2634935
C1,68146372.0,68.146372
B1,380453536.0,380.453536
C0,220312396.5,220.3123965
C1,63133130.0,63.13313
C1,188295355.0,188.295355
B0,52316507.5,52.3165075
B0,345509121.0,345.509121
B0,434450585.5,434.4505855
C0,208009020.5,208.0090205
B0,61894272.0,61.894272
B1,259740610.0,259.74061
C1,267265355.5,267.2653555
B0,254069777.5,254.0697775
B0,326211240.5,326.2112405
C0,397722957.5,397.7229575
B0,58204160.5,58.2041605
C0,198708047.5,198.7080475
B1,336832955.0,336.832955
C0,354845313.5,354.8453135
C0,367198703.5,367.1987035
B0,213816019.5,213.8160195
C1,319088100.5,319.0881005
C1,180702587.5,180.7025875
B0,337307740.5,337.3077405
B1,190145105.0,190.145105
C1,54754669.0,54.754669
C1,354096629.5,354.0966295
C0,193303637.0,193.303637
C1,412783573.0,412.783573
C0,327304718.5,327.3047185
B1,47276817.0,47.276817
C1,179908101.5,179.9081015
B1,58283402.5,58.2834025
C0,61203341.5,61.2033415
B1,74981113.5,74.9811135
C1,61074587.5,61.0745875
C1,307800694.0,307.800694
B1,357617171.0,357.617171
B0,221546287.0,221.546287
B0,420012019.5,420.0120195
C0,498611626.5,498.6116265
B0,420479631.0,420.479631
B1,50633832.0,50.633832
C1,50057570.5,50.0575705
C0,66518227.0,66.518227
B1,194960986.0,194.960986
B0,258738192.5,258.7381925
B0,65145227.0,65.145227
C1,481089989.5,481.0899895
B0,314009705.5,314.0097055
C0,209343245.0,209.343245
B0,404709096.0,404.709096
B1,220526372.5,220.5263725
C0,384240091.5,384.2400915
C1,61480890.0,61.48089
B1,63452218.5,63.4522185
B0,352724327.5,352.7243275
B1,180740606.5,180.7406065
B1,172282445.0,172.282445
B0,265642664.5,265.6426645
B1,239211261.0,239.211261
C0,386490888.0,386.490888
C0,415127628.0,415.127628
C0,392338548.5,392.3385485
C0,59121211.5,59.1212115
B1,337401883.0,337.401883
C0,223566236.5,223.5662365
B0,170961303.0,170.961303
B1,247235995.0,247.235995
B0,67193540.5,67.1935405
B1,59067541.0,59.067541
C1,185180561.0,185.180561
B1,53666272.5,53.6662725
B0,534452727.0,534.452727
B0,416752063.5,416.7520635
C0,245279873.5,245.2798735
C1,160388767.5,160.3887675
C1,107423567.5,107.4235675
B1,196144246.5,196.1442465
C0,339516250.0,339.51625
C1,50065049.0,50.065049
B0,264122278.0,264.122278
C1,348985697.5,348.9856975
B0,143135978.0,143.135978
B1,351036782.5,351.0367825
C0,196643146.5,196.6431465
C1,250365780.0,250.36578
B0,147812496.5,147.8124965
B0,53028050.5,53.0280505
B0,195750262.0,195.750262
B1,46783237.5,46.7832375
B0,301580057.5,301.5800575
B0,339247440.0,339.24744
C0,46997457.0,46.997457
B0,49658114.5,49.6581145
B1,306888931.5,306.8889315
B1,420289973.5,420.2899735
C0,335310199.0,335.310199
C1,46122296.5,46.1222965
C1,47422463.0,47.422463
C0,47719312.5,47.7193125
C0,175870982.0,175.870982
C1,47836694.5,47.8366945
C1,49817363.0,49.817363
C1,179706367.0,179.706367
B0,136842718.0,136.842718
B0,177752257.0,177.752257
B0,56462063.0,56.462063
B1,324432957.5,324.4329575
C1,188748837.5,188.7488375
C1,47635920.5,47.6359205
C0,45062809.0,45.062809
B1,183637567.5,183.6375675
B1,152900324.0,152.900324
B1,195316118.5,195.3161185
B0,299495658.5,299.4956585
B1,47140152.0,47.140152
B1,165928576.5,165.9285765
C1,50547340.5,50.5473405
B0,47591296.0,47.591296
B1,48310671.0,48.310671
B0,50010426.0,50.010426
C0,184377083.0,184.377083
B1,187543485.0,187.543485
C0,282621241.5,282.6212415
B0,171474804.5,171.4748045
B0,179754615.5,179.7546155
B0,159111435.0,159.111435
B1,314215453.5,314.2154535
B1,46932384.5,46.9323845
C0,48125129.5,48.1251295
C0,49425750.0,49.42575
C1,198642070.0,198.64207
B0,48863176.0,48.863176
C1,394567312.5,394.5673125
C1,52311230.0,52.31123
B1,219224508.0,219.224508
C1,315429289.0,315.429289
C0,48075206.0,48.075206
B0,324514243.5,324.5142435
C1,447884595.0,447.884595
C0,179946561.5,179.9465615
B0,282694325.5,282.6943255
B0,180527565.0,180.527565
B1,186468939.0,186.468939
C0,337466763.0,337.466763
C0,260139495.0,260.139495
C0,190686787.5,190.6867875
C1,188660545.0,188.660545
C1,176084544.5,176.0845445
C0,46301902.0,46.301902
B1,233402645.0,233.402645
C1,323087673.0,323.087673
C1,188788588.0,188.788588
B1,47714714.0,47.714714
B0,46668145.5,46.6681455
C0,168955754.0,168.955754
C0,333652376.0,333.652376
B1,53349809.0,53.349809
B0,48836232.5,48.8362325
C0,51853467.0,51.853467
C1,348885048.5,348.8850485
B1,49941872.0,49.941872
C1,151053372.5,151.0533725
C1,52226574.5,52.2265745
C0,298184697.5,298.1846975
B1,263602358.0,263.602358
C1,325575811.5,325.5758115
C0,49431413.0,49.431413
C0,172149315.0,172.149315
C1,45787730.0,45.78773
C1,147986407.5,147.9864075
B0,45770872.5,45.7708725
C0,149353340.0,149.35334
C1,174282153.0,174.282153
C0,267190955.5,267.1909555
C1,208043135.5,208.0431355
B0,273005298.0,273.005298
C0,156046431.0,156.046431
C0,261923437.0,261.923437
C1,277199217.5,277.1992175
C0,163696152.0,163.696152
C0,182446339.0,182.446339
B1,241914362.5,241.9143625
B0,143996609.5,143.9966095
C1,55316096.0,55.316096
C1,52228125.5,52.2281255
C1,334625207.0,334.625207
C0,55358145.0,55.358145
B1,54309827.0,54.309827
B1,161634793.0,161.634793
B1,186845224.5,186.8452245
C1,312925884.0,312.925884
B1,49398190.5,49.3981905
B1,194014821.5,194.0148215
C1,177437176.0,177.437176
C0,138392089.0,138.392089
B1,267163880.0,267.16388
B1,316537864.0,316.537864
C0,344645450.0,344.64545
C0,46233943.0,46.233943
B1,140720327.5,140.7203275
C0,53305819.5,53.3058195
C1,178680054.5,178.6800545
B0,314783912.0,314.783912
B0,46280105.5,46.2801055
B0,273865342.0,273.865342
C0,46872165.5,46.8721655
C0,260156360.5,260.1563605
B0,45723789.0,45.723789
B1,48865400.0,48.8654
B1,52140998.0,52.140998
C1,271719493.5,271.7194935
B0,50676951.5,50.6769515
B0,172612535.0,172.612535
B1,48654696.0,48.654696
C0,49557760.0,49.55776
B1,172941336.0,172.941336
B1,278937685.0,278.937685
B1,51231005.0,51.231005
B0,303789623.5,303.7896235
B1,402444656.0,402.444656
B1,45688470.5,45.6884705
B1,174345523.5,174.3455235
B0,311997128.0,311.997128
C0,178126809.0,178.126809
C1,306323305.5,306.3233055
C1,180627856.5,180.6278565
C0,45505856.5,45.5058565
B1,51881344.5,51.8813445
C0,306269106.5,306.2691065
B0,46340590.0,46.34059
C0,319054144.5,319.0541445
B1,284326484.0,284.326484
B0,175699532.5,175.6995325
B0,47456775.5,47.4567755
C0,165460983.0,165.460983
B0,47539249.0,47.539249
B1,280992949.5,280.9929495
B1,329301392.0,329.301392
C0,324668733.5,324.6687335
B0,46093490.0,46.09349
C1,319262432.0,319.262432
B0,271570625.0,271.570625
B1,299224192.0,299.224192
C0,316007199.0,316.007199
B1,191398081.0,191.398081
C1,186537285.0,186.537285
C0,169601460.0,169.60146
B0,266806386.5,266.8063865
B0,300712508.0,300.712508
B1,47287010.5,47.2870105
C1,55518643.5,55.5186435
C0,327157509.0,327.157509
C1,56163032.5,56.1630325
C1,48061079.0,48.061079
C0,289464296.0,289.464296
B0,297431402.0,297.431402
B1,192101271.0,192.101271
C0,339036716.0,339.036716
C1,46650229.5,46.6502295
B1,228678816.5,228.6788165
B1,333847497.5,333.8474975
C0,45728602.5,45.7286025
C0,173409564.5,173.4095645
C0,274977129.5,274.9771295
C1,46034306.5,46.0343065
C0,47225117.0,47.225117
C0,157663096.0,157.663096
B1,48793955.0,48.793955
B0,51743408.5,51.7434085
B0,311194692.0,311.194692
B0,175585322.5,175.5853225
B0,193835525.0,193.835525
B1,187180656.0,187.180656
C0,51139231.0,51.139231
C0,48216673.0,48.216673
B0,46698269.0,46.698269
B0,193352891.5,193.3528915
B1,308524008.5,308.5240085
B0,190225762.5,190.2257625
C1,308749452.5,308.7494525
C1,45608815.5,45.6088155
C1,314573831.0,314.573831
C1,341353247.0,341.353247
B1,49536629.5,49.5366295
B0,337407243.5,337.4072435
C1,232783855.5,232.7838555
B1,58408648.5,58.4086485
C1,344182752.0,344.182752
B0,45436345.0,45.436345
B1,183168902.0,183.168902
B1,58870300.5,58.8703005
C1,45609429.0,45.609429
B0,54446713.0,54.446713
B1,46495510.0,46.49551
B1,345683728.0,345.683728
B1,46607960.0,46.60796
C0,327942072.5,327.9420725
C1,293229596.0,293.229596
B0,171445058.5,171.4450585
B0,47960774.5,47.9607745
C1,301642567.5,301.6425675
C0,273745505.5,273.7455055
B0,46479375.0,46.479375
C1,44716553.5,44.7165535
B1,370756189.5,370.7561895
B0,153046230.5,153.0462305
B0,181512433.0,181.512433
C1,46544925.5,46.5449255
B0,153768069.0,153.768069
B1,314311093.0,314.311093
C0,302395133.0,302.395133
B1,46889088.0,46.889088
C0,53242129.5,53.2421295
B1,181446113.5,181.4461135
C1,322428887.0,322.428887
B1,268044337.0,268.044337
B0,47625443.5,47.6254435
B0,339074002.0,339.074002
B1,301652488.0,301.652488
B1,47784568.5,47.7845685
B1,152109892.0,152.109892
C0,48056632.5,48.0566325
C1,156558912.5,156.5589125
C0,158209649.0,158.209649
B0,323068867.5,323.0688675
C1,180057282.5,180.0572825
C0,46325025.0,46.325025
B1,47301722.5,47.3017225
B0,258927592.0,258.927592
B1,362459611.0,362.459611
C0,191440050.5,191.4400505
C1,279690865.0,279.690865
C1,176115038.0,176.115038
B0,135622485.5,135.6224855
C1,329641336.5,329.6413365
B1,305195256.5,305.1952565
C0,282667792.0,282.667792
B1,183286008.5,183.2860085
C1,50125629.0,50.125629
C0,47505474.0,47.505474
B1,49244001.5,49.2440015
C0,172374028.5,172.3740285
C1,184801768.0,184.801768
C1,46003246.5,46.0032465
C0,178980471.5,178.9804715
C1,51785425.0,51.785425
C1,48668752.0,48.668752
C1,181327383.0,181.327383
C1,302676887.5,302.6768875
B1,175242197.0,175.242197
C0,311029213.0,311.029213
C1,162344928.5,162.3449285
B0,327942106.0,327.942106
C1,146472522.0,146.472522
B0,177456991.5,177.4569915
B1,311191017.5,311.1910175
B1,154824460.5,154.8244605
C0,47462666.5,47.4626665
B0,320721840.0,320.72184
C1,178309600.5,178.3096005
B0,195417135.5,195.4171355
B0,48331556.5,48.3315565
B1,44813938.5,44.8139385
B0,347661829.0,347.661829
C0,47469324.5,47.4693245
C0,47290702.0,47.290702
C0,141038662.0,141.038662
B0,47052611.5,47.0526115
C0,183391137.5,183.3911375
C0,261870418.5,261.8704185
C1,298263589.0,298.263589
B0,276448074.0,276.448074
C1,184419968.0,184.419968
B0,189280558.0,189.280558
B0,189082211.0,189.082211
B1,298030148.5,298.0301485
B0,277256606.5,277.2566065
C0,284026008.0,284.026008
C1,298337671.5,298.3376715
B0,279708988.5,279.7089885
B1,205279589.5,205.2795895
B0,52270505.0,52.270505
C1,179562346.5,179.5623465
C0,179481329.5,179.4813295
B0,184865464.5,184.8654645
B1,160615376.0,160.615376
C1,53883266.0,53.883266
C0,173408487.0,173.408487
B0,134874475.5,134.8744755
C1,360811701.0,360.811701
B0,48003479.5,48.0034795
B1,162381088.0,162.381088
C1,50394382.5,50.3943825
C0,46300366.5,46.3003665
C0,159872791.0,159.872791
C0,326978566.5,326.9785665
B0,276797039.0,276.797039
C0,323393346.5,323.3933465
C1,52481644.5,52.4816445
B0,198118662.0,198.118662
C1,153147843.5,153.1478435
C1,171141048.5,171.1410485
C1,308120511.5,308.1205115
C1,388131840.5,388.1318405
C0,47171401.0,47.171401
B1,180866894.0,180.866894
C0,47413466.5,47.4134665
B0,202622430.5,202.6224305
C0,199661476.5,199.6614765
C0,304027516.5,304.0275165
C1,320823124.0,320.823124
C1,266877160.0,266.87716
B1,138952618.5,138.9526185
C1,59414634.0,59.414634
C1,194212533.5,194.2125335
B0,49195034.0,49.195034
C1,294243658.0,294.243658
C1,47012953.5,47.0129535
B1,188880019.0,188.880019
C0,358659805.5,358.6598055
B0,155861218.0,155.861218
B0,259177858.0,259.177858
C0,47845090.0,47.84509
B1,274872235.0,274.872235
B0,47842718.5,47.8427185
B0,275286890.5,275.2868905
C1,48986118.0,48.986118
B1,140712289.5,140.7122895
B1,322952175.5,322.9521755
C0,164081022.0,164.081022
B1,51903528.0,51.903528
C0,323087742.0,323.087742
C1,145311009.0,145.311009
B1,299334779.0,299.334779
C0,52197223.5,52.1972235
B0,324326687.5,324.3266875
C0,335366369.5,335.3663695
B0,352214252.5,352.2142525
C1,194494836.5,194.4948365
B1,164712820.0,164.71282
B0,154280400.0,154.2804
B0,213141713.0,213.141713
B1,46868057.5,46.8680575
B1,325710204.0,325.710204
B1,303240596.0,303.240596
B1,45960436.0,45.960436
B1,307356668.0,307.356668
C1,333982843.0,333.982843
B0,49829499.0,49.829499
C1,183972541.0,183.972541
C1,49488208.0,49.488208
C1,172748537.0,172.748537
C1,329911828.5,329.9118285
C1,320283152.5,320.2831525
C0,307020678.0,307.020678
B0,51433788.5,51.4337885
B0,282812136.0,282.812136
C0,288545541.0,288.545541
C0,50149493.5,50.1494935
C1,203587517.0,203.587517
B0,57521597.5,57.5215975
C0,188720556.0,188.720556
C1,209583424.5,209.5834245
B1,48628250.0,48.62825
B0,59096224.0,59.096224
B0,196057209.5,196.0572095
B1,347800562.0,347.800562
B1,48897321.0,48.897321
B0,186635643.5,186.6356435
B1,362946335.5,362.9463355
C1,48601433.0,48.601433
C0,52818875.0,52.818875
C0,284322863.0,284.322863
C0,364048081.0,364.048081
B1,299219910.0,299.21991
C1,214647771.0,214.647771
B1,51696457.5,51.6964575
C1,320471482.0,320.471482
C0,45837991.5,45.8379915
C1,284169294.5,284.1692945
B1,186072251.0,186.072251
C0,45925333.5,45.9253335
B0,200429678.0,200.429678
B0,278673124.5,278.6731245
B1,293971480.0,293.97148
C0,48945480.5,48.9454805
B0,61424564.0,61.424564
B1,177405330.0,177.40533
C0,47138273.0,47.138273
B1,200624558.5,200.6245585
B1,45248635.0,45.248635
B0,300288887.0,300.288887
B0,47838918.5,47.8389185
B0,212465049.0,212.465049
C1,55921992.0,55.921992
C0,52631780.5,52.6317805
B0,47322981.5,47.3229815
B0,51055071.0,51.055071
C1,52101645.5,52.1016455
C0,184422766.0,184.422766
B0,146871366.0,146.871366
B0,47828642.0,47.828642
B0,201885785.5,201.8857855
C0,195513319.5,195.5133195
C1,45681834.0,45.681834
C0,171767090.5,171.7670905
B1,313002638.0,313.002638
C0,326180180.5,326.1801805
B0,49561822.5,49.5618225
B1,49321158.0,49.321158
C1,206637144.5,206.6371445
C1,192437703.0,192.437703
C0,185038530.5,185.0385305
B0,194535733.5,194.5357335
B1,409819788.0,409.819788
C1,224620904.5,224.6209045
B0,272979651.0,272.979651
B1,56596357.5,56.5963575
B0,172505179.5,172.5051795
C1,339578981.5,339.5789815
B1,152918048.5,152.9180485
C1,334600792.0,334.600792
C0,48993527.5,48.9935275
B1,51181806.5,51.1818065
C1,304019804.5,304.0198045
B1,49336278.0,49.336278
C0,336976042.0,336.976042
B1,45729481.0,45.729481
B0,292862255.0,292.862255
B1,47309848.5,47.3098485
C1,313828062.5,313.8280625
C1,209154759.0,209.154759
B0,46422775.0,46.422775
B1,176220390.5,176.2203905
B0,47761647.5,47.7616475
B0,48991423.5,48.9914235
C0,290565693.0,290.565693
B0,153484211.5,153.4842115
C0,164166949.5,164.1669495
C1,396753435.0,396.753435
B1,136229168.0,136.229168
B1,362746869.0,362.746869
C0,170653870.5,170.6538705
B1,362767165.5,362.7671655
C1,162792482.5,162.7924825
C1,298428470.0,298.42847
C1,300667128.0,300.667128
C0,59066283.0,59.066283
C1,46870261.0,46.870261
B0,181834705.5,181.8347055
B1,175178140.5,175.1781405
B1,193933481.5,193.9334815
C0,185745409.0,185.745409
C1,190217176.0,190.217176
B0,49076058.0,49.076058
C0,50427178.0,50.427178
B0,179205557.5,179.2055575
C0,46405873.0,46.405873
B1,160741845.0,160.741845
B1,316811195.0,316.811195
B1,148213488.5,148.2134885
C1,48533881.0,48.533881
C1,286962179.5,286.9621795
B1,194862462.5,194.8624625
C1,322488816.0,322.488816
B1,346738466.0,346.738466
C1,295949199.0,295.949199
C0,178012482.5,178.0124825
C0,310928947.5,310.9289475
C0,212641261.5,212.6412615
C1,46914086.5,46.9140865
B0,50014263.0,50.014263
B1,307980622.5,307.9806225
B1,171331427.0,171.331427
B0,52099386.0,52.099386
C0,270337259.5,270.3372595
C1,185715060.0,185.71506
C0,48140509.5,48.1405095
B0,200139588.5,200.1395885
C0,54016795.0,54.016795
C0,152949835.0,152.949835
C1,341207924.0,341.207924
B0,341549468.5,341.5494685
B1,194117886.0,194.117886
C0,295464792.5,295.4647925
B0,50402688.0,50.402688
C1,298943916.0,298.943916
B1,303842700.0,303.8427
C1,48667355.0,48.667355
B0,214363618.0,214.363618
C1,160232692.5,160.2326925
C0,349833396.5,349.8333965
C1,209878168.0,209.878168
B0,265439119.0,265.439119
B0,189268098.5,189.2680985
B0,341422159.5,341.4221595
C0,187028716.0,187.028716
C1,47110200.5,47.1102005
C1,48041632.5,48.0416325
B0,316780590.5,316.7805905
C0,46378626.0,46.378626
B1,49698768.5,49.6987685
B0,161674175.0,161.674175
C0,330290874.5,330.2908745
B0,160799678.0,160.799678
B1,46123306.5,46.1233065
B1,309311595.0,309.311595
B1,367559429.0,367.559429
B0,328472273.0,328.472273
C0,186728592.0,186.728592
B0,46239603.5,46.2396035
C0,44795092.0,44.795092
C1,49140831.0,49.140831
C1,303460811.5,303.4608115
B0,374815673.0,374.815673
C0,346105309.0,346.105309
B1,189863087.5,189.8630875
B0,185980610.5,185.9806105
C0,179943787.5,179.9437875
C1,228462826.5,228.4628265
C1,48766808.5,48.7668085
C1,163632456.0,163.632456
C0,178978010.5,178.9780105
C0,45118325.5,45.1183255
C0,201374605.5,201.3746055
B1,48906152.0,48.906152
C0,335616186.0,335.616186
C1,150290440.5,150.2904405
B1,48728345.5,48.7283455
B0,317308439.5,317.3084395
B0,340480071.0,340.480071
B1,50522227.0,50.522227
C1,49304235.0,49.304235
C1,168085091.5,168.0850915
B1,199318995.5,199.3189955
C1,49513420.5,49.5134205
C0,253012413.5,253.0124135
B1,50144975.5,50.1449755
C0,47727886.0,47.727886
B1,47004009.5,47.0040095
B1,185212512.5,185.2125125
B0,276873364.5,276.8733645
C1,47266933.5,47.2669335
B0,294223993.0,294.223993
B1,54177187.0,54.177187
C0,48847802.0,48.847802
C0,204276319.0,204.276319
C0,431350078.0,431.350078
C0,215276412.0,215.276412
B1,177033048.5,177.0330485
B0,289935855.0,289.935855
C1,217160159.0,217.160159
C0,292173357.0,292.173357
B1,55634608.0,55.634608
B1,289833715.0,289.833715
B1,197638811.5,197.6388115
C0,361794349.5,361.7943495
C0,319862291.5,319.8622915
C1,292446945.5,292.4469455
C0,180885642.0,180.885642
B0,49195740.5,49.1957405
B1,368231017.0,368.231017
B1,48740399.0,48.740399
C0,186724631.0,186.724631
B0,182274765.0,182.274765
C1,46396115.0,46.396115
C1,49288051.0,49.288051
C1,48663690.5,48.6636905
B0,48841290.0,48.84129
B0,47081196.5,47.0811965
C0,352923898.5,352.9238985
C0,51638655.0,51.638655
B0,341519431.5,341.5194315
B1,307407488.0,307.407488
C0,186256115.0,186.256115
B0,168110341.0,168.110341
C1,204531774.0,204.531774
B0,47091908.0,47.091908
C1,57686946.5,57.6869465
B0,145421673.0,145.421673
B0,324194728.5,324.1947285
C0,208181822.5,208.1818225
C0,199410325.5,199.4103255
B0,303211804.0,303.211804
C1,289008850.0,289.00885
C1,47347364.5,47.3473645
C0,302237242.0,302.237242
B0,54605818.0,54.605818
B1,153961843.5,153.9618435
C1,308166783.5,308.1667835
C0,45218730.0,45.21873
C0,47129922.5,47.1299225
B1,327428989.0,327.428989
C1,182318126.0,182.318126
B1,165851822.5,165.8518225
C1,276640456.5,276.6404565
B1,351243139.0,351.243139
B1,46544468.0,46.544468
B1,179580083.5,179.5800835
C0,48094452.0,48.094452
B0,345357304.5,345.3573045
C1,299553104.5,299.5531045
C0,157758847.0,157.758847
B1,47138724.5,47.1387245
B1,187113520.5,187.1135205
C0,352228162.5,352.2281625
B1,265120753.5,265.1207535
C1,48204151.5,48.2041515
B1,47835382.0,47.835382
B1,350457823.0,350.457823
B1,47057792.0,47.057792
B0,356855507.0,356.855507
B0,141531868.5,141.5318685
B0,46052643.0,46.052643
C0,50577844.0,50.577844
B0,44271330.5,44.2713305
C0,186163774.5,186.1637745
B0,187502329.0,187.502329
B0,288506423.0,288.506423
C1,46914097.0,46.914097
C1,220374595.0,220.374595
B1,325664568.5,325.6645685
C1,54394072.0,54.394072
B1,188621412.5,188.6214125
B1,190015894.0,190.015894
C0,54118744.5,54.1187445
C1,197042234.0,197.042234
B1,50658108.0,50.658108
B1,158917919.5,158.9179195
B0,385686130.5,385.6861305
C1,157910607.0,157.910607
C1,188646902.5,188.6469025
B0,181754569.0,181.754569
B0,46988632.5,46.9886325
C1,172671396.0,172.671396
B1,320432204.0,320.432204
C1,337166224.0,337.166224
B0,199743847.0,199.743847
B1,245026663.0,245.026663
B0,151441930.0,151.44193
C1,47397386.0,47.397386
B1,47277903.5,47.2779035
B1,219322435.0,219.322435
C1,49448542.0,49.448542
B1,47972238.5,47.9722385
B1,152862996.5,152.8629965
B1,47571474.5,47.5714745
C1,49860562.0,49.860562
B0,139830593.0,139.830593
C0,190887072.5,190.8870725
B1,294621874.0,294.621874
C0,351025799.5,351.0257995
C1,46194634.0,46.194634
C1,354702971.5,354.7029715
B0,335837581.5,335.8375815
C1,181369737.0,181.369737
C1,334920085.5,334.9200855
C1,49386084.5,49.3860845
B1,206497349.0,206.497349
C0,47236025.5,47.2360255
C0,343053773.5,343.0537735
B1,312113379.0,312.113379
B0,212588256.5,212.5882565
C0,184706490.0,184.70649
B0,49323562.0,49.323562
B0,319801826.0,319.801826
C1,139702220.0,139.70222
C1,279849607.0,279.849607
B1,52199159.5,52.1991595
C0,347770423.0,347.770423
B1,144125247.5,144.1252475
B1,186095981.5,186.0959815
C0,47730333.0,47.730333
B1,50540583.0,50.540583
C0,312357361.0,312.357361
B0,356610378.0,356.610378
B1,318485515.5,318.4855155
C1,268460894.5,268.4608945
B1,412701601.5,412.7016015
B1,51022326.5,51.0223265
B1,318730018.0,318.730018
B0,304909195.5,304.9091955
C1,179290465.5,179.2904655
C0,150212730.0,150.21273
B0,50174691.0,50.174691
B0,48050471.5,48.0504715
C1,47649465.0,47.649465
B0,46094293.0,46.094293
B0,333155616.5,333.1556165
B1,192351324.0,192.351324
C0,250828657.5,250.8286575
C0,322482486.0,322.482486
B1,153757280.0,153.75728
B1,182712946.0,182.712946
B0,48618222.5,48.6182225
C1,312314612.0,312.314612
C1,178288198.5,178.2881985
B0,52092248.5,52.0922485
B0,297834065.0,297.834065
C1,48415086.0,48.415086
C1,231604117.5,231.6041175
B1,194329693.5,194.3296935
B1,197006261.0,197.006261
B0,160109109.0,160.109109
B0,295893040.5,295.8930405
B0,166867216.5,166.8672165
B1,300703395.0,300.703395
B1,338455068.5,338.4550685
B1,346089017.5,346.0890175
B0,317747196.5,317.7471965
B0,47397045.5,47.3970455
B0,279521668.5,279.5216685
B1,195833517.5,195.8335175
B1,47565313.5,47.5653135
C0,279947835.5,279.9478355
B0,47231274.0,47.231274
B0,253183530.5,253.1835305
C0,171297184.5,171.2971845
B1,46510260.0,46.51026
C1,164127852.5,164.1278525
C1,189188491.5,189.1884915
B1,193695086.0,193.695086
B1,175284292.0,175.284292
B0,348792046.5,348.7920465
B1,47586596.0,47.586596
C1,197656270.0,197.65627
C0,48780695.5,48.7806955
C1,314687957.5,314.6879575
B0,48976525.0,48.976525
B0,384895314.0,384.895314
B0,44524599.5,44.5245995
C0,45834211.5,45.8342115
C1,46238867.5,46.2388675
B0,48726627.0,48.726627
C1,56088741.5,56.0887415
C0,185719100.0,185.7191
C0,143574431.5,143.5744315
C0,353839303.0,353.839303
B0,48277338.5,48.2773385
C0,50147850.5,50.1478505
B1,47880998.0,47.880998
B1,153117088.5,153.1170885
C0,265179570.0,265.17957
C0,335407931.5,335.4079315
C1,340199886.0,340.199886
C0,383557198.0,383.557198
B0,48683814.0,48.683814
C0,45880364.0,45.880364
C1,360908429.5,360.9084295
B1,46558552.0,46.558552
C1,349620890.0,349.62089
C0,168591145.0,168.591145
B1,214615600.5,214.6156005
C0,268339751.0,268.339751
C1,47917933.0,47.917933
C1,188393278.5,188.3932785
B1,399913123.5,399.9131235
C1,309659580.5,309.6595805
C1,212193534.5,212.1935345
B1,238832582.5,238.8325825
C0,54033531.5,54.0335315
B1,317541680.5,317.5416805
C1,290251128.0,290.251128
B1,225499999.0,225.499999
B1,47446870.0,47.44687
C1,368983863.0,368.983863
C1,53563077.5,53.5630775
B0,384934030.0,384.93403
C0,198920354.0,198.920354
C1,48526714.0,48.526714
B0,48396295.0,48.396295
C0,198706102.0,198.706102
C1,47192408.5,47.1924085
C0,47446023.5,47.4460235
C1,323031135.5,323.0311355
C0,132867983.0,132.867983
C1,49460002.0,49.460002
B1,172386667.5,172.3866675
B0,215819837.5,215.8198375
C0,169107709.5,169.1077095
C1,304188067.5,304.1880675
C0,233126843.0,233.126843
C0,317109337.5,317.1093375
B0,346859274.0,346.859274
C0,47065070.0,47.06507
C1,64338739.0,64.338739
C0,395320460.5,395.3204605
B0,59944116.0,59.944116
C0,167472007.5,167.4720075
C0,50207734.5,50.2077345
C0,52223892.5,52.2238925
C1,201973283.0,201.973283
C0,163160857.0,163.160857
C0,354392571.5,354.3925715
B0,272355940.5,272.3559405
B1,386324102.5,386.3241025
B0,292691083.0,292.691083
C0,270375160.5,270.3751605
C0,157841607.0,157.841607
B1,45523051.0,45.523051
B1,47765660.0,47.76566
B0,172244128.5,172.2441285
B0,47301307.5,47.3013075
C0,187279722.0,187.279722
B1,48923725.5,48.9237255
B0,47078770.0,47.07877
C1,48370288.5,48.3702885
C0,49183982.0,49.183982
B0,355748003.5,355.7480035
C1,52899939.5,52.8999395
C1,181380799.0,181.380799
C1,56948757.5,56.9487575
C0,48004657.0,48.004657
B1,312714941.5,312.7149415
C1,61358583.5,61.3585835
C1,175869179.5,175.8691795
B1,304878177.5,304.8781775
C0,190874566.5,190.8745665
B1,200913025.5,200.9130255
B1,286492843.0,286.492843
C0,300601786.0,300.601786
C0,51652137.5,51.6521375
C1,182656261.5,182.6562615
B0,233355453.5,233.3554535
B1,46112373.0,46.112373
B0,195570433.0,195.570433
C0,337188593.0,337.188593
C0,48323971.0,48.323971
C1,272905318.0,272.905318
C1,50504455.0,50.504455
B1,285288854.0,285.288854
B0,176288492.0,176.288492
B0,300598053.5,300.5980535
B1,157320099.0,157.320099
B1,296160071.5,296.1600715
B0,324207669.5,324.2076695
C0,205419661.0,205.419661
C1,202946568.0,202.946568
B1,46768321.0,46.768321
B0,48612702.0,48.612702
B0,46312662.5,46.3126625
C1,50556604.5,50.5566045
C1,352830602.0,352.830602
C0,364624944.5,364.6249445
B0,169975625.5,169.9756255
C1,354099732.0,354.099732
C0,186578993.0,186.578993
C0,298024065.5,298.0240655
B1,313584212.0,313.584212
B0,166440999.5,166.4409995
B1,45426586.0,45.426586
C0,273266091.5,273.2660915
C0,47541446.0,47.541446
B0,213875802.5,213.8758025
C0,46977189.0,46.977189
B0,204561394.5,204.5613945
B1,184496332.0,184.496332
C0,189589723.0,189.589723
B0,156954659.5,156.9546595
B1,49292660.0,49.29266
C0,46566447.0,46.566447
B0,51739165.0,51.739165
B0,180223594.5,180.2235945
B1,339246530.5,339.2465305
B0,178610413.0,178.610413
B1,175623056.5,175.6230565
C1,46059438.0,46.059438
B0,169394197.0,169.394197
C0,48984064.0,48.984064
C1,176606308.0,176.606308
B1,382594833.0,382.594833
C1,278804056.0,278.804056
B0,45729811.0,45.729811
C0,46937158.0,46.937158
B0,162449742.5,162.4497425
C1,186901595.0,186.901595
C1,161643920.5,161.6439205
C1,48353476.5,48.3534765
C1,48942074.5,48.9420745
B0,259016325.5,259.0163255
C0,268856503.0,268.856503
B0,289581400.0,289.5814
B0,166082382.0,166.082382
C0,375418080.0,375.41808
B1,51932856.5,51.9328565
B0,289149114.0,289.149114
B0,169957267.0,169.957267
B0,49455946.5,49.4559465
C0,189236169.0,189.236169
B0,343741172.0,343.741172
B0,211784181.5,211.7841815
C0,52216277.5,52.2162775
C0,50368154.5,50.3681545
B0,166962138.5,166.9621385
C1,320364215.0,320.364215
C0,292332306.5,292.3323065
B0,312985832.0,312.985832
C0,177474763.0,177.474763
C0,159576843.0,159.576843
C0,53738382.0,53.738382
B1,48846897.5,48.8468975
B0,53278792.0,53.278792
C1,325880570.0,325.88057
C1,191003198.0,191.003198
B1,338663918.5,338.6639185
C1,340419821.5,340.4198215
C0,216358020.5,216.3580205
B0,340220544.0,340.220544
C0,202479076.5,202.4790765
C1,189792351.0,189.792351
C0,385106270.5,385.1062705
C1,47510522.5,47.5105225
C1,325296182.0,325.296182
B1,319133281.0,319.133281
B1,46955528.0,46.955528
C0,54239784.0,54.239784
B0,47769164.0,47.769164
B0,190917394.0,190.917394
C1,170190703.0,170.190703
B1,354960899.0,354.960899
B1,47181094.5,47.1810945
C1,307317242.5,307.3172425
C0,218254215.0,218.254215
C1,47396978.5,47.3969785
C1,328156044.5,328.1560445
C1,347038283.0,347.038283
C0,45521400.0,45.5214
C1,171376402.5,171.3764025
C0,299376465.5,299.3764655
B1,53731693.0,53.731693
B1,188146131.0,188.146131
C0,203190467.0,203.190467
B1,53996259.0,53.996259
B0,49626441.5,49.6264415
B0,265684521.0,265.684521
B0,144406069.5,144.4060695
C0,53128149.0,53.128149
C0,321873368.5,321.8733685
B1,339069804.5,339.0698045
B1,51752870.0,51.75287
B0,52187382.5,52.1873825
C1,164707136.0,164.707136
B1,189928046.0,189.928046
B1,184860840.0,184.86084
C1,189688817.0,189.688817
B0,281739076.5,281.7390765
C0,198999037.0,198.999037
B0,47933787.5,47.9337875
B0,177157593.0,177.157593
B1,48408270.5,48.4082705
C0,47536719.5,47.5367195
B1,190310546.5,190.3105465
B1,328989222.0,328.989222
B1,339125652.0,339.125652
B1,177424483.0,177.424483
C0,186664045.5,186.6640455
B0,310669420.0,310.66942
C1,320539271.5,320.5392715
C1,188289484.5,188.2894845
C0,178739484.0,178.739484
B0,48943998.5,48.9439985
C1,314703168.0,314.703168
C0,57083555.5,57.0835555
C1,304296896.5,304.2968965
B1,170070651.0,170.070651
C0,176848756.0,176.848756
C1,49916269.0,49.916269
C1,180393039.5,180.3930395
C0,323024720.0,323.02472
B0,47201057.5,47.2010575
C0,309930727.5,309.9307275
B0,47922657.0,47.922657
C1,166381641.0,166.381641
B1,307212133.0,307.212133
B1,280921822.0,280.921822
B1,54402812.0,54.402812
B1,208168663.5,208.1686635
B0,50909694.5,50.9096945
C0,360137256.5,360.1372565
C1,54634185.5,54.6341855
C0,294766742.0,294.766742
C1,47637615.5,47.6376155
B1,196765079.5,196.7650795
B1,47487934.0,47.487934
C1,56031518.0,56.031518
B0,51826059.5,51.8260595
B0,387229113.5,387.2291135
C0,294173939.0,294.173939
C0,278680934.5,278.6809345
C0,200095536.0,200.095536
C0,50724058.5,50.7240585
C1,50145425.5,50.1454255
B1,188208249.5,188.2082495
C0,140123307.0,140.123307
C1,326384500.0,326.3845
B1,351251670.5,351.2516705
C1,302435045.5,302.4350455
C1,172149350.5,172.1493505
C1,197412393.5,197.4123935
C1,50282114.5,50.2821145
C1,340294248.5,340.2942485
B0,49492936.5,49.4929365
C0,390927385.5,390.9273855
B0,47457029.0,47.457029
B0,51488285.0,51.488285
B0,205847489.0,205.847489
B0,174158523.5,174.1585235
C0,50915133.5,50.9151335
B0,140429145.5,140.4291455
C0,48431642.5,48.4316425
C0,52570134.5,52.5701345
C0,363581928.5,363.5819285
C1,171945817.0,171.945817
B0,47761832.5,47.7618325
C0,334187747.5,334.1877475
C1,209145066.0,209.145066
B0,350194651.0,350.194651
C0,48640110.0,48.64011
C1,51351832.5,51.3518325
B1,162140008.5,162.1400085
C0,387460904.0,387.460904
B0,45994547.5,45.9945475
C0,195858621.5,195.8586215
B0,178088758.0,178.088758
B1,306672334.0,306.672334
B0,162112696.0,162.112696
C0,193809521.0,193.809521
C1,46182484.5,46.1824845
B1,188173756.0,188.173756
C0,184230893.5,184.2308935
B0,217942904.0,217.942904
B0,322938474.5,322.9384745
B1,349918100.5,349.9181005
C0,179642556.5,179.6425565
B1,181393548.5,181.3935485
B1,336260468.5,336.2604685
C0,225185105.5,225.1851055
B1,289127564.5,289.1275645
B1,339575292.5,339.5752925
C0,48713372.0,48.713372
C0,362619151.0,362.619151
C0,165711473.0,165.711473
B1,48736210.0,48.73621
C1,307535329.5,307.5353295
B0,48991690.0,48.99169
C1,338010414.0,338.010414
C1,53111595.0,53.111595
C0,344456563.5,344.4565635
B1,49450157.0,49.450157
B0,330193449.5,330.1934495
C1,333899170.5,333.8991705
B1,206859446.5,206.8594465
C0,46823302.5,46.8233025
C0,343838677.0,343.838677
B0,51081055.5,51.0810555
B1,302020527.5,302.0205275
C1,195066019.0,195.066019
B0,300662854.0,300.662854
C1,54848635.5,54.8486355
B0,52281096.0,52.281096
C0,196698825.0,196.698825
B0,233907938.5,233.9079385
B1,47162419.0,47.162419
C0,305724769.0,305.724769
B1,235044002.0,235.044002
B1,171228965.5,171.2289655
B0,197305849.0,197.305849
B0,230090133.5,230.0901335
B0,159870682.5,159.8706825
C0,356379836.5,356.3798365
C1,46591967.0,46.591967
B0,157078090.5,157.0780905
B1,397862132.5,397.8621325
B1,173041654.0,173.041654
C1,49744443.0,49.744443
C1,64834122.0,64.834122
C1,48036731.0,48.036731
B1,363570859.0,363.570859
C1,48670830.0,48.67083
B0,181404659.0,181.404659
B1,217594041.5,217.5940415
B1,48722052.0,48.722052
C0,188547330.5,188.5473305
B0,274256655.0,274.256655
C0,52336670.0,52.33667
B0,360606779.0,360.606779
B1,48655796.5,48.6557965
B0,211412827.5,211.4128275
C1,49218477.5,49.2184775
C1,54889383.0,54.889383
C1,323003244.0,323.003244
B0,49738824.0,49.738824
C0,50171069.5,50.1710695
C0,47494858.5,47.4948585
B0,48868375.0,48.868375
B1,204609727.0,204.609727
B0,211100382.0,211.100382
B0,47349878.5,47.3498785
C1,199147256.0,199.147256
B0,281408108.5,281.4081085
B1,50756119.0,50.756119
C1,273650757.0,273.650757
B1,312643802.0,312.643802
C1,159494745.0,159.494745
C0,46382113.5,46.3821135
C1,357660948.0,357.660948
B1,146072274.0,146.072274
C1,207268810.5,207.2688105
B1,46216781.5,46.2167815
C1,178215893.0,178.215893
C0,354845929.0,354.845929
C1,161496576.5,161.4965765
B1,142095830.5,142.0958305
B1,345670233.5,345.6702335
B0,331970067.0,331.970067
C0,166827468.0,166.827468
B1,48043055.0,48.043055
B1,346868507.0,346.868507
C0,440027612.5,440.0276125
B0,281604959.0,281.604959
B0,225142974.0,225.142974
B0,296494895.0,296.494895
C1,337184424.0,337.184424
C0,45407655.0,45.407655
B0,286920791.5,286.9207915
C0,196424056.0,196.424056
B1,168901145.5,168.9011455
C1,55113464.5,55.1134645
C1,45882374.0,45.882374
B0,49319761.0,49.319761
C1,357435372.0,357.435372
B1,49486833.0,49.486833
C0,50437543.0,50.437543
B1,48927767.5,48.9277675
B1,167200886.0,167.200886
C0,179136830.5,179.1368305
C1,177678317.0,177.678317
B0,323844807.0,323.844807
B0,345885899.5,345.8858995
B1,54861316.0,54.861316
B1,273038360.5,273.0383605
B1,47713078.0,47.713078
C1,226555396.0,226.555396
C0,48563544.0,48.563544
C0,64518564.0,64.518564
B0,166727187.5,166.7271875
B1,176148101.5,176.1481015
C0,158157227.5,158.1572275
C0,48795869.0,48.795869
B1,56537500.5,56.5375005
C1,47909259.0,47.909259
C1,177661928.5,177.6619285
B1,319193610.0,319.19361
B1,364223745.5,364.2237455
B0,341577227.5,341.5772275
B0,347895105.0,347.895105
B1,50455268.5,50.4552685
B0,151896226.5,151.8962265
C0,174573570.0,174.57357
B1,175301354.5,175.3013545
C1,169492337.5,169.4923375
C1,51722393.0,51.722393
B0,292141019.0,292.141019
B0,331910693.0,331.910693
B0,181867644.0,181.867644
B1,286217902.0,286.217902
B0,52069312.0,52.069312
B0,174792109.0,174.792109
B0,196715159.0,196.715159
B0,115529121.5,115.5291215
B1,49354665.0,49.354665
B1,47512956.5,47.5129565
C0,398799644.5,398.7996445
B1,53566085.5,53.5660855
C1,318969654.0,318.969654
C0,155039274.5,155.0392745
B0,299659345.5,299.6593455
B1,386730151.5,386.7301515
C1,171131857.5,171.1318575
C0,196519804.0,196.519804
C1,50885925.5,50.8859255
C1,238362234.5,238.3622345
C0,51191945.0,51.191945
B0,291200337.5,291.2003375
B0,206843533.0,206.843533
B1,161051419.5,161.0514195
C1,210294397.5,210.2943975
C1,331832699.0,331.832699
C0,299807334.5,299.8073345
C0,46816560.0,46.81656
B0,48708819.0,48.708819
C1,211861245.0,211.861245
C1,48799448.5,48.7994485
C0,52497940.0,52.49794
C0,47139312.0,47.139312
B0,181332302.0,181.332302
B1,48188472.0,48.188472
C0,183138267.5,183.1382675
C1,52445226.0,52.445226
C1,285830889.0,285.830889
C0,53297086.5,53.2970865
B0,47476974.5,47.4769745
C0,387616256.5,387.6162565
C0,46859245.0,46.859245
C0,172951206.0,172.951206
B1,47867738.0,47.867738
B0,49265645.5,49.2656455
B1,193336688.5,193.3366885
C1,274171157.0,274.171157
C0,331386948.0,331.386948
B1,174588174.5,174.5881745
C0,597347982.0,597.347982
B1,297479571.0,297.479571
C0,58772577.5,58.7725775
C1,315911155.0,315.911155
B0,238385251.0,238.385251
C0,276276840.0,276.27684
C0,169785962.5,169.7859625
B0,46600531.5,46.6005315
B1,182225065.5,182.2250655
B0,50225639.0,50.225639
B0,367606073.5,367.6060735
C0,308389419.0,308.389419
B0,166406046.5,166.4060465
C1,167398397.5,167.3983975
C1,47792926.0,47.792926
C1,283800361.0,283.800361
C1,325279813.0,325.279813
B0,280877668.0,280.877668
C1,341125423.5,341.1254235
C1,48314252.5,48.3142525
B0,203623337.0,203.623337
C1,189733753.0,189.733753
B1,315250956.0,315.250956
C1,327295644.0,327.295644
C0,148062771.0,148.062771
C0,190795431.0,190.795431
C0,46311414.5,46.3114145
B0,46171034.0,46.171034
C0,181620412.5,181.6204125
C0,319330831.5,319.3308315
C1,276533836.0,276.533836
B1,192181380.5,192.1813805
B1,279195458.0,279.195458
B1,322784648.0,322.784648
B0,187844086.5,187.8440865
B1,51328398.0,51.328398
C0,307453558.0,307.453558
C1,157364654.5,157.3646545
B1,154490754.0,154.490754
B1,47725311.0,47.725311
B0,323204497.5,323.2044975
B1,47435498.0,47.435498
B0,47405814.5,47.4058145
B1,347526386.0,347.526386
B1,188419944.0,188.419944
B0,294710509.0,294.710509
C1,201157076.5,201.1570765
C1,155187223.5,155.1872235
C0,302509781.0,302.509781
B0,50297929.5,50.2979295
C1,211087227.0,211.087227
C0,50579116.5,50.5791165
B1,48363027.0,48.363027
C1,342699424.0,342.699424
C1,310241521.0,310.241521
C1,47458890.0,47.45889
B1,50346661.5,50.3466615
C1,155646572.5,155.6465725
B1,304734208.5,304.7342085
B0,296206264.0,296.206264
B0,281944968.0,281.944968
B0,297814525.0,297.814525
C1,325224900.0,325.2249
B0,50072523.5,50.0725235
C0,308542075.0,308.542075
B1,168096242.0,168.096242
B0,291373358.0,291.373358
C0,153189991.0,153.189991
B0,304848979.5,304.8489795
C0,47313523.0,47.313523
C1,44801403.5,44.8014035
C0,175600958.0,175.600958
B1,336527625.0,336.527625
C1,186230355.0,186.230355
B0,47543485.5,47.5434855
B1,127042572.0,127.042572
C1,48108373.5,48.1083735
C0,54602150.0,54.60215
C0,266765156.5,266.7651565
C1,197159756.5,197.1597565
C0,166962834.0,166.962834
C0,47708256.5,47.7082565
B0,315038146.0,315.038146
B1,45678909.0,45.678909
C0,50638300.5,50.6383005
C1,48829858.0,48.829858
B1,47055898.0,47.055898
B0,258022972.5,258.0229725
C0,46705319.0,46.705319
B0,56936415.0,56.936415
B1,45879164.5,45.8791645
C0,289084414.5,289.0844145
B1,356982255.0,356.982255
B1,46111901.5,46.1119015
C0,45820200.5,45.8202005
C1,168264558.5,168.2645585
B0,149050351.0,149.050351
C0,52161639.0,52.161639
C1,284216127.0,284.216127
B1,46862191.0,46.862191
B1,343524160.0,343.52416
B1,47143053.0,47.143053
B0,49604713.5,49.6047135
B1,288872784.0,288.872784
B0,317697971.0,317.697971
C0,181802752.5,181.8027525
B1,160554084.0,160.554084
B1,315162825.0,315.162825
C1,253726923.0,253.726923
B0,158493238.0,158.493238
C0,322836613.0,322.836613
B1,296324528.0,296.324528
B0,45139666.0,45.139666
C1,155286023.0,155.286023
C0,48341143.0,48.341143
C1,57650374.5,57.6503745
B1,166750270.5,166.7502705
B0,191987892.5,191.9878925
C1,299083514.0,299.083514
C1,44825364.5,44.8253645
B0,258715933.0,258.715933
B0,164631366.0,164.631366
B1,144360277.0,144.360277
B0,397912330.0,397.91233
C1,173929431.5,173.9294315
B0,195443723.5,195.4437235
C0,304014830.0,304.01483
C0,46075278.5,46.0752785
B1,166448021.5,166.4480215
B1,49518160.0,49.51816
C1,49597627.5,49.5976275
C1,288845817.5,288.8458175
B0,323900820.0,323.90082
C1,51858686.0,51.858686
C1,302587767.0,302.587767
B0,298053871.5,298.0538715
B1,173778572.0,173.778572
C0,168569001.5,168.5690015
B1,53107056.0,53.107056
B1,46589936.5,46.5899365
C0,47218668.0,47.218668
B1,244787368.0,244.787368
B0,148487844.0,148.487844
C0,48372503.0,48.372503
B0,370151773.5,370.1517735
B0,153136511.5,153.1365115
C0,48725247.0,48.725247
C1,48829024.0,48.829024
C0,292142547.0,292.142547
C0,49760849.5,49.7608495
C1,339291321.5,339.2913215
C1,50806050.5,50.8060505
B1,180719179.5,180.7191795
C0,168719008.0,168.719008
B1,309969713.0,309.969713
B0,48463555.0,48.463555
B1,165052977.5,165.0529775
B1,163032246.0,163.032246
B1,46056053.5,46.0560535
B0,46594361.5,46.5943615
B0,47237143.0,47.237143
C0,334663508.0,334.663508
B0,47161052.5,47.1610525
C1,160310091.0,160.310091
C1,162973538.5,162.9735385
C0,177104602.5,177.1046025
C0,48191244.5,48.1912445
B1,198270482.0,198.270482
B1,177051475.5,177.0514755
C1,225456051.0,225.456051
C1,47605915.0,47.605915
B1,48868740.5,48.8687405
B0,48613208.0,48.613208
B0,48280003.0,48.280003
C0,193287570.0,193.28757
C1,281197951.5,281.1979515
B1,285748983.0,285.748983
C1,177400109.5,177.4001095
C1,49055585.0,49.055585
C1,294109774.0,294.109774
B1,340694966.0,340.694966
B0,186172340.0,186.17234
C1,303086645.5,303.0866455
C0,165294168.5,165.2941685
C1,191164361.0,191.164361
C1,48337477.0,48.337477
B1,192657973.0,192.657973
B1,222029475.0,222.029475
B1,295877542.0,295.877542
C0,346696898.0,346.696898
B1,327549991.0,327.549991
C1,50522554.5,50.5225545
C1,203965819.5,203.9658195
C0,168877907.0,168.877907
C1,452493480.5,452.4934805
C1,310766118.0,310.766118
C1,47612511.0,47.612511
C1,323008371.5,323.0083715
B1,47191885.5,47.1918855
B1,49613829.5,49.6138295
B0,270561263.5,270.5612635
B0,194701042.5,194.7010425
C1,318712495.0,318.712495
B0,383106626.0,383.106626
C1,163871431.0,163.871431
C0,180938353.0,180.938353
B0,190994005.0,190.994005
B1,48634753.5,48.6347535
C0,219131269.0,219.131269
B0,47470652.5,47.4706525
B0,182546867.5,182.5468675
C0,52061691.0,52.061691
B1,363570741.0,363.570741
B0,47967637.5,47.9676375
C0,373846999.5,373.8469995
C0,326636829.5,326.6368295
B1,50391452.0,50.391452
C0,303849404.0,303.849404
C1,48831029.5,48.8310295
B1,194501125.0,194.501125
B0,170097212.0,170.097212
B1,278437661.0,278.437661
C1,51229632.0,51.229632
B0,59292676.0,59.292676
B1,240229027.0,240.229027
C1,184894718.5,184.8947185
C0,188455629.5,188.4556295
B0,49586496.0,49.586496
C0,159206501.5,159.2065015
B0,147377010.5,147.3770105
B1,350961852.5,350.9618525
C1,196822659.0,196.822659
C1,195585158.0,195.585158
C0,308117698.5,308.1176985
C0,210827762.0,210.827762
B0,181910996.5,181.9109965
C0,362832631.5,362.8326315
B0,284958931.0,284.958931
B0,282458785.0,282.458785
C1,168745837.0,168.745837
C0,360539290.0,360.53929
B0,178685984.5,178.6859845
C0,46832385.0,46.832385
C1,293986398.0,293.986398
B1,206018295.0,206.018295
B1,313496683.0,313.496683
C0,48108288.0,48.108288
B1,194708011.5,194.7080115
C0,199157733.0,199.157733
C0,372588120.5,372.5881205
C1,46444962.0,46.444962
C1,305299697.0,305.299697
C1,290327480.5,290.3274805
C0,377706619.5,377.7066195
B0,195580016.0,195.580016
B1,159099237.5,159.0992375
B1,167730152.5,167.7301525
B1,140896779.5,140.8967795
B0,296585863.5,296.5858635
C0,52099201.5,52.0992015
B1,46966717.5,46.9667175
C0,183403773.5,183.4037735
B0,204490827.5,204.4908275
C0,322807286.5,322.8072865
C1,50158525.5,50.1585255
C1,311282404.0,311.282404
C0,48700834.5,48.7008345
B0,166657663.0,166.657663
B1,47002284.5,47.0022845
B0,48142701.0,48.142701
B0,50444762.5,50.4447625
C0,177909741.5,177.9097415
B0,46501258.0,46.501258
C0,304751523.0,304.751523
B0,168985541.0,168.985541
C0,51393461.5,51.3934615
C0,161380642.5,161.3806425
B1,187320648.5,187.3206485
C0,335781435.0,335.781435
C1,48858805.5,48.8588055
C0,186402198.0,186.402198
B1,48150923.5,48.1509235
B1,296904697.0,296.904697
C0,48153033.0,48.153033
C0,149438968.5,149.4389685
B1,356430749.0,356.430749
C1,59593553.0,59.593553
B0,47491626.5,47.4916265
C1,356621944.5,356.6219445
C0,50842625.0,50.842625
C1,161278436.0,161.278436
B1,51819146.5,51.8191465
C0,47604206.5,47.6042065
C1,167291304.0,167.291304
C1,174572961.5,174.5729615
B0,50186474.0,50.186474
B1,151376080.5,151.3760805
B1,48087849.0,48.087849
C1,292964251.0,292.964251
C1,51451015.0,51.451015
B0,292598659.5,292.5986595
B0,305066432.5,305.0664325
C0,269035362.0,269.035362
B0,325044661.0,325.044661
C1,405697011.5,405.6970115
C1,58252677.5,58.2526775
C1,208075911.5,208.0759115
C0,46705629.5,46.7056295
B1,46130097.0,46.130097
B1,49734373.0,49.734373
B0,310325746.0,310.325746
B0,170644663.5,170.6446635
B1,163098688.5,163.0986885
C1,383681138.5,383.6811385
B0,50148953.5,50.1489535
B1,210446360.5,210.4463605
C1,46742823.0,46.742823
C0,210548428.0,210.548428
B1,46508097.0,46.508097
B1,48854860.5,48.8548605
C0,49484036.0,49.484036
C1,305958802.5,305.9588025
C1,51188099.5,51.1880995
B0,192548630.0,192.54863
B1,367368183.5,367.3681835
C1,200337389.0,200.337389
B0,48063065.0,48.063065
B0,172247056.5,172.2470565
B0,48657362.5,48.6573625
B1,47547858.0,47.547858
C0,311705599.0,311.705599
C1,66583024.0,66.583024
C0,344626140.5,344.6261405
C0,318339852.5,318.3398525
B0,176750554.0,176.750554
C0,47791584.0,47.791584
B1,279063095.5,279.0630955
C1,311904153.0,311.904153
B1,264160851.5,264.1608515
B0,49951663.5,49.9516635
B0,321645416.0,321.645416
B1,245111605.0,245.111605
C1,154677855.0,154.677855
C0,304713382.5,304.7133825
C0,219344097.0,219.344097
C1,46073339.0,46.073339
C1,152477129.0,152.477129
B0,353562252.0,353.562252
B0,49709135.5,49.7091355
C0,48238274.0,48.238274
B0,301007828.5,301.0078285
C1,242941080.0,242.94108
C1,353457285.0,353.457285
C1,225897064.5,225.8970645
B0,173472812.5,173.4728125
B0,194735632.0,194.735632
B1,181795798.0,181.795798
B1,205465651.0,205.465651
B0,348097314.5,348.0973145
C0,178976980.5,178.9769805
B1,306355695.0,306.355695
B0,184705358.5,184.7053585
C1,197797208.0,197.797208
B1,48727978.0,48.727978
C0,366779674.0,366.779674
B1,274227191.5,274.2271915
C0,311995262.0,311.995262
C1,174228439.5,174.2284395
C0,184908689.5,184.9086895
C0,353239723.0,353.239723
C0,141999609.0,141.999609
B0,48712072.5,48.7120725
B0,46315362.0,46.315362
C0,220066432.5,220.0664325
C1,339225113.5,339.2251135
B0,325900208.5,325.9002085
B0,164952972.5,164.9529725
B1,349203032.5,349.2030325
B1,346976526.5,346.9765265
B1,47564584.5,47.5645845
C1,47606819.5,47.6068195
C0,47704441.5,47.7044415
B1,49041508.5,49.0415085
B1,45283058.0,45.283058
B1,226525397.0,226.525397
B1,336140361.5,336.1403615
C1,353302545.5,353.3025455
C0,331320056.5,331.3200565
C1,354004410.0,354.00441
C0,49557216.5,49.5572165
B1,48901354.5,48.9013545
B1,178718395.5,178.7183955
C0,340765806.0,340.765806
B1,384905878.5,384.9058785
B1,48698524.5,48.6985245
C0,50714366.5,50.7143665
C1,345799469.5,345.7994695
C0,184003924.0,184.003924
B0,197564984.0,197.564984
B0,206180084.0,206.180084
C0,300401911.5,300.4019115
B1,167646204.5,167.6462045
C0,293541821.5,293.5418215
B0,52966310.5,52.9663105
C1,332599529.0,332.599529
B0,146889455.0,146.889455
C1,319399365.5,319.3993655
C1,244998713.5,244.9987135
B1,357450588.0,357.450588
B1,316293245.5,316.2932455
C1,179315244.0,179.315244
B0,50426294.5,50.4262945
C1,46969820.0,46.96982
B0,55124029.0,55.124029
C1,182451686.5,182.4516865
B0,259163713.5,259.1637135
B0,303454094.0,303.454094
C0,180973832.5,180.9738325
C1,317770963.0,317.770963
C0,293990979.5,293.9909795
C1,300602207.0,300.602207
C0,50576751.5,50.5767515
C1,274487905.0,274.487905
C1,48156519.5,48.1565195
B1,168508672.0,168.508672
B1,52478744.0,52.478744
C0,350856475.5,350.8564755
C0,167715051.0,167.715051
B0,158897550.5,158.8975505
C0,53261425.0,53.261425
B1,188616911.0,188.616911
C1,47783446.0,47.783446
B0,296119728.0,296.119728
C1,47207141.5,47.2071415
C0,165815565.0,165.815565
C0,145553011.0,145.553011
C0,48198077.5,48.1980775
C0,179970145.0,179.970145
C0,170125769.0,170.125769
B0,172849950.0,172.84995
B1,183887831.0,183.887831
C1,49307255.0,49.307255
B1,45615063.5,45.6150635
B1,299339494.0,299.339494
C1,197569035.0,197.569035
C0,46275008.5,46.2750085
C0,132350371.5,132.3503715
B0,160515490.0,160.51549
C0,160698865.5,160.6988655
C0,47000404.5,47.0004045
B1,300779985.5,300.7799855
B1,299984746.0,299.984746
C1,194281054.5,194.2810545
B0,297527826.5,297.5278265
C0,301254130.5,301.2541305
C0,47241373.0,47.241373
B0,279912558.0,279.912558
B1,48386533.0,48.386533
B1,47566525.0,47.566525
B1,311777666.5,311.7776665
B1,253424373.0,253.424373
B0,49478974.5,49.4789745
C0,273249849.0,273.249849
C0,45869319.0,45.869319
B0,46199072.0,46.199072
C0,46394499.5,46.3944995
B0,337799080.0,337.79908
C1,48687256.0,48.687256
B0,155133848.5,155.1338485
C0,189699498.5,189.6994985
C1,181774823.0,181.774823
B1,198926218.0,198.926218
B0,295943370.0,295.94337
C1,48421946.0,48.421946
C0,288852824.0,288.852824
C1,47638844.0,47.638844
B1,45678938.0,45.678938
C1,162896925.5,162.8969255
C1,178779944.5,178.7799445
B1,47558177.5,47.5581775
C1,182366548.5,182.3665485
C0,156927882.0,156.927882
C1,188885112.0,188.885112
B0,136747473.0,136.747473
C1,47412377.0,47.412377
C1,313125647.0,313.125647
B0,163968132.5,163.9681325
B1,46882983.0,46.882983
C1,314592657.0,314.592657
B1,51888358.0,51.888358
B0,300180531.5,300.1805315
B1,257980737.5,257.9807375
C0,199686988.0,199.686988
B1,165641786.5,165.6417865
B1,48966190.5,48.9661905
B1,188956904.5,188.9569045
C0,301547686.0,301.547686
C1,46532863.5,46.5328635
B0,314227630.0,314.22763
B1,170288515.5,170.2885155
B0,319612638.5,319.6126385
B1,46642434.0,46.642434
C0,208928814.0,208.928814
C1,180778882.0,180.778882
B1,332721978.0,332.721978
B0,46065415.0,46.065415
C0,295760868.5,295.7608685
C0,298036517.0,298.036517
B1,49215438.0,49.215438
B0,146197010.5,146.1970105
C0,176243037.5,176.2430375
C0,307863284.0,307.863284
C1,292561171.0,292.561171
B0,165489990.0,165.48999
B0,137908938.0,137.908938
B0,168202230.5,168.2022305
B0,48145830.0,48.14583
C0,46979774.0,46.979774
B1,348655095.0,348.655095
C0,192384565.5,192.3845655
B1,185712284.5,185.7122845
B0,45313752.0,45.313752
C0,46494082.5,46.4940825
C0,327960887.5,327.9608875
C1,51048704.0,51.048704
B1,49991816.0,49.991816
B0,48671719.5,48.6717195
B0,333462419.5,333.4624195
C1,62274336.0,62.274336
B0,291921239.0,291.921239
C1,284746148.5,284.7461485
C0,276004760.5,276.0047605
C0,49974528.5,49.9745285
C1,129636712.0,129.636712
C1,334579684.0,334.579684
B1,181711198.0,181.711198
B0,288930901.0,288.930901
C0,194964770.0,194.96477
C0,180796332.0,180.796332
B1,173922808.5,173.9228085
B1,316246606.5,316.2466065
C0,177006953.5,177.0069535
C0,50314266.0,50.314266
B1,328797090.5,328.7970905
C1,47539737.5,47.5397375
C0,322510463.0,322.510463
C1,46928851.5,46.9288515
C1,280121236.5,280.1212365
C1,48332442.5,48.3324425
C0,48806513.5,48.8065135
C0,329538339.5,329.5383395
B1,48916088.0,48.916088
C1,172190011.0,172.190011
B1,299397438.0,299.397438
C1,262550286.0,262.550286
B0,167849608.5,167.8496085
C1,172808083.0,172.808083
B1,45179927.0,45.179927
B0,48037626.5,48.0376265
C0,160069558.5,160.0695585
B0,46799287.0,46.799287
B1,47333533.0,47.333533
C0,45779698.5,45.7796985
C1,198236352.5,198.2363525
B0,51338272.5,51.3382725
C1,46149774.5,46.1497745
C1,195771759.0,195.771759
C0,51973683.5,51.9736835
C0,53661509.0,53.661509
C1,296305872.0,296.305872
B1,168208434.5,168.2084345
B1,47248422.0,47.248422
B1,138699234.0,138.699234
C0,322154360.0,322.15436
C1,265937473.0,265.937473
C1,298627499.5,298.6274995
B0,171818677.0,171.818677
B1,144990831.5,144.9908315
C0,121991044.0,121.991044
C1,162197753.0,162.197753
C1,251230506.5,251.2305065
B1,263702565.5,263.7025655
C1,195456431.5,195.4564315
C1,184343543.5,184.3435435
C1,48056643.0,48.056643
B1,177899506.5,177.8995065
B0,380562926.5,380.5629265
B0,49452781.5,49.4527815
B0,45985272.5,45.9852725
B0,47497012.5,47.4970125
B1,296222511.5,296.2225115
B0,134483969.0,134.483969
B1,192642301.5,192.6423015
B0,138997634.0,138.997634
C0,47009680.5,47.0096805
B1,154012742.0,154.012742
B0,166920150.0,166.92015
C1,194185477.0,194.185477
B0,302786452.5,302.7864525
B1,305339299.0,305.339299
B0,321500748.0,321.500748
B1,48729453.0,48.729453
B0,199337070.0,199.33707
B0,325807956.0,325.807956
B0,48454330.0,48.45433
C0,154841520.0,154.84152
C0,49459319.0,49.459319
C1,51763763.5,51.7637635
B0,345647190.5,345.6471905
C0,308475855.5,308.4758555
C0,46892023.5,46.8920235
B0,200066544.0,200.066544
B0,53584901.0,53.584901
C1,348390489.0,348.390489
C1,49157402.0,49.157402
B1,177306722.0,177.306722
B1,332275392.5,332.2753925
C0,171494541.5,171.4945415
B1,367409915.0,367.409915
C0,49424472.5,49.4244725
C0,359571174.0,359.571174
B1,299483970.0,299.48397
B1,272508405.5,272.5084055
C1,174753318.0,174.753318
C0,208795283.5,208.7952835
C0,313669424.0,313.669424
B0,280734947.0,280.734947
C1,234913526.5,234.9135265
C0,167764822.0,167.764822
B1,187619087.5,187.6190875
B0,184432871.5,184.4328715
C0,47841027.5,47.8410275
B1,171302314.0,171.302314
C1,317243375.0,317.243375
B1,51964887.5,51.9648875
C0,188651258.0,188.651258
B0,48266552.5,48.2665525
C0,46253049.0,46.253049
B0,180975757.0,180.975757
B0,331663897.5,331.6638975
C0,58666167.5,58.6661675
B1,341754806.0,341.754806
C1,232464975.0,232.464975
B0,196880909.0,196.880909
C1,185052407.0,185.052407
B0,311004420.0,311.00442
C0,319686658.5,319.6866585
C1,305702547.0,305.702547
C1,48122149.5,48.1221495
C1,295854881.5,295.8548815
B0,48900161.0,48.900161
C1,45546380.5,45.5463805
C0,351655578.5,351.6555785
B0,270361216.5,270.3612165
B1,171177206.5,171.1772065
B0,45854375.5,45.8543755
B1,179079777.5,179.0797775
C0,286505838.5,286.5058385
B1,293319216.0,293.319216
B1,46843836.5,46.8438365
C0,164048304.0,164.048304
B0,176260516.0,176.260516
B0,319872997.0,319.872997
B0,303185394.5,303.1853945
B1,44975942.0,44.975942
C0,188499478.5,188.4994785
B1,300540694.0,300.540694
C1,254037794.0,254.037794
C1,186682249.5,186.6822495
C1,49503544.5,49.5035445
B0,170872396.0,170.872396
C1,49085486.0,49.085486
B0,46518105.5,46.5181055
B1,292289361.5,292.2893615
B1,44101930.5,44.1019305
C1,187234612.0,187.234612
B0,46793507.0,46.793507
B0,53308335.5,53.3083355
B1,181558636.0,181.558636
B1,182739525.5,182.7395255
B0,306914466.5,306.9144665
B0,45902714.0,45.902714
B0,52274299.0,52.274299
C0,299911173.0,299.911173
C1,46435069.5,46.4350695
B1,178340734.5,178.3407345
B0,49087771.0,49.087771
C1,47290444.5,47.2904445
B1,46014211.0,46.014211
C1,284234424.0,284.234424
B0,298251883.0,298.251883
C1,187287842.5,187.2878425
C0,175973561.0,175.973561
C0,331482418.5,331.4824185
B0,179181327.5,179.1813275
B0,342115475.0,342.115475
C0,45357524.5,45.3575245
B1,292788972.5,292.7889725
B1,52901146.0,52.901146
C1,47487430.0,47.48743
B0,47495442.0,47.495442
C1,157596293.0,157.596293
B0,171111943.0,171.111943
C1,54456916.0,54.456916
C1,293383902.5,293.3839025
B0,47065448.5,47.0654485
C0,48437471.0,48.437471
B1,45466679.5,45.4666795
B0,48302321.5,48.3023215
B0,212581026.0,212.581026
C1,196895974.0,196.895974
B1,232097355.0,232.097355
C0,169535864.0,169.535864
C1,51614615.5,51.6146155
B1,198797857.0,198.797857
C1,55903847.5,55.9038475
B0,49523805.5,49.5238055
B1,330064016.0,330.064016
C0,190114606.0,190.114606
B0,387263842.0,387.263842
B0,187692233.0,187.692233
B1,312429842.0,312.429842
C0,349424704.5,349.4247045
C0,183421292.5,183.4212925
C1,53238721.5,53.2387215
B0,212888942.5,212.8889425
C1,50820225.0,50.820225
B1,320811217.5,320.8112175
B1,53649576.5,53.6495765
C0,51831389.0,51.831389
B0,53170981.0,53.170981
B0,201237265.0,201.237265
B0,341307939.5,341.3079395
B0,257924567.0,257.924567
C1,197173225.5,197.1732255
B1,174177622.5,174.1776225
C0,357104938.0,357.104938
C1,173949127.0,173.949127
C0,322057536.5,322.0575365
B1,50880848.0,50.880848
C1,166764215.0,166.764215
B1,286996443.0,286.996443
C0,51814217.5,51.8142175
C1,51145217.5,51.1452175
B0,51272270.5,51.2722705
B1,167883882.5,167.8838825
C0,55624784.0,55.624784
B0,318589647.5,318.5896475
B0,343733368.0,343.733368
B1,50731895.5,50.7318955
C1,178118970.0,178.11897
B0,51454879.0,51.454879
C0,321670880.0,321.67088
C0,51786615.0,51.786615
B1,260991352.5,260.9913525
C0,227282638.0,227.282638
C1,211119852.0,211.119852
B1,183985487.5,183.9854875
B1,293282652.5,293.2826525
C0,318976463.0,318.976463
B1,343589706.0,343.589706
B1,284438632.0,284.438632
C0,357420160.5,357.4201605
C1,53068660.0,53.06866
B1,218128945.5,218.1289455
C0,352315108.0,352.315108
C0,308523201.0,308.523201
B1,53771600.5,53.7716005
C1,192422237.0,192.422237
B0,63201675.0,63.201675
B0,52660917.0,52.660917
C0,179373223.0,179.373223
C0,210023114.5,210.0231145
B0,51791455.5,51.7914555
B1,50528265.5,50.5282655
C1,338473005.5,338.4730055
B0,54071111.0,54.071111
C1,178195064.0,178.195064
C0,175633504.5,175.6335045
B0,169398930.5,169.3989305
B0,152185377.5,152.1853775
B1,51742066.5,51.7420665
C0,57034906.5,57.0349065
C0,200859798.5,200.8597985
C1,303734377.0,303.734377
B0,145973829.5,145.9738295
B1,330932485.5,330.9324855
B1,200529320.0,200.52932
C1,49894033.0,49.894033
B0,365596999.0,365.596999
B0,51267458.0,51.267458
B1,214687015.5,214.6870155
B1,319294391.0,319.294391
C1,359169467.0,359.169467
B0,52409299.0,52.409299
B1,294191070.0,294.19107
B0,150155726.5,150.1557265
B1,189203624.0,189.203624
C0,51984264.0,51.984264
B1,207439480.5,207.4394805
B0,54167290.5,54.1672905
B1,342995414.5,342.9954145
B1,51052732.0,51.052732
B0,50641013.0,50.641013
C1,49775454.0,49.775454
B0,189703605.5,189.7036055
C0,205491192.0,205.491192
C1,182861950.5,182.8619505
C1,294069215.0,294.069215
B0,52522537.5,52.5225375
C1,363520246.5,363.5202465
C0,347759345.0,347.759345
B0,187501127.5,187.5011275
B0,55593131.5,55.5931315
C0,212590828.5,212.5908285
C1,175746378.5,175.7463785
B0,364714567.0,364.714567
C1,195315069.0,195.315069
C0,51274472.5,51.2744725
C1,341583914.0,341.583914
C1,338025716.0,338.025716
C0,364242780.5,364.2427805
C0,51397535.0,51.397535
C1,50477917.5,50.4779175
B1,333683565.0,333.683565
C1,53283379.0,53.283379
C1,329294024.5,329.2940245
B1,57405951.0,57.405951
C1,306282755.0,306.282755
B0,50640902.5,50.6409025
C0,52172130.0,52.17213
B0,54473505.0,54.473505
C0,344315259.0,344.315259
B1,359161155.5,359.1611555
B0,190832361.0,190.832361
B0,329385916.5,329.3859165
C1,332654658.0,332.654658
B1,280311689.0,280.311689
C1,53764488.5,53.7644885
C0,313770015.5,313.7700155
C0,361537523.0,361.537523
C0,188881123.0,188.881123
C1,180014518.5,180.0145185
C0,340987463.0,340.987463
C0,49053482.0,49.053482
C1,55301159.0,55.301159
B1,48605679.0,48.605679
B0,352202502.0,352.202502
B1,225358661.5,225.3586615
B0,52824651.5,52.8246515
B0,326665453.0,326.665453
C0,148352227.5,148.3522275
C0,51866045.5,51.8660455
B1,219111931.5,219.1119315
C1,178290978.0,178.290978
C1,53186976.5,53.1869765
B1,51946636.0,51.946636
C1,373708334.5,373.7083345
B0,51618116.5,51.6181165
C0,53917037.5,53.9170375
C1,298692827.5,298.6928275
C1,51073947.5,51.0739475
C0,186777762.0,186.777762
B1,369155338.5,369.1553385
B1,348984599.0,348.984599
B1,51878382.0,51.878382
C1,190707679.0,190.707679
C0,173177020.0,173.17702
B0,177844306.0,177.844306
B0,302738128.5,302.7381285
B0,185651325.5,185.6513255
C0,325048554.5,325.0485545
B0,338038460.5,338.0384605
B0,327624974.0,327.624974
B0,207433520.5,207.4335205
B1,174633968.0,174.633968
C0,56435245.0,56.435245
B1,278626146.5,278.6261465
C0,205391875.5,205.3918755
C0,51592773.5,51.5927735
C1,53615756.0,53.615756
C0,50515130.5,50.5151305
C0,50791839.0,50.791839
B1,328573501.5,328.5735015
C0,200621922.0,200.621922
B1,50960152.0,50.960152
B1,200672261.0,200.672261
C0,325047029.5,325.0470295
B0,50388884.0,50.388884
B0,51165471.0,51.165471
C0,52472831.0,52.472831
C0,51105159.0,51.105159
B0,299948866.0,299.948866
B1,51662500.0,51.6625
C1,190231740.5,190.2317405
B1,297191397.0,297.191397
B1,183189968.0,183.189968
B0,337991108.0,337.991108
C1,51282226.0,51.282226
C0,198658518.0,198.658518
C1,49260217.5,49.2602175
C0,172052116.0,172.052116
B1,177548002.0,177.548002
B0,325948525.5,325.9485255
C1,185925541.5,185.9255415
B1,50697714.0,50.697714
C1,198633135.5,198.6331355
B1,318821060.5,318.8210605
C1,57782310.0,57.78231
C0,186818082.5,186.8180825
B0,354821100.0,354.8211
B0,188032789.5,188.0327895
C1,321396479.5,321.3964795
C0,206945658.5,206.9456585
C1,158095481.0,158.095481
C1,206958876.5,206.9588765
B0,255374660.0,255.37466
C1,51521999.0,51.521999
C0,321485126.0,321.485126
C1,321594290.0,321.59429
C0,52912809.5,52.9128095
B1,50705034.0,50.705034
B0,198395060.0,198.39506
C1,330090799.5,330.0907995
C0,290424794.0,290.424794
C0,336861769.0,336.861769
B1,51676653.0,51.676653
C0,174242513.0,174.242513
C1,51900311.0,51.900311
C0,162013515.0,162.013515
C0,51755244.0,51.755244
B1,52744108.5,52.7441085
B1,176673549.0,176.673549
C1,205249710.0,205.24971
C1,344929801.5,344.9298015
B1,52869870.5,52.8698705
B1,316114921.5,316.1149215
C1,294349860.5,294.3498605
B0,50789619.0,50.789619
C1,50573545.5,50.5735455
C1,50539226.0,50.539226
C1,50635228.0,50.635228
B0,358507002.0,358.507002
C0,345517050.0,345.51705
C0,342087952.0,342.087952
B1,160541359.5,160.5413595
C0,285716602.5,285.7166025
B0,382057952.5,382.0579525
B1,172488921.0,172.488921
C0,315543912.0,315.543912
C0,167301168.5,167.3011685
B0,53890516.0,53.890516
C0,51562977.5,51.5629775
C1,51264959.0,51.264959
B1,53438439.0,53.438439
B0,54004701.0,54.004701
B0,194029052.5,194.0290525
B0,183875021.5,183.8750215
C1,200117234.0,200.117234
C0,195466010.0,195.46601
B0,204273682.0,204.273682
B0,50314874.0,50.314874
B1,342888122.5,342.8881225
C1,165733496.0,165.733496
B1,366777230.0,366.77723
C1,158414333.5,158.4143335
B0,189461383.0,189.461383
C1,334545903.5,334.5459035
B1,189798676.5,189.7986765
B1,194795602.5,194.7956025
C0,229506662.0,229.506662
B0,191509166.5,191.5091665
B1,308877270.0,308.87727
B0,187214794.0,187.214794
C1,193570142.5,193.5701425
B1,184546226.5,184.5462265
C0,150432649.0,150.432649
C1,194433498.0,194.433498
B0,313205854.0,313.205854
C1,49935083.5,49.9350835
B1,51152250.5,51.1522505
B1,53834964.0,53.834964
C1,278245085.5,278.2450855
C0,49944187.5,49.9441875
C0,49562849.0,49.562849
B0,362758304.5,362.7583045
B1,50746732.0,50.746732
B1,188010069.0,188.010069
B1,52158278.0,52.158278
B0,306104500.0,306.1045
C0,327872695.0,327.872695
B1,326302356.5,326.3023565
B0,307660616.0,307.660616
B0,199955234.0,199.955234
C0,49738251.5,49.7382515
C0,199386499.5,199.3864995
C1,49126882.0,49.126882
B0,191501004.5,191.5010045
C1,341643562.0,341.643562
C1,342009017.5,342.0090175
C1,349697801.5,349.6978015
C0,375531955.0,375.531955
B1,62884355.0,62.884355
C0,331304604.0,331.304604
C1,360841219.0,360.841219
B1,183075422.0,183.075422
B0,51954187.0,51.954187
C1,346893261.5,346.8932615
C1,249518930.0,249.51893
C1,204254991.0,204.254991
B1,188551951.0,188.551951
B0,321566501.5,321.5665015
B0,360627338.0,360.627338
C1,373310609.5,373.3106095
B1,187867556.0,187.867556
B1,326482444.5,326.4824445
B1,50520541.0,50.520541
B0,187880961.5,187.8809615
B1,51244112.5,51.2441125
C1,50694940.5,50.6949405
C0,51965438.5,51.9654385
C0,209789786.0,209.789786
B0,338357503.0,338.357503
B1,181107503.5,181.1075035
C0,50109097.5,50.1090975
C1,174508411.0,174.508411
B0,196888595.5,196.8885955
C1,348017395.5,348.0173955
B0,196445088.0,196.445088
C0,297521347.5,297.5213475
B1,57196504.5,57.1965045
B0,52461760.0,52.46176
B0,50530194.5,50.5301945
B0,336412456.5,336.4124565
C0,165366573.5,165.3665735
C0,50744922.5,50.7449225
B0,51628857.5,51.6288575
C1,173764450.0,173.76445
C0,162534956.0,162.534956
B0,179832082.5,179.8320825
C1,334878643.5,334.8786435
B1,193849348.0,193.849348
B0,319869709.0,319.869709
C1,51753164.0,51.753164
C0,53264302.5,53.2643025
C1,221815506.5,221.8155065
B1,166807675.5,166.8076755
B0,362882699.0,362.882699
B0,194930192.0,194.930192
B1,52735161.5,52.7351615
C0,53245890.0,53.24589
C0,196674787.0,196.674787
C0,50687160.5,50.6871605
B1,51522276.0,51.522276
B1,171548371.5,171.5483715
B0,52275172.0,52.275172
B0,193974546.0,193.974546
B1,280700216.0,280.700216
B0,51118738.0,51.118738
B0,51841652.0,51.841652
C0,306356693.0,306.356693
B1,50428582.5,50.4285825
C0,50361218.0,50.361218
C0,213149843.0,213.149843
C1,368683213.0,368.683213
C0,53417869.0,53.417869
B1,50561523.5,50.5615235
C0,188554746.0,188.554746
B1,180993664.5,180.9936645
C0,346440962.0,346.440962
C0,316145638.5,316.1456385
B0,332968108.0,332.968108
B1,343620260.5,343.6202605
C0,329309213.0,329.309213
C1,369047582.0,369.047582
C0,316275896.5,316.2758965
C0,197201539.0,197.201539
B1,52421115.0,52.421115
C1,154353682.0,154.353682
B1,345375945.0,345.375945
C0,194826344.0,194.826344
C1,211010335.0,211.010335
B0,175444221.5,175.4442215
C0,60979489.0,60.979489
C1,235719592.0,235.719592
C1,257882763.5,257.8827635
C0,390251387.5,390.2513875
B1,161564609.0,161.564609
B1,187674764.0,187.674764
B0,61391262.5,61.3912625
C1,52237288.5,52.2372885
B0,337184578.0,337.184578
C0,274162614.0,274.162614
C0,175801926.0,175.801926
C0,199175109.5,199.1751095
C0,251161230.5,251.1612305
C1,351355088.5,351.3550885
B0,284690877.0,284.690877
B0,205922109.0,205.922109
B1,309542010.5,309.5420105
C0,341109204.5,341.1092045
B1,53251381.0,53.251381
C1,51833094.0,51.833094
C1,212572442.5,212.5724425
C0,54416527.5,54.4165275
C0,187195840.0,187.19584
B0,354705077.5,354.7050775
C0,214590212.0,214.590212
C1,332683730.0,332.68373
C0,49462535.0,49.462535
C0,56309225.0,56.309225
B1,52196550.5,52.1965505
B0,53671030.5,53.6710305
C0,367129348.0,367.129348
B0,391260524.0,391.260524
C0,53225324.5,53.2253245
B0,50745168.0,50.745168
C1,332449363.0,332.449363
C1,208163444.0,208.163444
C1,181107102.0,181.107102
C0,53060773.5,53.0607735
C1,377546713.0,377.546713
C1,187631641.0,187.631641
B1,377518008.0,377.518008
B1,198077421.5,198.0774215
B0,364059931.5,364.0599315
B1,312661556.0,312.661556
C1,51590214.5,51.5902145
B0,308644189.0,308.644189
B0,55088766.0,55.088766
B1,205419884.0,205.419884
B1,53655320.5,53.6553205
C1,53274056.5,53.2740565
B1,371337480.0,371.33748
B0,233910554.5,233.9105545
C0,203847987.0,203.847987
C1,192463579.5,192.4635795
B0,147376780.0,147.37678
C0,208670841.5,208.6708415
B0,52372539.0,52.372539
B0,207840986.5,207.8409865
C1,409609112.0,409.609112
B1,323351730.5,323.3517305
B0,351092297.0,351.092297
B0,330146523.5,330.1465235
C0,54089270.5,54.0892705
C1,346862242.0,346.862242
C0,50936217.0,50.936217
C1,155573004.5,155.5730045
B0,158211479.0,158.211479
C1,53955979.0,53.955979
B1,327153933.0,327.153933
C0,254463657.0,254.463657
B0,305531670.5,305.5316705
B0,341568172.5,341.5681725
B0,285250732.5,285.2507325
C0,309375344.5,309.3753445
B0,195622604.5,195.6226045
C1,48247596.0,48.247596
C0,313961320.5,313.9613205
C0,50869708.5,50.8697085
C1,332659181.0,332.659181
B1,158790376.0,158.790376
C1,216164868.0,216.164868
C0,304261131.5,304.2611315
B1,204039175.0,204.039175
B0,337668240.0,337.66824
B1,52902496.0,52.902496
B1,189973195.5,189.9731955
C1,206480979.5,206.4809795
C1,55000794.0,55.000794
B1,51100077.0,51.100077
C0,175911790.0,175.91179
B1,196954395.0,196.954395
C0,214718432.0,214.718432
C0,326217872.0,326.217872
B1,52463095.0,52.463095
B0,50398775.5,50.3987755
C1,52582093.0,52.582093
B1,343078894.5,343.0788945
C0,49899975.0,49.899975
B1,50762721.0,50.762721
B1,339928834.5,339.9288345
B0,51664013.5,51.6640135
B1,198082408.0,198.082408
C1,333812267.5,333.8122675
C1,190321059.0,190.321059
B0,64320668.5,64.3206685
B1,355740248.5,355.7402485
C1,296462597.0,296.462597
B0,51654610.5,51.6546105
B0,50714675.5,50.7146755
C1,292717482.5,292.7174825
C0,196943672.5,196.9436725
B1,50585063.0,50.585063
B0,184247642.5,184.2476425
B0,52455142.5,52.4551425
B0,51846003.0,51.846003
B0,52928365.5,52.9283655
C0,185307502.0,185.307502
B0,334398511.0,334.398511
C1,51316396.5,51.3163965
C1,53037406.5,53.0374065
B1,204808728.5,204.8087285
C0,283440974.0,283.440974
B1,273086468.0,273.086468
C1,203312960.0,203.31296
B1,348151019.0,348.151019
C0,183681664.5,183.6816645
C0,361833611.5,361.8336115
B1,425409875.0,425.409875
C1,231853953.0,231.853953
B0,53001086.0,53.001086
B1,195381806.0,195.381806
C1,330912759.5,330.9127595
B0,173911922.0,173.911922
B0,204291495.0,204.291495
C1,431734196.5,431.7341965
C0,329269603.0,329.269603
B1,190380114.5,190.3801145
B0,221480012.5,221.4800125
C1,301952377.5,301.9523775
B0,197369604.0,197.369604
B0,205909428.0,205.909428
B0,56220487.0,56.220487
B1,342899901.5,342.8999015
C1,50602729.0,50.602729
C0,212129509.5,212.1295095
C0,60593758.5,60.5937585
C0,375802968.0,375.802968
C0,56956163.5,56.9561635
C0,374859162.5,374.8591625
C0,392075358.5,392.0753585
B1,355986678.5,355.9866785
C1,51901833.5,51.9018335
C0,341003700.0,341.0037
B1,177066264.5,177.0662645
B1,426732405.0,426.732405
C0,197898348.5,197.8983485
B0,198625847.0,198.625847
C1,53975912.0,53.975912
B1,185067190.5,185.0671905
C1,54866832.5,54.8668325
C1,371790024.0,371.790024
B0,217933946.0,217.933946
B1,51012764.5,51.0127645
C0,196731840.5,196.7318405
B1,376715224.5,376.7152245
C1,321426484.5,321.4264845
C1,49030683.5,49.0306835
B0,201069734.5,201.0697345
C0,52833986.5,52.8339865
B0,211834331.0,211.834331
C1,54012423.5,54.0124235
C0,195049248.0,195.049248
B0,405667207.5,405.6672075
B1,189180217.0,189.180217
C1,162279936.0,162.279936
C1,213319743.5,213.3197435
B0,193508633.0,193.508633
B1,332106931.5,332.1069315
C0,213993759.0,213.993759
C1,53175159.0,53.175159
C1,224939252.0,224.939252
B0,195228905.0,195.228905
C0,316584493.0,316.584493
B0,52954677.5,52.9546775
C1,52313612.0,52.313612
B1,52005079.0,52.005079
C1,50661668.0,50.661668
B1,374139994.0,374.139994
B1,388143368.5,388.1433685
B1,60996776.0,60.996776
B1,55778151.0,55.778151
C1,193265431.5,193.2654315
C1,213861910.0,213.86191
C1,399856066.0,399.856066
C1,338000634.5,338.0006345
B1,52518104.5,52.5181045
B1,341289321.5,341.2893215
B0,368484480.0,368.48448
C1,328348385.0,328.348385
C0,55714933.0,55.714933
C0,51836640.0,51.83664
C1,411115109.0,411.115109
C0,220195922.0,220.195922
C1,152344512.0,152.344512
C0,53685473.0,53.685473
B0,239743887.0,239.743887
C1,193761891.0,193.761891
C1,199234587.5,199.2345875
B0,372636985.0,372.636985
B1,52338319.0,52.338319
B0,297342986.0,297.342986
B0,362776909.5,362.7769095
B0,333498034.5,333.4980345
B1,207263568.5,207.2635685
C0,401604211.0,401.604211
C1,303020731.0,303.020731
C1,199773838.0,199.773838
B0,370201943.5,370.2019435
C1,206914138.0,206.914138
B0,51971285.5,51.9712855
C0,52539803.5,52.5398035
C0,205016280.5,205.0162805
B0,325620576.5,325.6205765
B1,187552704.0,187.552704
C1,53042187.0,53.042187
B1,196440713.5,196.4407135
B0,205749767.5,205.7497675
C0,54773673.5,54.7736735
C1,54710131.0,54.710131
B1,50320207.0,50.320207
C0,52968757.5,52.9687575
C0,51175567.5,51.1755675
B1,178317128.5,178.3171285
B1,53473368.0,53.473368
B0,52461146.5,52.4611465
B0,304881782.0,304.881782
B1,53503537.5,53.5035375
C1,51968368.5,51.9683685
B1,209417239.5,209.4172395
B0,194144404.5,194.1444045
C1,329476631.5,329.4766315
C0,168822560.0,168.82256
C1,352078560.5,352.0785605
B1,196807606.5,196.8076065
C1,50857994.5,50.8579945
B0,185267666.5,185.2676665
C1,50348826.0,50.348826
B1,188910524.5,188.9105245
B1,308843961.5,308.8439615
B0,301425288.0,301.425288
C1,51534897.0,51.534897
B0,58675555.0,58.675555
C1,55687087.5,55.6870875
B1,187776069.5,187.7760695
B1,322880076.0,322.880076
B1,54742151.0,54.742151
B1,55119807.0,55.119807
B0,152609948.0,152.609948
C0,51401241.5,51.4012415
C0,406327321.5,406.3273215
B1,52656331.5,52.6563315
B1,363706048.0,363.706048
C0,349396318.0,349.396318
B0,56036936.5,56.0369365
C0,283920720.0,283.92072
B1,52370535.5,52.3705355
B0,53807337.5,53.8073375
C1,365047736.5,365.0477365
C1,379868789.5,379.8687895
B1,359543691.0,359.543691
C1,412548541.0,412.548541
C0,206959150.0,206.95915
C1,195330256.5,195.3302565
B1,208711672.5,208.7116725
C0,200931389.0,200.931389
B0,320970490.0,320.97049
B1,214370501.0,214.370501
C0,305237880.0,305.23788
B1,191721793.0,191.721793
C0,51736757.5,51.7367575
B0,53886722.5,53.8867225
C0,200771299.5,200.7712995
B1,183251282.0,183.251282
C0,307879256.0,307.879256
C0,222949033.0,222.949033
B0,305530478.5,305.5304785
C1,53119960.5,53.1199605
B1,357751796.0,357.751796
C0,311474190.0,311.47419
B0,50927212.5,50.9272125
B1,156045708.0,156.045708
B1,216655837.5,216.6558375
B0,51779474.0,51.779474
B0,158745461.5,158.7454615
B0,359047027.0,359.047027
C1,189133510.5,189.1335105
C0,52078665.5,52.0786655
B0,340593257.0,340.593257
B0,199667906.5,199.6679065
C1,182461778.0,182.461778
C1,193039705.5,193.0397055
B0,182969449.0,182.969449
B1,50561262.5,50.5612625
C1,387530550.0,387.53055
B0,254917593.0,254.917593
C0,208260910.5,208.2609105
C0,53073286.5,53.0732865
C1,50824997.5,50.8249975
C0,239751202.0,239.751202
C0,378106863.0,378.106863
B1,205972256.5,205.9722565
C0,158330180.5,158.3301805
C1,205507554.0,205.507554
C0,198606504.5,198.6065045
C0,370828129.0,370.828129
C1,182861658.0,182.861658
C0,201631772.0,201.631772
C0,311914649.0,311.914649
B0,52166371.5,52.1663715
C0,52001307.0,52.001307
C0,53510309.5,53.5103095
B0,54612274.5,54.6122745
C0,317963639.5,317.9636395
C1,168434110.5,168.4341105
C0,170699697.5,170.6996975
B0,200248245.0,200.248245
C0,53351813.5,53.3518135
B0,51817960.0,51.81796
B1,364332857.0,364.332857
B1,237767019.0,237.767019
C1,54152959.5,54.1529595
B0,301716476.0,301.716476
B0,155668336.5,155.6683365
C1,415964615.5,415.9646155
C0,53346641.0,53.346641
B0,196194909.5,196.1949095
C0,344676013.0,344.676013
C0,180521695.0,180.521695
B1,53652282.0,53.652282
B1,153200956.0,153.200956
B1,52223406.5,52.2234065
C0,336330856.0,336.330856
C1,52026315.0,52.026315
C1,360671957.5,360.6719575
C1,50455602.5,50.4556025
B1,329748108.5,329.7481085
C1,215720978.0,215.720978
C1,211009183.5,211.0091835
C0,203036167.5,203.0361675
C1,194903154.0,194.903154
C1,346546437.0,346.546437
B1,186950437.5,186.9504375
B0,50056555.5,50.0565555
B1,317348421.5,317.3484215
C0,214786860.0,214.78686
B0,391672741.0,391.672741
B0,391271453.0,391.271453
C1,198941157.0,198.941157
B0,361653577.5,361.6535775
C0,183369394.5,183.3693945
B0,159737115.5,159.7371155
B1,348117954.0,348.117954
B0,412742858.0,412.742858
C0,54536444.0,54.536444
B1,176070818.0,176.070818
B0,293374015.0,293.374015
B0,375057240.5,375.0572405
C1,54834206.5,54.8342065
C1,54001587.5,54.0015875
B1,194697264.0,194.697264
C1,404124334.0,404.124334
C0,53021238.0,53.021238
C1,316634871.0,316.634871
B0,54717428.5,54.7174285
B1,219587428.5,219.5874285
B0,52424620.0,52.42462
C1,361667811.0,361.667811
C1,49652731.5,49.6527315
C0,208512427.0,208.512427
C0,54291920.5,54.2919205
B1,347088529.5,347.0885295
C1,336923878.5,336.9238785
C0,52857338.5,52.8573385
C0,397979816.0,397.979816
B0,55133286.5,55.1332865
C1,52107648.0,52.107648
B1,55674193.5,55.6741935
C1,364934761.5,364.9347615
B0,53110556.5,53.1105565
B0,300093983.0,300.093983
C1,158569733.0,158.569733
C0,400833919.5,400.8339195
B0,208225792.5,208.2257925
B0,347078049.0,347.078049
B0,201663917.0,201.663917
C0,205236874.5,205.2368745
B0,52424154.0,52.424154
C0,218926402.0,218.926402
B0,58009488.0,58.009488
B1,358289829.5,358.2898295
C0,346352020.0,346.35202
C0,58978070.0,58.97807
C1,291732922.5,291.7329225
C1,51962155.0,51.962155
C0,54942509.5,54.9425095
B0,356318927.5,356.3189275
B0,161700804.5,161.7008045
B1,188160424.0,188.160424
B1,59687684.0,59.687684
C1,50583662.5,50.5836625
C1,191486315.5,191.4863155
B0,279365763.0,279.365763
B1,213527953.5,213.5279535
C1,50651555.5,50.6515555
C1,54880391.5,54.8803915
C0,334054802.5,334.0548025
C0,51734608.5,51.7346085
B1,287193827.0,287.193827
B1,57293561.0,57.293561
B1,369289649.0,369.289649
B1,53963888.0,53.963888
C1,317978104.5,317.9781045
B0,51428853.5,51.4288535
C0,184850753.0,184.850753
B1,312875152.5,312.8751525
B1,391412633.5,391.4126335
B0,49420039.0,49.420039
B1,172223859.0,172.223859
B1,51318355.0,51.318355
B0,193532535.5,193.5325355
B1,337145193.0,337.145193
C1,56886057.5,56.8860575
C0,49624696.0,49.624696
C1,180909943.0,180.909943
C1,219656787.0,219.656787
B1,312494986.5,312.4949865
B0,305804997.0,305.804997
C1,340831123.5,340.8311235
B1,324916447.0,324.916447
C0,48349376.0,48.349376
B0,214793569.0,214.793569
B1,468810874.0,468.810874
C0,224485771.0,224.485771
B0,218747740.5,218.7477405
B1,177738225.5,177.7382255
C1,198465235.0,198.465235
B1,174432768.5,174.4327685
B1,334433712.5,334.4337125
B1,55603718.0,55.603718
C0,51204023.0,51.204023
B0,51928119.5,51.9281195
C1,193148999.0,193.148999
B1,315821513.5,315.8215135
C1,52861513.0,52.861513
C1,56458282.0,56.458282
C0,155688310.5,155.6883105
C0,333003049.0,333.003049
B0,207882507.5,207.8825075
C1,56776365.5,56.7763655
B0,337171378.5,337.1713785
B0,54092802.5,54.0928025
C0,177447489.5,177.4474895
B1,51568879.0,51.568879
B0,196761090.0,196.76109
B0,327504707.5,327.5047075
B0,282759864.0,282.759864
C1,53940749.0,53.940749
C1,322393902.0,322.393902
B1,55411539.0,55.411539
C1,50415284.5,50.4152845
B0,50824994.0,50.824994
B1,163243319.5,163.2433195
B1,368814920.0,368.81492
B0,183752560.0,183.75256
B0,181278088.5,181.2780885
C1,191732319.0,191.732319
B0,53011487.0,53.011487
C0,55063926.5,55.0639265
C1,326244922.0,326.244922
C0,55004852.0,55.004852
B0,312184040.5,312.1840405
C1,212095275.0,212.095275
B0,293020168.0,293.020168
C0,51659788.5,51.6597885
B1,52012755.0,52.012755
B1,305951329.5,305.9513295
B1,296645013.5,296.6450135
B1,183677719.5,183.6777195
B0,179245954.5,179.2459545
C0,299113662.0,299.113662
C1,345541881.5,345.5418815
C1,329119705.5,329.1197055
B1,50989456.5,50.9894565
C1,166083989.5,166.0839895
B1,352899335.0,352.899335
B0,51414082.5,51.4140825
C1,187921237.0,187.921237
B1,53105497.0,53.105497
B1,282412309.5,282.4123095
B1,190666467.5,190.6664675
B0,364659734.5,364.6597345
C0,224057856.5,224.0578565
C1,211974869.0,211.974869
B1,295014513.5,295.0145135
C0,53372242.5,53.3722425
B1,175638950.0,175.63895
C1,376102281.0,376.102281
B0,192766984.0,192.766984
C1,353903460.5,353.9034605
B1,173451550.0,173.45155
C1,53004180.5,53.0041805
C1,51311524.0,51.311524
B1,185413009.5,185.4130095
C1,184477912.0,184.477912
B1,208181379.0,208.181379
C1,359679360.0,359.67936
B0,201555099.5,201.5550995
C0,370941467.0,370.941467
B1,182939729.5,182.9397295
B1,55966100.0,55.9661
B1,358880439.5,358.8804395
C0,199782085.5,199.7820855
B0,49856076.5,49.8560765
C0,51964413.5,51.9644135
C0,334614041.0,334.614041
B0,305921850.5,305.9218505
B1,52850182.0,52.850182
B1,53880871.0,53.880871
B1,52536389.0,52.536389
C0,209768509.5,209.7685095
B0,151779798.0,151.779798
C1,164376286.0,164.376286
C1,53301799.0,53.301799
C0,323350576.5,323.3505765
C0,53595042.5,53.5950425
C0,338634086.0,338.634086
B0,50855343.5,50.8553435
B1,54882564.0,54.882564
B1,51225335.0,51.225335
C0,313889079.5,313.8890795
B0,208075514.5,208.0755145
B1,53963251.5,53.9632515
C1,182506612.5,182.5066125
C0,218085230.5,218.0852305
B1,53795361.5,53.7953615
B1,191619331.0,191.619331
B1,363027810.5,363.0278105
C1,324193804.0,324.193804
B0,350604551.0,350.604551
C0,339926064.5,339.9260645
C1,360264937.5,360.2649375
C1,332403621.0,332.403621
C0,52373983.5,52.3739835
C0,49311944.5,49.3119445
B0,175281383.5,175.2813835
C0,53962523.5,53.9625235
C1,177278290.5,177.2782905
C0,293037379.5,293.0373795
B0,191677410.5,191.6774105
B0,51585196.0,51.585196
B0,159755359.5,159.7553595
B1,351132859.5,351.1328595
B0,336690486.5,336.6904865
C1,319097522.5,319.0975225
C0,212756477.0,212.756477
C1,53499582.5,53.4995825
C0,312931922.5,312.9319225
C1,50774931.0,50.774931
C0,201020567.0,201.020567
B0,53237960.0,53.23796
B0,353407631.5,353.4076315
C1,320941664.5,320.9416645
C1,309093686.5,309.0936865
C1,51217320.5,51.2173205
B0,55294820.0,55.29482
C0,183816272.5,183.8162725
B0,49937109.5,49.9371095
C0,327892212.0,327.892212
C0,347141329.5,347.1413295
B1,53401011.0,53.401011
B1,347941863.0,347.941863
B0,196910958.0,196.910958
C1,53358375.0,53.358375
C0,52710748.5,52.7107485
C1,51233807.5,51.2338075
C1,169253713.0,169.253713
C0,343610340.0,343.61034
B0,160758233.5,160.7582335
B0,50902430.5,50.9024305
B1,50753175.5,50.7531755
C1,344200805.0,344.200805
B1,62700257.5,62.7002575
B1,51424430.5,51.4244305
B1,50825941.0,50.825941
B1,50592140.5,50.5921405
B1,187697447.5,187.6974475
B0,49620475.0,49.620475
B0,51531325.0,51.531325
C1,263179219.5,263.1792195
C0,292971808.5,292.9718085
C0,51868928.5,51.8689285
C1,53317329.5,53.3173295
B0,197083526.0,197.083526
B0,328441598.5,328.4415985
C1,52747429.5,52.7474295
B1,321984770.0,321.98477
C1,182939731.0,182.939731
C0,320169555.5,320.1695555
B1,53265347.0,53.265347
B0,183168283.5,183.1682835
B0,56987830.5,56.9878305
B0,52305799.5,52.3057995
B0,344540035.5,344.5400355
C1,294225463.0,294.225463
C1,176839726.5,176.8397265
C0,330195496.0,330.195496
B1,50606498.0,50.606498
B1,50849963.5,50.8499635
C1,366426359.5,366.4263595
C0,54241676.0,54.241676
C0,193553920.0,193.55392
C1,339616941.5,339.6169415
C1,297229539.5,297.2295395
B0,195779958.0,195.779958
C1,156000226.5,156.0002265
C0,187693403.5,187.6934035
B0,51278836.5,51.2788365
C0,50335673.5,50.3356735
C1,348857900.5,348.8579005
C0,48661086.0,48.661086
B1,51086090.5,51.0860905
B0,289542138.5,289.5421385
B1,383760230.5,383.7602305
B1,340555212.0,340.555212
B0,302845971.5,302.8459715
C0,51349711.5,51.3497115
C0,193355793.5,193.3557935
C1,314150581.5,314.1505815
B1,49822707.0,49.822707
C0,52704649.0,52.704649
B0,329571828.5,329.5718285
C0,49136179.5,49.1361795
C0,329246885.0,329.246885
B0,170530152.0,170.530152
C1,191070858.0,191.070858
B1,56461300.0,56.4613
C1,187346074.0,187.346074
B1,360634177.5,360.6341775
C1,193570436.5,193.5704365
B0,376291999.0,376.291999
C1,202456782.5,202.4567825
B1,192419088.5,192.4190885
C1,186706087.5,186.7060875
B1,51385378.5,51.3853785
B0,53709046.5,53.7090465
B0,162575076.0,162.575076
B1,349241402.0,349.241402
B1,269217402.5,269.2174025
C1,325736523.5,325.7365235
B0,339685619.5,339.6856195
C0,204907482.0,204.907482
B0,339880984.0,339.880984
B0,50493967.0,50.493967
B1,329492003.5,329.4920035
B1,195539529.5,195.5395295
C1,206823188.5,206.8231885
C0,192940420.0,192.94042
C0,189854103.0,189.854103
B0,327463113.0,327.463113
B0,181632143.0,181.632143
C0,57944852.5,57.9448525
C0,51380075.5,51.3800755
B1,354427837.0,354.427837
B1,179975788.0,179.975788
B1,196420286.5,196.4202865
B1,193708564.5,193.7085645
C0,306899502.5,306.8995025
B1,211477364.0,211.477364
C0,312367574.5,312.3675745
C0,343960848.5,343.9608485
B1,49885096.0,49.885096
C0,53123949.5,53.1239495
B0,52153331.5,52.1533315
C0,316785286.0,316.785286
C1,53646015.0,53.646015
C1,52406901.0,52.406901
C0,51125612.0,51.125612
B0,50421112.5,50.4211125
C0,339985164.5,339.9851645
C1,51743929.0,51.743929
B0,50841563.0,50.841563
C0,191430193.5,191.4301935
C1,312764767.5,312.7647675
C1,51938665.5,51.9386655
B0,347745959.0,347.745959
C0,356103702.5,356.1037025
B0,52053897.0,52.053897
C1,315116557.5,315.1165575
C0,194821301.0,194.821301
B0,291806362.0,291.806362
B1,48928306.5,48.9283065
B0,333854825.0,333.854825
C1,186806268.0,186.806268
C0,195287625.5,195.2876255
B1,341783762.0,341.783762
C1,197450767.0,197.450767
B0,207964680.0,207.96468
C0,212730132.0,212.730132
C1,50921460.5,50.9214605
B0,56615289.0,56.615289
B0,212030566.5,212.0305665
B1,48933064.5,48.9330645
B1,345923251.5,345.9232515
C0,54940713.0,54.940713
B0,54564666.5,54.5646665
B1,348157489.0,348.157489
B0,304292678.0,304.292678
B1,204376069.0,204.376069
B0,51802727.5,51.8027275
C0,55374403.5,55.3744035
C1,226722044.0,226.722044
B0,176030661.5,176.0306615
B1,51824582.0,51.824582
B1,56569947.5,56.5699475
C0,184937476.5,184.9374765
C0,338059751.5,338.0597515
B0,52855151.0,52.855151
C0,303610501.0,303.610501
C1,53993747.5,53.9937475
B1,379335956.0,379.335956
B0,197562582.0,197.562582
B1,272007455.0,272.007455
C1,49668015.0,49.668015
C0,193872311.5,193.8723115
B1,51512065.5,51.5120655
C1,202340438.5,202.3404385
B1,335149668.5,335.1496685
B0,185981146.0,185.981146
C1,50324833.5,50.3248335
C1,50048068.0,50.048068
B1,313279152.0,313.279152
C0,311115557.0,311.115557
B1,334761974.5,334.7619745
B0,54761546.0,54.761546
C1,180929593.0,180.929593
C0,185389224.0,185.389224
C0,227577827.0,227.577827
B0,210953821.0,210.953821
C1,49407759.0,49.407759
B0,167953480.5,167.9534805
B1,53625897.5,53.6258975
C1,286753786.0,286.753786
C0,191109559.5,191.1095595
B1,168420464.5,168.4204645
B1,57502856.0,57.502856
B0,49214168.5,49.2141685
B0,189915639.5,189.9156395
B1,320945032.5,320.9450325
B0,307059029.0,307.059029
C0,53205064.0,53.205064
B0,317713571.0,317.713571
B1,174089208.0,174.089208
C0,205350988.0,205.350988
C0,340523491.0,340.523491
C1,163363800.0,163.3638
C1,49348084.5,49.3480845
B1,191086847.5,191.0868475
C0,314638321.5,314.6383215
C1,145632924.0,145.632924
C1,52357909.5,52.3579095
C1,53140674.5,53.1406745
C0,53557568.0,53.557568
C1,174648356.5,174.6483565
C0,340181595.0,340.181595
C1,285228404.5,285.2284045
B1,50996874.5,50.9968745
B0,156210424.0,156.210424
B1,186284894.5,186.2848945
B1,269320979.5,269.3209795
B0,288641568.0,288.641568
B1,203549298.0,203.549298
B0,53573815.0,53.573815
B1,308217639.0,308.217639
B1,191601676.5,191.6016765
C1,53843745.0,53.843745
C0,54502501.5,54.5025015
B0,327791535.5,327.7915355
C1,313322452.5,313.3224525
C1,325638274.5,325.6382745
B1,178307690.5,178.3076905
C0,51739194.5,51.7391945
B0,195439582.5,195.4395825
B0,334540962.0,334.540962
B0,52033093.0,52.033093
C0,192050588.0,192.050588
C1,53621124.0,53.621124
C0,346342534.5,346.3425345
C0,205421994.5,205.4219945
B1,322542759.5,322.5427595
B0,170883142.5,170.8831425
B0,340915692.5,340.9156925
B1,378108108.5,378.1081085
C0,50988972.5,50.9889725
B0,201951052.5,201.9510525
C1,363918691.5,363.9186915
C0,52371594.5,52.3715945
C1,320147796.0,320.147796
B0,51218829.5,51.2188295
B1,54051908.0,54.051908
C0,290139389.0,290.139389
C0,282834958.0,282.834958
C1,356511770.0,356.51177
B1,332817891.0,332.817891
B1,54067137.0,54.067137
C1,184154928.0,184.154928
C0,347515226.0,347.515226
C0,336927384.0,336.927384
B0,176763710.0,176.76371
C0,203060848.0,203.060848
B1,201716251.0,201.716251
C1,338513536.0,338.513536
B1,165376185.5,165.3761855
C0,341729997.5,341.7299975
C0,55415317.0,55.415317
C0,53151831.0,53.151831
B1,199026992.0,199.026992
C0,183934649.0,183.934649
C0,58583937.5,58.5839375
B0,185479839.5,185.4798395
C1,200535214.5,200.5352145
C1,352728282.5,352.7282825
B0,207431579.5,207.4315795
C1,339318981.0,339.318981
B1,204860000.5,204.8600005
C0,342612158.0,342.612158
C0,290248268.0,290.248268
B0,348071344.5,348.0713445
C1,216327118.5,216.3271185
C1,56735696.5,56.7356965
C1,193270895.0,193.270895
B0,64341755.0,64.341755
B1,203188829.0,203.188829
B0,49919881.0,49.919881
C0,368429670.5,368.4296705
B1,207468731.0,207.468731
C1,180031513.5,180.0315135
B0,387578019.0,387.578019
B1,224564986.0,224.564986
B0,209727617.5,209.7276175
C1,356966802.5,356.9668025
C1,55439244.0,55.439244
C1,55068347.5,55.0683475
C0,50194680.0,50.19468
B0,53443200.5,53.4432005
C0,299234850.0,299.23485
C1,381650719.5,381.6507195
B0,318334102.5,318.3341025
C0,48270288.5,48.2702885
C1,172621211.5,172.6212115
C1,52976589.0,52.976589
C1,242620992.5,242.6209925
B1,50750264.5,50.7502645
B1,321323729.0,321.323729
B1,204221769.0,204.221769
B1,49055984.5,49.0559845
C0,224394318.0,224.394318
B0,191905144.0,191.905144
B0,343185076.5,343.1850765
B0,310338330.0,310.33833
C1,317471183.5,317.4711835
C1,370663137.0,370.663137
B0,367219021.0,367.219021
C0,350494520.0,350.49452
C0,54052765.5,54.0527655
C0,54005911.0,54.005911
B0,183732174.0,183.732174
B0,57575243.0,57.575243
B1,52430667.0,52.430667
C1,52344960.5,52.3449605
C0,189801644.0,189.801644
B1,233270270.5,233.2702705
C1,178719865.0,178.719865
C1,185855131.5,185.8551315
C1,56273068.0,56.273068
B0,52550262.0,52.550262
B1,207597249.0,207.597249
B1,315827958.5,315.8279585
B1,309971814.0,309.971814
B1,52852965.0,52.852965
B0,57090059.0,57.090059
C1,350668440.5,350.6684405
C0,184198260.0,184.19826
C0,210664583.0,210.664583
C1,51252578.5,51.2525785
C1,298926748.5,298.9267485
B0,53581511.5,53.5815115
C0,177195245.0,177.195245
C0,52629967.5,52.6299675
C1,50842933.5,50.8429335
B1,286011423.0,286.011423
B0,170135771.0,170.135771
C0,215414323.5,215.4143235
B1,50901675.5,50.9016755
B1,52557134.0,52.557134
B1,184288034.5,184.2880345
C1,237591804.0,237.591804
B0,199947131.5,199.9471315
C0,191594564.0,191.594564
C1,314815400.5,314.8154005
B1,52884399.5,52.8843995
C1,59145657.5,59.1456575
B0,171860064.0,171.860064
B0,339835059.5,339.8350595
B1,319311134.0,319.311134
B0,376100185.0,376.100185
B1,52642707.5,52.6427075
C1,53022308.0,53.022308
B1,177559348.0,177.559348
C1,52954802.5,52.9548025
B1,332107928.0,332.107928
C1,52388712.5,52.3887125
B0,55326369.0,55.326369
B1,157208441.5,157.2084415
C0,190428522.5,190.4285225
B1,324065183.0,324.065183
C0,51404691.5,51.4046915
C1,405648843.5,405.6488435
C1,52024951.5,52.0249515
B0,310060331.5,310.0603315
B0,207707615.5,207.7076155
C0,56092517.5,56.0925175
B1,392521378.0,392.521378
B1,186892520.0,186.89252
C0,188477485.0,188.477485
B0,188069345.0,188.069345
C0,54103757.0,54.103757
B0,193063019.0,193.063019
B1,288638024.0,288.638024
C1,339406210.5,339.4062105
B1,330278432.5,330.2784325
B0,318027318.0,318.027318
B0,54156824.0,54.156824
C0,334550051.5,334.5500515
C1,355826888.0,355.826888
C1,282860551.0,282.860551
C1,50783026.5,50.7830265
B0,203031186.5,203.0311865
C1,54260137.0,54.260137
C1,52658996.5,52.6589965
B1,54834425.5,54.8344255
B0,198152347.5,198.1523475
B1,55587600.5,55.5876005
C1,358124131.0,358.124131
B1,431099501.0,431.099501
C1,58161366.0,58.161366
B0,50512526.0,50.512526
B0,151494916.0,151.494916
C0,338589401.5,338.5894015
B1,201961375.5,201.9613755
B1,195010486.0,195.010486
B1,184703299.5,184.7032995
C0,228872497.0,228.872497
C0,214689182.5,214.6891825
B0,52182502.0,52.182502
B0,343709124.5,343.7091245
B0,155802022.0,155.802022
B0,53260776.0,53.260776
B1,342270979.5,342.2709795
C1,336404383.0,336.404383
C0,50867393.0,50.867393
C1,176100860.5,176.1008605
C1,193104187.0,193.104187
B1,209144508.5,209.1445085
C0,165916335.5,165.9163355
B1,387423811.5,387.4238115
B1,354785530.5,354.7855305
C0,55432972.5,55.4329725
C0,304528660.5,304.5286605
B0,55761429.5,55.7614295
C1,186994709.5,186.9947095
B0,184988388.5,184.9883885
B1,287492503.5,287.4925035
C0,174032360.0,174.03236
C0,334095700.5,334.0957005
B1,52682859.0,52.682859
B0,327554563.5,327.5545635
B0,325297241.0,325.297241
C1,214369252.5,214.3692525
B1,54126097.5,54.1260975
C0,54641573.5,54.6415735
B0,332958552.5,332.9585525
B0,341097331.0,341.097331
C0,301063685.5,301.0636855
C0,54002534.5,54.0025345
C1,340081244.5,340.0812445
B1,329678574.5,329.6785745
B0,359254137.0,359.254137
B1,213996269.0,213.996269
B1,187292078.5,187.2920785
B0,52144600.5,52.1446005
B0,53526586.5,53.5265865
C0,51285912.5,51.2859125
C0,193505504.0,193.505504
C0,52783229.0,52.783229
C1,217337650.5,217.3376505
B0,194827344.0,194.827344
B0,378855604.5,378.8556045
B1,57280120.0,57.28012
C1,56451324.0,56.451324
B1,354322429.5,354.3224295
B0,52467066.0,52.467066
B0,57969566.0,57.969566
C0,200665944.5,200.6659445
B0,52140108.0,52.140108
B0,202424913.0,202.424913
B1,53271742.5,53.2717425
C1,53450811.0,53.450811
C0,291180166.5,291.1801665
C1,330927685.5,330.9276855
C0,53424962.5,53.4249625
B1,210042995.0,210.042995
C0,353486194.5,353.4861945
B1,52446341.0,52.446341
B0,196056509.5,196.0565095
C0,53815223.5,53.8152235
C1,423114751.0,423.114751
B0,280451675.5,280.4516755
B0,53062822.5,53.0628225
B0,361325959.0,361.325959
C0,227003156.0,227.003156
C1,386776165.0,386.776165
C1,52327842.0,52.327842
C0,321485340.5,321.4853405
B0,219561270.5,219.5612705
C1,402046437.5,402.0464375
C0,53055007.5,53.0550075
C0,195271153.0,195.271153
C1,347781783.0,347.781783
B1,52860465.5,52.8604655
B0,55817424.0,55.817424
C1,391517758.5,391.5177585
B1,224985085.5,224.9850855
B1,50203982.0,50.203982
C0,158982453.0,158.982453
B1,50922499.0,50.922499
C1,214295013.5,214.2950135
B0,367338379.0,367.338379
B0,52424768.0,52.424768
C0,325839050.5,325.8390505
C0,237404556.0,237.404556
C1,55317196.5,55.3171965
C1,49430059.0,49.430059
B0,337147190.5,337.1471905
B1,455941207.5,455.9412075
C0,212494508.0,212.494508
B1,189820729.5,189.8207295
B1,159779666.0,159.779666
C1,214642152.0,214.642152
B1,375757206.0,375.757206
C1,162342327.5,162.3423275
C0,53213166.5,53.2131665
C1,160658919.0,160.658919
B0,52749334.0,52.749334
B1,306446769.0,306.446769
B1,53625346.5,53.6253465
C1,352267110.5,352.2671105
C0,59343697.0,59.343697
C1,52789140.5,52.7891405
B0,190860056.0,190.860056
C0,323264889.5,323.2648895
C0,210229579.0,210.229579
C0,365665819.5,365.6658195
C1,51635503.0,51.635503
B1,55211028.0,55.211028
B0,399904583.0,399.904583
B1,50158774.5,50.1587745
C0,324737942.5,324.7379425
C0,337884694.0,337.884694
B0,391484081.0,391.484081
C1,374676893.0,374.676893
B1,52785960.0,52.78596
C0,188007686.5,188.0076865
B0,52171096.0,52.171096
B0,203115684.0,203.115684
B0,371843076.5,371.8430765
B0,306208047.5,306.2080475
B1,355000417.5,355.0004175
B0,243755455.0,243.755455
B0,160402143.0,160.402143
B1,211360085.5,211.3600855
B0,315175873.5,315.1758735
B0,53397634.0,53.397634
B1,241825618.0,241.825618
C1,195040222.0,195.040222
B1,194801403.5,194.8014035
C0,51366158.5,51.3661585
C0,49955049.0,49.955049
B1,379303693.0,379.303693
B1,53776035.5,53.7760355
C0,206374339.0,206.374339
B0,194859926.0,194.859926
B1,52977858.0,52.977858
B0,314507042.0,314.507042
C1,200586248.5,200.5862485
B1,202649946.5,202.6499465
B1,57899557.5,57.8995575
B0,205721675.5,205.7216755
B1,178109099.0,178.109099
B0,293954342.5,293.9543425
C1,52387405.0,52.387405
B0,374762266.0,374.762266
C0,56531663.5,56.5316635
B0,202521937.0,202.521937
C0,201342490.0,201.34249
B1,212825280.5,212.8252805
C0,54528547.5,54.5285475
C1,354104606.5,354.1046065
C1,56666591.0,56.666591
C0,266514042.5,266.5140425
C0,404855157.5,404.8551575
B1,56509687.0,56.509687
C1,215063857.0,215.063857
C1,357584535.0,357.584535
B1,394150384.0,394.150384
B1,58518397.0,58.518397
C0,211194758.5,211.1947585
C0,164023809.0,164.023809
C0,52638935.5,52.6389355
C1,160820085.0,160.820085
C1,50171353.5,50.1713535
C1,59391693.0,59.391693
B0,347878896.0,347.878896
B1,334742748.5,334.7427485
C1,404654404.5,404.6544045
C1,51881124.0,51.881124
C1,52887996.5,52.8879965
C1,52382200.0,52.3822
B1,55051710.0,55.05171
B0,371241552.0,371.241552
B0,53858502.0,53.858502
C0,330843979.0,330.843979
C1,53385553.0,53.385553
B0,55028902.0,55.028902
C1,207803799.5,207.8037995
C1,367238160.0,367.23816
B1,200270903.0,200.270903
B1,345705675.0,345.705675
C1,50784222.5,50.7842225
C1,195110386.0,195.110386
C1,223995895.0,223.995895
C0,53593391.5,53.5933915
C1,401646924.5,401.6469245
C1,195991512.5,195.9915125
B1,51519596.5,51.5195965
B1,354782237.5,354.7822375
C1,432762124.5,432.7621245
C0,60669650.5,60.6696505
B1,51209703.0,51.209703
B1,184857917.5,184.8579175
B0,55712484.5,55.7124845
B0,204873901.0,204.873901
B1,181300578.5,181.3005785
C1,197484891.5,197.4848915
B1,313498975.0,313.498975
C0,311067736.5,311.0677365
C1,376483353.0,376.483353
C0,178883278.0,178.883278
C0,53506967.0,53.506967
C1,223933812.0,223.933812
C0,55224506.5,55.2245065
C1,206449052.0,206.449052
B0,53756061.0,53.756061
C1,151722727.0,151.722727
B0,162886331.5,162.8863315
B0,198054584.5,198.0545845
C0,332011715.5,332.0117155
C1,54405677.5,54.4056775
C1,204377296.5,204.3772965
C0,327563997.0,327.563997
B0,50927098.0,50.927098
C1,267768134.0,267.768134
C0,323735619.0,323.735619
C1,197747015.0,197.747015
B1,285181521.5,285.1815215
B0,350781792.5,350.7817925
C0,174643924.5,174.6439245
B1,54095959.0,54.095959
C0,330022259.5,330.0222595
C0,54442835.5,54.4428355
C0,244191731.5,244.1917315
B0,55123411.0,55.123411
C0,56580030.5,56.5800305
C0,186555921.5,186.5559215
C0,50600675.5,50.6006755
B1,237641127.0,237.641127
C0,214822320.0,214.82232
C0,347453528.5,347.4535285
B1,189754625.0,189.754625
B0,53095805.5,53.0958055
C0,237303932.5,237.3039325
B1,54216174.5,54.2161745
B1,52056669.5,52.0566695
B0,317632106.5,317.6321065
C0,274744856.0,274.744856
C1,59675309.0,59.675309
C0,59990355.5,59.9903555
B1,202872272.0,202.872272
B0,355934398.0,355.934398
B0,225795010.0,225.79501
B1,53579323.5,53.5793235
B0,56488803.0,56.488803
C1,51489251.5,51.4892515
C0,360203765.5,360.2037655
C0,229382697.5,229.3826975
B1,436980269.5,436.9802695
C1,54372690.5,54.3726905
C1,206533672.5,206.5336725
B1,365324981.5,365.3249815
B0,54059350.0,54.05935
C1,246964521.0,246.964521
B0,54022998.0,54.022998
C1,348711589.0,348.711589
C0,382725687.0,382.725687
B1,49735499.0,49.735499
C0,230984120.0,230.98412
C1,227622618.0,227.622618
C1,184222225.0,184.222225
B0,184931635.0,184.931635
C1,318440045.5,318.4400455
B1,386029530.0,386.02953
B0,310862625.0,310.862625
C0,280173708.0,280.173708
B0,196698839.0,196.698839
C0,274797584.5,274.7975845
B1,251404096.0,251.404096
B1,243199850.5,243.1998505
B1,386654636.5,386.6546365
C1,355440008.0,355.440008
B1,196169803.5,196.1698035
B0,199624565.5,199.6245655
B0,224238314.5,224.2383145
C1,401328845.0,401.328845
B0,52437770.5,52.4377705
B0,221927613.0,221.927613
B1,267184242.0,267.184242
C0,397884588.5,397.8845885
B1,175950366.5,175.9503665
B0,351760841.5,351.7608415
B0,205001369.5,205.0013695
B0,409510166.0,409.510166
B1,351980988.5,351.9809885
B1,355230104.0,355.230104
C0,187087420.5,187.0874205
C1,53431592.0,53.431592
C0,189021255.0,189.021255
B0,54628460.0,54.62846
B0,335829328.5,335.8293285
B1,367442990.0,367.44299
C1,67941822.0,67.941822
B1,350615945.5,350.6159455
B1,57438742.0,57.438742
B0,204340503.5,204.3405035
C0,203506215.0,203.506215
B0,194646217.0,194.646217
B1,53845936.0,53.845936
B1,381490171.5,381.4901715
C0,55722013.5,55.7220135
B0,54554379.5,54.5543795
B0,51170302.5,51.1703025
C0,51686191.5,51.6861915
C0,365520382.5,365.5203825
C1,194838295.5,194.8382955
B0,53787458.5,53.7874585
C0,233800631.5,233.8006315
C0,330654995.0,330.654995
C0,325765096.0,325.765096
C1,205618662.5,205.6186625
C1,420367419.0,420.367419
B1,50073187.5,50.0731875
C0,331424974.0,331.424974
C1,414375758.0,414.375758
C0,348361854.0,348.361854
C0,183024888.0,183.024888
C1,339280705.0,339.280705
C1,285842521.5,285.8425215
C1,208738902.5,208.7389025
B0,55212619.0,55.212619
B0,197957436.0,197.957436
B0,52683289.5,52.6832895
C1,341278585.0,341.278585
B0,167401474.5,167.4014745
C1,48651731.5,48.6517315
C0,56438637.0,56.438637
B1,214166811.5,214.1668115
C1,167984296.0,167.984296
C0,55733346.0,55.733346
B0,378493460.5,378.4934605
C0,245123012.5,245.1230125
B1,212260648.0,212.260648
B0,50818233.0,50.818233
C0,196991839.0,196.991839
B0,313420538.0,313.420538
B0,360815980.5,360.8159805
C0,224445996.5,224.4459965
B0,191178712.0,191.178712
B1,51675060.0,51.67506
C0,192453971.0,192.453971
B0,54614996.0,54.614996
C1,305930172.5,305.9301725
B0,194861990.5,194.8619905
B1,60206830.0,60.20683
C1,189240675.5,189.2406755
B0,332340736.5,332.3407365
C0,344451587.5,344.4515875
C0,195044330.5,195.0443305
B1,52903732.5,52.9037325
C0,391316639.0,391.316639
C0,403504169.0,403.504169
B1,51561348.0,51.561348
B0,365762121.0,365.762121
C1,362705648.5,362.7056485
B0,384138017.5,384.1380175
C0,54835122.5,54.8351225
B1,51396656.5,51.3966565
C0,354590970.5,354.5909705
B0,53561671.0,53.561671
C0,385053344.5,385.0533445
C1,52120941.5,52.1209415
C0,53968214.5,53.9682145
B0,50975569.5,50.9755695
B0,195037952.0,195.037952
C0,56093704.5,56.0937045
C0,181993406.0,181.993406
B1,195367384.0,195.367384
B1,429548300.0,429.5483
C1,215191953.0,215.191953
B0,51262262.0,51.262262
C0,172299459.5,172.2994595
C0,347623478.0,347.623478
B1,403547998.0,403.547998
B0,51946181.0,51.946181
C1,175681562.5,175.6815625
B1,330796305.5,330.7963055
C1,191144751.0,191.144751
C0,53443297.5,53.4432975
B0,325558633.0,325.558633
B0,278216255.0,278.216255
C1,54337950.0,54.33795
B0,52707162.5,52.7071625
B0,347251330.5,347.2513305
B0,307198765.5,307.1987655
C1,204684695.5,204.6846955
B1,208948484.0,208.948484
B0,58328081.0,58.328081
B1,291412435.0,291.412435
C0,52576909.0,52.576909
B0,399213816.0,399.213816
B0,167804991.0,167.804991
C0,55377052.5,55.3770525
C0,181107615.5,181.1076155
C1,187939230.0,187.93923
C1,213252658.0,213.252658
B1,51845465.0,51.845465
B1,52853425.0,52.853425
B1,52585958.5,52.5859585
B0,236366248.0,236.366248
C0,56375606.0,56.375606
C1,55550229.5,55.5502295
C1,324585724.0,324.585724
B1,392705067.5,392.7050675
B0,384762299.0,384.762299
C0,275647700.0,275.6477
C0,214219729.5,214.2197295
B0,165287788.0,165.287788
B0,217050683.5,217.0506835
B1,206637214.5,206.6372145
B1,154162522.5,154.1625225
B1,51895064.0,51.895064
C1,53828188.0,53.828188
C1,180186606.5,180.1866065
B1,364642575.5,364.6425755
C0,344033545.5,344.0335455
B1,53102873.0,53.102873
C0,199798728.0,199.798728
B0,223517808.0,223.517808
C1,380549697.5,380.5496975
B0,52205065.0,52.205065
C0,423318739.0,423.318739
C1,235395560.5,235.3955605
C0,54097948.5,54.0979485
C1,55199015.5,55.1990155
C0,212997097.0,212.997097
B1,396788876.0,396.788876
B1,372546932.0,372.546932
B0,56925328.0,56.925328
B1,337402766.5,337.4027665
C0,231729652.5,231.7296525
B1,226037865.5,226.0378655
B1,204636450.0,204.63645
C0,356910726.0,356.910726
C1,179681194.0,179.681194
B0,228819032.0,228.819032
B1,223316645.5,223.3166455
C0,355679236.5,355.6792365
C1,357440765.5,357.4407655
B1,179565053.0,179.565053
C1,56337051.0,56.337051
C1,59168431.5,59.1684315
B1,176495455.0,176.495455
C1,167709182.5,167.7091825
C0,52037989.5,52.0379895
B1,53526617.5,53.5266175
C0,233315602.5,233.3156025
B0,323991399.5,323.9913995
C0,305625982.5,305.6259825
B1,372570761.0,372.570761
C0,226864138.0,226.864138
B1,214321174.5,214.3211745
B1,192237343.5,192.2373435
B0,176303917.0,176.303917
B0,403861103.5,403.8611035
B1,52776053.0,52.776053
B1,53651812.5,53.6518125
C0,53449618.5,53.4496185
B0,69018712.0,69.018712
C1,56700463.5,56.7004635
C0,53071915.5,53.0719155
C1,363450109.0,363.450109
B1,219695878.5,219.6958785
C0,344929352.5,344.9293525
B1,53929316.0,53.929316
B1,52967780.0,52.96778
C0,212817196.5,212.8171965
B0,194715694.5,194.7156945
C1,53365813.5,53.3658135
C0,164835341.5,164.8353415
C1,179948884.0,179.948884
C0,162990966.5,162.9909665
B1,205273743.5,205.2737435
B0,365949421.5,365.9494215
B1,52788649.0,52.788649
C0,396891625.0,396.891625
B0,55756522.5,55.7565225
C0,52178315.5,52.1783155
B0,359213277.0,359.213277
C1,410507838.0,410.507838
C1,385819188.5,385.8191885
C1,314640097.5,314.6400975
B1,176431151.0,176.431151
C1,347347546.0,347.347546
B0,163839999.5,163.8399995
C0,49396749.0,49.396749
B1,160689766.5,160.6897665
C1,290452793.0,290.452793
C1,212620259.0,212.620259
C1,55883410.0,55.88341
C0,52149221.0,52.149221
C1,53011706.5,53.0117065
B0,199341138.0,199.341138
C0,50141046.5,50.1410465
C1,167078872.0,167.078872
C1,52654464.5,52.6544645
C0,54713409.0,54.713409
C1,399588197.5,399.5881975
B0,335524216.5,335.5242165
C1,355772066.0,355.772066
C1,52897048.0,52.897048
C1,375520060.0,375.52006
C1,354429417.5,354.4294175
B0,176562965.0,176.562965
C0,338246723.5,338.2467235
B1,54197947.5,54.1979475
B1,194941781.5,194.9417815
B1,50499740.0,50.49974
B0,51217908.0,51.217908
B0,52005743.5,52.0057435
C0,398457665.5,398.4576655
C0,52897066.5,52.8970665
B0,391361557.5,391.3615575
C0,189673068.0,189.673068
B0,190255758.0,190.255758
B1,392826679.5,392.8266795
C1,419570303.5,419.5703035
C1,53158248.5,53.1582485
C0,57044799.5,57.0447995
C1,173250192.0,173.250192
C0,382036458.0,382.036458
C1,191157645.0,191.157645
C0,195754975.0,195.754975
C1,206060203.0,206.060203
C1,223770062.0,223.770062
C1,223836416.0,223.836416
B1,341238212.5,341.2382125
C1,50643296.0,50.643296
C1,206272524.5,206.2725245
C1,317843339.5,317.8433395
C1,51742016.5,51.7420165
B1,201102856.5,201.1028565
B0,201014992.0,201.014992
B1,174658631.0,174.658631
C1,52369721.5,52.3697215
B1,56145047.5,56.1450475
C1,186053717.0,186.053717
B0,341373717.0,341.373717
C1,179361957.0,179.361957
C1,371543508.0,371.543508
C0,234996357.5,234.9963575
B0,49000824.5,49.0008245
B0,210565598.0,210.565598
C0,357730903.0,357.730903
B1,51628679.0,51.628679
B1,51228648.5,51.2286485
C1,55599980.5,55.5999805
B1,351629932.5,351.6299325
B0,54289939.5,54.2899395
B0,196339183.0,196.339183
C1,384488797.0,384.488797
B0,350319290.0,350.31929
B1,378918471.0,378.918471
C0,51327503.0,51.327503
C1,53470544.0,53.470544
B0,331148570.0,331.14857
B1,60410279.5,60.4102795
B1,172116287.0,172.116287
B0,387767300.5,387.7673005
B0,50689012.0,50.689012
C0,54364564.0,54.364564
C0,287392570.0,287.39257
B1,52196784.0,52.196784
B0,224185957.0,224.185957
C0,316297331.0,316.297331
C0,328954220.0,328.95422
B1,150702925.5,150.7029255
C1,51860432.5,51.8604325
B0,219078170.0,219.07817
B0,272142220.5,272.1422205
B0,312579499.0,312.579499
B1,178945436.0,178.945436
C1,408057817.5,408.0578175
B1,186775228.5,186.7752285
C1,352267899.5,352.2678995
C1,51617654.0,51.617654
C1,233519087.5,233.5190875
B1,361771544.5,361.7715445
B1,277222740.0,277.22274
C0,364873048.5,364.8730485
B1,330943421.0,330.943421
C0,220989545.5,220.9895455
B1,348858714.5,348.8587145
B1,198823477.0,198.823477
B0,55334599.5,55.3345995
C0,50237812.0,50.237812
C1,52809838.5,52.8098385
B1,386068872.5,386.0688725
B1,56024140.0,56.02414
B0,186874892.5,186.8748925
C0,51637396.5,51.6373965
C0,67524855.5,67.5248555
B1,372572828.5,372.5728285
C1,50695048.0,50.695048
C1,52475200.0,52.4752
B1,191253453.5,191.2534535
C1,388280083.5,388.2800835
B0,52237584.0,52.237584
B1,354578868.0,354.578868
B0,51715896.5,51.7158965
B0,211949744.5,211.9497445
B1,328016567.0,328.016567
B0,54546583.5,54.5465835
C0,367435293.0,367.435293
B0,381831747.5,381.8317475
C1,227267899.0,227.267899
B1,295620477.0,295.620477
C1,55616729.5,55.6167295
B1,386548926.0,386.548926
C0,327476155.0,327.476155
C1,52082353.0,52.082353
C0,206284061.0,206.284061
C0,214390454.0,214.390454
B0,326404170.5,326.4041705
C0,372097946.5,372.0979465
C0,188676525.5,188.6765255
B0,413435670.5,413.4356705
B0,55229489.5,55.2294895
C0,50895972.0,50.895972
C0,175959291.5,175.9592915
B1,375200783.0,375.200783
B0,57146669.5,57.1466695
C1,50726135.0,50.726135
C0,376949976.0,376.949976
B1,54948153.0,54.948153
C0,60786706.0,60.786706
B1,287856074.0,287.856074
B1,53495102.5,53.4951025
C1,189234316.0,189.234316
C1,386299767.0,386.299767
B1,154891329.5,154.8913295
C1,369942105.0,369.942105
B0,53133190.5,53.1331905
B1,408080099.5,408.0800995
B0,53549700.5,53.5497005
C1,54923100.0,54.9231
B0,321016831.0,321.016831
C1,147353973.5,147.3539735
C0,207648555.0,207.648555
C1,310269875.0,310.269875
C1,349987192.5,349.9871925
B1,51040291.5,51.0402915
C1,386135109.5,386.1351095
B0,298634413.5,298.6344135
B0,164185918.0,164.185918
B1,50959900.0,50.9599
B0,225481380.5,225.4813805
C0,50977140.5,50.9771405
C0,185050186.5,185.0501865
B1,51067623.0,51.067623
B1,343742082.0,343.742082
B1,192723498.5,192.7234985
C1,198395590.5,198.3955905
C1,54475570.5,54.4755705
B1,53928259.5,53.9282595
C1,50731522.0,50.731522
C1,424960176.0,424.960176
C1,268881035.0,268.881035
C0,335196318.0,335.196318
B1,53905791.5,53.9057915
C0,52014660.0,52.01466
B0,210383579.5,210.3835795
B0,194668424.5,194.6684245
B1,49005555.0,49.005555
C0,251820364.0,251.820364
B0,57271697.5,57.2716975
B0,332391209.0,332.391209
C1,343147895.5,343.1478955
C0,340762959.0,340.762959
C1,241320480.5,241.3204805
B1,57418646.0,57.418646
B1,52794932.5,52.7949325
B0,51142670.0,51.14267
C1,322367797.5,322.3677975
B1,217981471.5,217.9814715
C1,180578653.5,180.5786535
B1,166784856.0,166.784856
B1,205007776.0,205.007776
B0,216245950.0,216.24595
B0,51912526.0,51.912526
B1,182997672.5,182.9976725
B1,54155925.0,54.155925
B0,53357410.5,53.3574105
B0,224087976.5,224.0879765
B1,187477241.5,187.4772415
B0,50085972.5,50.0859725
B0,190065455.0,190.065455
B0,416723988.0,416.723988
B0,344714756.5,344.7147565
C0,357327488.0,357.327488
B1,213237253.5,213.2372535
C0,357634442.5,357.6344425
C0,203956048.5,203.9560485
B0,330891958.0,330.891958
B1,54233699.0,54.233699
B0,411237363.5,411.2373635
B1,315335851.5,315.3358515
B0,189042266.5,189.0422665
C1,314595127.0,314.595127
B1,53297214.5,53.2972145
C0,53838647.0,53.838647
C0,180861386.0,180.861386
B1,52748767.5,52.7487675
C0,401210454.0,401.210454
C0,215517792.5,215.5177925
B1,357790533.5,357.7905335
B0,55105389.5,55.1053895
B1,185631878.0,185.631878
B1,55581095.5,55.5810955
B1,52479199.0,52.479199
C1,52323804.0,52.323804
C1,246553393.0,246.553393
B1,196347743.0,196.347743
C1,353043207.5,353.0432075
B1,343676000.0,343.676
C0,385798944.5,385.7989445
C1,58086840.5,58.0868405
B0,335473830.0,335.47383
C0,52315143.5,52.3151435
B0,173726711.5,173.7267115
C1,63040423.5,63.0404235
B0,54613685.0,54.613685
C1,200695654.5,200.6956545
B1,63696922.5,63.6969225
B1,205648267.5,205.6482675
B1,359967539.5,359.9675395
B0,53763577.5,53.7635775
C1,51092586.0,51.092586
C1,363457131.0,363.457131
C0,300968080.5,300.9680805
B0,54069431.0,54.069431
C0,218917978.5,218.9179785
B1,197607167.5,197.6071675
C0,56131531.5,56.1315315
C0,157947176.0,157.947176
B1,429997552.0,429.997552
B0,208927506.0,208.927506
B0,339484858.0,339.484858
C1,52479767.0,52.479767
B0,56959975.5,56.9599755
C0,224295079.5,224.2950795
B0,208035736.5,208.0357365
B0,192423490.0,192.42349
C0,179481662.0,179.481662
C1,56102189.0,56.102189
B0,298713793.0,298.713793
C1,51726490.0,51.72649
C1,53158273.0,53.158273
C0,320336491.5,320.3364915
B1,205986495.5,205.9864955
C0,363862772.5,363.8627725
B0,339927216.0,339.927216
B0,331409499.5,331.4094995
B0,366873173.5,366.8731735
B0,51447762.5,51.4477625
C1,51991403.5,51.9914035
B1,357625605.0,357.625605
C1,223381219.5,223.3812195
C1,373434887.0,373.434887
C0,168122385.5,168.1223855
C0,53557578.5,53.5575785
B1,238877586.5,238.8775865
C0,232633274.0,232.633274
C0,50076934.5,50.0769345
B0,54465373.0,54.465373
C0,51334288.0,51.334288
C1,54108142.0,54.108142
C1,203150544.5,203.1505445
B1,181565532.0,181.565532
C0,355438753.5,355.4387535
C1,231092063.0,231.092063
C1,197082150.0,197.08215
C1,357268573.0,357.268573
B1,198573344.0,198.573344
C0,331941614.0,331.941614
C1,55667248.0,55.667248
B1,254262915.5,254.2629155
B1,53619430.5,53.6194305
B1,53545796.0,53.545796
B1,49068344.5,49.0683445
C0,352530938.0,352.530938
C0,49326429.5,49.3264295
C0,51756783.5,51.7567835
B0,51348690.5,51.3486905
B0,59498136.0,59.498136
C1,52398823.0,52.398823
B0,195716141.0,195.716141
C1,207926292.5,207.9262925
B1,364030261.5,364.0302615
C1,54444540.0,54.44454
C0,49369502.0,49.369502
B1,285353067.0,285.353067
C1,232805288.5,232.8052885
C1,60941419.0,60.941419
C0,54051137.0,54.051137
B0,165591961.0,165.591961
C0,48021807.0,48.021807
B0,187462358.5,187.4623585
B0,380687059.5,380.6870595
C1,211157222.5,211.1572225
B0,50626035.0,50.626035
C0,184468320.0,184.46832
B1,242903359.0,242.903359
B0,55089603.0,55.089603
C1,53781024.5,53.7810245
C0,51336379.5,51.3363795
B1,198265980.5,198.2659805
B1,430923110.5,430.9231105
B0,51286863.5,51.2868635
B0,62474588.5,62.4745885
C0,188465733.5,188.4657335
B1,204048804.5,204.0488045
B0,429692072.0,429.692072
B1,188703337.0,188.703337
C0,52816311.0,52.816311
B1,353990212.0,353.990212
B0,164612615.0,164.612615
B0,52527169.5,52.5271695
C0,332615572.0,332.615572
C1,477958516.5,477.9585165
C0,221707154.0,221.707154
B0,275688092.5,275.6880925
B1,381307967.5,381.3079675
C1,204229881.0,204.229881
B1,333284496.5,333.2844965
C1,50526170.0,50.52617
B1,203621320.0,203.62132
B1,51934135.5,51.9341355
C1,303905495.5,303.9054955
C1,187461034.0,187.461034
C0,175999294.5,175.9992945
C0,187800619.5,187.8006195
B1,360034515.0,360.034515
B1,292072150.0,292.07215
C0,52512243.0,52.512243
B0,221613652.0,221.613652
B1,229282396.0,229.282396
C1,337595246.5,337.5952465
C0,203117850.5,203.1178505
B0,210580845.0,210.580845
C0,165974611.5,165.9746115
C1,371156881.5,371.1568815
B0,303741226.5,303.7412265
B0,177926595.5,177.9265955
C0,291961000.5,291.9610005
B1,182226976.5,182.2269765
B0,56660201.0,56.660201
B0,182372008.5,182.3720085
B0,159584721.0,159.584721
C1,399875794.0,399.875794
C0,63140210.5,63.1402105
B1,52821997.0,52.821997
B0,358381514.0,358.381514
C0,322963892.5,322.9638925
B0,369835112.0,369.835112
C1,212658477.0,212.658477
C0,57074786.0,57.074786
C0,317731547.0,317.731547
C1,205541928.5,205.5419285
C1,209754756.5,209.7547565
C0,60727762.0,60.727762
C1,54488819.5,54.4888195
C1,356191235.0,356.191235
C0,50760240.5,50.7602405
B0,186603032.0,186.603032
C0,208712108.5,208.7121085
B1,208672138.0,208.672138
B0,207673156.0,207.673156
C1,371428443.5,371.4284435
B1,196918209.5,196.9182095
B1,364623938.0,364.623938
B0,369249474.5,369.2494745
C0,51944741.0,51.944741
C1,199800838.5,199.8008385
B1,205133276.0,205.133276
B1,379494664.0,379.494664
C0,218439585.0,218.439585
B0,340929722.0,340.929722
C1,51965305.5,51.9653055
C0,55898398.5,55.8983985
C1,395943065.5,395.9430655
B1,53200340.5,53.2003405
C1,218232582.0,218.232582
C1,170083874.0,170.083874
C1,195739690.5,195.7396905
C0,411735388.0,411.735388
C1,219780509.0,219.780509
B0,49808790.5,49.8087905
B0,404164309.0,404.164309
C0,301580315.0,301.580315
B1,53124449.0,53.124449
C1,334298234.5,334.2982345
C1,179587850.0,179.58785
C0,58082810.0,58.08281
B1,319805123.5,319.8051235
C0,226917651.5,226.9176515
C1,334570955.5,334.5709555
B1,51506093.5,51.5060935
B1,361869007.5,361.8690075
B0,321490673.0,321.490673
C0,62593249.5,62.5932495
C0,373101918.5,373.1019185
C1,59538616.5,59.5386165
C1,324285192.0,324.285192
B0,193569304.0,193.569304
C0,358685237.5,358.6852375
C0,420168958.0,420.168958
B1,54185461.5,54.1854615
B0,359123449.0,359.123449
B1,213683597.0,213.683597
C1,53523289.0,53.523289
C0,55141628.0,55.141628
C1,382019117.5,382.0191175
C1,193320261.5,193.3202615
C1,366178419.5,366.1784195
B0,57647311.5,57.6473115
B0,190156141.0,190.156141
B1,54004608.5,54.0046085
C1,52099486.0,52.099486
C0,303492471.0,303.492471
B0,182989373.5,182.9893735
C0,329670757.0,329.670757
C0,197273405.0,197.273405
B1,347773752.0,347.773752
B1,51399457.5,51.3994575
C0,52714945.0,52.714945
C0,223440239.5,223.4402395
B0,256141027.5,256.1410275
B0,52458772.5,52.4587725
B1,193463582.5,193.4635825
B0,62601784.5,62.6017845
C0,53686237.0,53.686237
B0,50101692.0,50.101692
B0,51723374.5,51.7233745
B0,407997076.5,407.9970765
C1,439655257.5,439.6552575
C1,52810172.5,52.8101725
C0,315133175.5,315.1331755
B0,330253699.5,330.2536995
B0,55961181.5,55.9611815
B0,53479776.0,53.479776
B1,368781988.5,368.7819885
C1,201592495.0,201.592495
C1,53992869.0,53.992869
B0,377576660.5,377.5766605
B0,52788740.0,52.78874
C1,52852386.0,52.852386
B0,348661067.5,348.6610675
B0,157374836.0,157.374836
B0,54869946.0,54.869946
C0,53753860.0,53.75386
B1,54790060.0,54.79006
B0,209969940.0,209.96994
B1,347866727.5,347.8667275
C0,54278743.0,54.278743
B1,366566577.5,366.5665775
B0,53585477.0,53.585477
C0,191086818.0,191.086818
C1,335725034.0,335.725034
B0,399821492.5,399.8214925
B1,410639055.0,410.639055
C0,52488151.0,52.488151
C0,53755022.0,53.755022
C0,179047342.0,179.047342
C0,195808441.5,195.8084415
C0,50984556.5,50.9845565
C0,189039488.5,189.0394885
C0,352643543.5,352.6435435
C0,189946073.5,189.9460735
C1,398420348.5,398.4203485
C1,422789453.0,422.789453
B1,319936513.0,319.936513
C1,360463891.0,360.463891
B1,54377422.0,54.377422
C1,214539035.0,214.539035
B0,331658074.0,331.658074
C1,52540621.0,52.540621
B1,54543799.5,54.5437995
B0,52234210.5,52.2342105
B0,211400094.5,211.4000945
C1,215153705.0,215.153705
C1,356991326.0,356.991326
C1,220415233.5,220.4152335
C1,184622855.0,184.622855
C0,352670626.5,352.6706265
B1,372092795.0,372.092795
B1,213789766.5,213.7897665
C0,337273256.0,337.273256
B1,197479852.5,197.4798525
B1,53455210.0,53.45521
C1,55234219.0,55.234219
B0,359531323.5,359.5313235
C1,54354856.0,54.354856
B0,173741723.0,173.741723
C1,177133878.0,177.133878
C1,54404688.5,54.4046885
C0,218814755.5,218.8147555
B0,204874474.0,204.874474
C0,308201715.0,308.201715
C0,180669853.5,180.6698535
C1,375239093.5,375.2390935
C0,52866902.5,52.8669025
C0,52200877.5,52.2008775
C1,316590626.5,316.5906265
C1,316306498.5,316.3064985
C1,324862696.5,324.8626965
C0,413562102.0,413.562102
C0,343009678.5,343.0096785
B0,373155252.5,373.1552525
C1,209416088.0,209.416088
C1,362482166.5,362.4821665
C1,53733952.5,53.7339525
B0,51516899.0,51.516899
B0,49125364.0,49.125364
B0,206741875.0,206.741875
C0,196103051.5,196.1030515
C1,402051726.5,402.0517265
C0,354994566.0,354.994566
C1,51040187.0,51.040187
C1,416038157.0,416.038157
B1,50875901.5,50.8759015
B1,180271364.5,180.2713645
B0,218586886.5,218.5868865
B0,372768241.0,372.768241
B1,52504111.0,52.504111
B0,330161941.5,330.1619415
C0,186660029.0,186.660029
B0,391759528.0,391.759528
C0,52919161.0,52.919161
B0,171402877.5,171.4028775
C1,52325611.0,52.325611
B0,57585339.5,57.5853395
B0,54327360.0,54.32736
C0,58031190.5,58.0311905
B1,176948906.0,176.948906
C0,345826676.0,345.826676
B0,53355311.0,53.355311
B1,207253303.5,207.2533035
C1,53830704.5,53.8307045
C0,404035854.0,404.035854
B0,200636115.0,200.636115
C1,53431215.0,53.431215
C1,55496274.0,55.496274
C1,199545586.5,199.5455865
C1,51768701.0,51.768701
C1,406888467.0,406.888467
C0,53032397.5,53.0323975
C0,188044821.5,188.0448215
B0,334139557.0,334.139557
B1,56124203.0,56.124203
B1,52716264.5,52.7162645
B0,187189786.0,187.189786
C1,202552044.5,202.5520445
C0,219797190.0,219.79719
C1,58740458.5,58.7404585
C0,289054196.5,289.0541965
C1,276148482.0,276.148482
C1,55459468.5,55.4594685
B0,370404945.0,370.404945
B1,307158081.5,307.1580815
C1,299098149.0,299.098149
B1,177925812.5,177.9258125
B1,220010449.0,220.010449
C0,214652594.0,214.652594
B0,321051008.5,321.0510085
B0,364166501.0,364.166501
B0,331126491.5,331.1264915
B1,395177434.5,395.1774345
B1,342617646.5,342.6176465
B0,54075954.5,54.0759545
B0,392793812.5,392.7938125
B0,54854526.5,54.8545265
C0,356094238.0,356.094238
C1,340112708.0,340.112708
C1,185189773.0,185.189773
B1,179631806.0,179.631806
C0,201436257.0,201.436257
C1,202924136.5,202.9241365
C1,53963177.0,53.963177
C0,203078251.0,203.078251
B1,391069614.0,391.069614
B1,53197573.0,53.197573
B0,50908691.0,50.908691
B1,338197763.0,338.197763
B0,53805021.5,53.8050215
C0,51696809.5,51.6968095
C0,354710232.0,354.710232
C0,168291748.5,168.2917485
B0,218963676.5,218.9636765
C1,238388837.5,238.3888375
B1,51642837.0,51.642837
B1,332413408.5,332.4134085
C1,52225576.5,52.2255765
C0,333712503.0,333.712503
B0,211238249.5,211.2382495
C1,55265305.5,55.2653055
B1,57962562.5,57.9625625
C0,50861679.5,50.8616795
C1,203434997.0,203.434997
C1,353022815.5,353.0228155
B1,233303221.5,233.3032215
B1,195648364.0,195.648364
B1,187495416.0,187.495416
C1,188626062.5,188.6260625
C0,332308267.5,332.3082675
B0,443339021.5,443.3390215
C1,208185085.0,208.185085
B1,302661026.0,302.661026
C0,331446235.5,331.4462355
C1,415779352.0,415.779352
C0,222278176.5,222.2781765
B0,303712556.0,303.712556
C1,52030832.5,52.0308325
B0,179584050.0,179.58405
B1,416362601.5,416.3626015
C0,56970519.0,56.970519
B1,52863089.0,52.863089
B1,54105204.5,54.1052045
B1,305774679.0,305.774679
B1,310321407.0,310.321407
C1,52013177.5,52.0131775
B0,402069996.0,402.069996
C1,230771827.0,230.771827
B0,414452679.5,414.4526795
B1,58874274.5,58.8742745
B1,327205367.0,327.205367
C0,278357869.0,278.357869
C0,205623754.5,205.6237545
B1,195225479.0,195.225479
C0,216938421.0,216.938421
B0,361066390.5,361.0663905
B1,197375340.5,197.3753405
B0,171230884.5,171.2308845
B0,53681091.0,53.681091
C1,381130542.0,381.130542
C1,212374594.5,212.3745945
C0,52003233.5,52.0032335
B0,398112664.5,398.1126645
C0,54201599.0,54.201599
B1,215881685.0,215.881685
C1,53492310.0,53.49231
B0,194372056.0,194.372056
B0,52300215.5,52.3002155
B1,215713682.0,215.713682
B1,386102911.5,386.1029115
C0,330112056.0,330.112056
C1,168282874.0,168.282874
C0,57935905.0,57.935905
B1,189522875.5,189.5228755
B0,52114484.0,52.114484
C0,53260657.0,53.260657
B0,208909836.5,208.9098365
C0,181261502.0,181.261502
B0,192624682.5,192.6246825
B0,187592503.0,187.592503
C1,200339532.0,200.339532
B1,384804229.5,384.8042295
B1,195238280.5,195.2382805
C1,158049300.5,158.0493005
B1,52478743.0,52.478743
C0,55845858.0,55.845858
C1,312833011.5,312.8330115
C1,201354672.0,201.354672
C1,178247244.5,178.2472445
C0,379263410.0,379.26341
B0,227750520.5,227.7505205
B1,354886318.5,354.8863185
C1,358595790.0,358.59579
B1,54911582.0,54.911582
C0,379211193.5,379.2111935
C1,183387988.5,183.3879885
B1,205373440.5,205.3734405
C1,191862231.5,191.8622315
C0,404152175.5,404.1521755
B1,206996628.0,206.996628
B1,330221482.5,330.2214825
C0,296961042.0,296.961042
C0,217187705.0,217.187705
B1,56683103.5,56.6831035
B1,303856205.0,303.856205
C0,186007969.5,186.0079695
B1,54003538.0,54.003538
C1,53548561.0,53.548561
C0,53417774.0,53.417774
C0,51800285.5,51.8002855
B1,333100156.5,333.1001565
B1,54099408.0,54.099408
B0,52136876.5,52.1368765
B0,52090066.0,52.090066
B0,56717613.5,56.7176135
B1,209873661.0,209.873661
C0,52954279.5,52.9542795
C0,187177724.5,187.1777245
C1,61655100.0,61.6551
C0,340751380.5,340.7513805
B0,210335240.5,210.3352405
B1,317146753.5,317.1467535
C1,52418123.0,52.418123
C0,295501097.0,295.501097
C0,168552190.0,168.55219
C0,176784257.0,176.784257
C1,339600484.0,339.600484
C1,54848966.5,54.8489665
C0,52531021.5,52.5310215
C0,50381090.5,50.3810905
B0,176451495.0,176.451495
C1,194839113.5,194.8391135
C1,365077116.5,365.0771165
B1,51789529.5,51.7895295
C0,182256475.0,182.256475
B0,182468805.5,182.4688055
B1,51700672.0,51.700672
B1,208810827.0,208.810827
B0,52233761.5,52.2337615
B0,334302774.5,334.3027745
C0,326729001.0,326.729001
C1,310400936.5,310.4009365
B1,361310746.0,361.310746
B1,209867248.5,209.8672485
C1,389279021.0,389.279021
B1,334316135.5,334.3161355
C0,51534266.5,51.5342665
B0,343625131.0,343.625131
B0,178575530.0,178.57553
C0,175748386.0,175.748386
B0,199680117.0,199.680117
C1,49130019.5,49.1300195
B1,51640738.0,51.640738
C0,310248269.5,310.2482695
B1,62625149.0,62.625149
C0,51563822.5,51.5638225
C1,356918324.0,356.918324
B0,199847936.5,199.8479365
B1,172736805.0,172.736805
B1,178350497.0,178.350497
B1,213468490.5,213.4684905
C0,346461636.5,346.4616365
B1,53842838.0,53.842838
B0,202780549.0,202.780549
B0,50206300.0,50.2063
B1,231030946.5,231.0309465
C1,190558845.5,190.5588455
B0,316157171.5,316.1571715
B1,352445121.0,352.445121
B0,192444452.0,192.444452
B1,52188399.5,52.1883995
C1,165477524.0,165.477524
B1,52350871.0,52.350871
C1,317010764.0,317.010764
C0,51982735.5,51.9827355
C0,199925438.0,199.925438
B0,180999120.0,180.99912
B0,359073862.0,359.073862
B0,351613962.5,351.6139625
B1,51995813.0,51.995813
B0,336234142.0,336.234142
B1,174892943.0,174.892943
C1,353488356.0,353.488356
B1,331590903.0,331.590903
B1,52922955.0,52.922955
C0,349038266.5,349.0382665
C0,53656706.0,53.656706
B0,48780377.0,48.780377
C1,183023276.0,183.023276
C1,50807760.5,50.8077605
C0,54188453.5,54.1884535
B0,194265818.5,194.2658185
C1,187434396.0,187.434396
C0,363667646.0,363.667646
C0,50091360.0,50.09136
B1,177666259.5,177.6662595
C1,186020302.0,186.020302
B0,200101447.0,200.101447
B1,50810843.0,50.810843
C1,332457023.0,332.457023
B1,52388940.5,52.3889405
B0,202820928.5,202.8209285
B0,339567563.5,339.5675635
C1,49551087.0,49.551087
C0,53192177.0,53.192177
B0,169339646.5,169.3396465
C0,51068885.0,51.068885
C0,351536254.0,351.536254
B1,208410879.5,208.4108795
B0,190733104.5,190.7331045
B1,229258370.5,229.2583705
C1,352399139.5,352.3991395
C0,191762704.0,191.762704
B1,352801890.0,352.80189
B1,198179639.0,198.179639
B0,331494305.0,331.494305
C1,193214596.5,193.2145965
B1,371193814.0,371.193814
B1,196852554.5,196.8525545
B1,166456742.5,166.4567425
B0,50065153.0,50.065153
C1,51014283.5,51.0142835
C0,193363070.5,193.3630705
C0,50240153.5,50.2401535
B0,217629671.0,217.629671
B1,314435555.0,314.435555
C0,353796407.5,353.7964075
C0,194849115.0,194.849115
B0,52983748.5,52.9837485
B0,290975174.5,290.9751745
B1,49301163.0,49.301163
C1,309793060.5,309.7930605
B1,50562729.0,50.562729
C1,52297950.5,52.2979505
B0,152590478.0,152.590478
B1,50616444.0,50.616444
C1,173470757.5,173.4707575
C1,53033101.5,53.0331015
B1,174594764.0,174.594764
C0,51252866.5,51.2528665
B1,304336575.0,304.336575
B0,175757153.5,175.7571535
C0,49342425.5,49.3424255
C1,301550306.5,301.5503065
C0,198223831.5,198.2238315
C0,297742777.0,297.742777
B1,50968456.0,50.968456
C0,189379168.0,189.379168
B0,211333603.0,211.333603
C1,200000678.0,200.000678
B1,334448419.0,334.448419
B1,51072724.0,51.072724
C0,50830755.5,50.8307555
C0,49817540.0,49.81754
C0,312836964.0,312.836964
B1,52831795.5,52.8317955
C0,326287438.5,326.2874385
B0,174371928.5,174.3719285
B1,55938952.0,55.938952
B0,52078896.5,52.0788965
B0,52572267.0,52.572267
B0,52232251.0,52.232251
C1,344357730.5,344.3577305
C0,192070429.5,192.0704295
B1,178852005.5,178.8520055
C1,339739098.5,339.7390985
C0,187317158.0,187.317158
B0,209307452.5,209.3074525
B1,342533953.5,342.5339535
B0,52703180.0,52.70318
C1,52850288.5,52.8502885
B1,52902990.5,52.9029905
B0,49817777.5,49.8177775
B0,52370240.0,52.37024
C0,299248791.0,299.248791
C1,188980413.5,188.9804135
C0,360276567.5,360.2765675
C0,52455804.5,52.4558045
B1,341203527.5,341.2035275
C1,362663931.5,362.6639315
C1,58479525.5,58.4795255
C0,53006353.0,53.006353
C0,54632375.0,54.632375
B0,337102737.5,337.1027375
C0,335513896.0,335.513896
C0,51877633.0,51.877633
C0,351039070.0,351.03907
B1,370683692.0,370.683692
B0,52158696.5,52.1586965
C0,50956436.0,50.956436
C1,198868814.0,198.868814
C1,54369607.0,54.369607
B0,315463821.5,315.4638215
C0,225451809.5,225.4518095
C1,379566495.5,379.5664955
C0,290746488.0,290.746488
C1,196165789.0,196.165789
C0,55968203.0,55.968203
C1,51690053.5,51.6900535
B1,51850915.5,51.8509155
C0,168584384.5,168.5843845
C0,186173487.5,186.1734875
C1,378295441.0,378.295441
B1,351050759.0,351.050759
B0,355007635.0,355.007635
C1,157559821.5,157.5598215
B0,333255010.0,333.25501
C1,246828803.0,246.828803
B1,188571759.5,188.5717595
B1,199847799.5,199.8477995
C0,178684359.5,178.6843595
C1,53628633.5,53.6286335
B0,189182857.5,189.1828575
B0,337421758.5,337.4217585
B1,221276065.0,221.276065
B0,310059772.5,310.0597725
C1,53879667.0,53.879667
C1,320136283.5,320.1362835
C1,54206054.5,54.2060545
B1,185054475.0,185.054475
C1,205428051.5,205.4280515
C0,53035876.5,53.0358765
C1,264950619.0,264.950619
B0,349681802.5,349.6818025
C0,183364629.5,183.3646295
B1,355170924.5,355.1709245
B0,52163035.0,52.163035
B0,50995277.0,50.995277
B0,51041694.5,51.0416945
B1,201930574.5,201.9305745
B0,221520508.0,221.520508
B1,60320639.0,60.320639
C1,325069789.5,325.0697895
B1,347243690.5,347.2436905
C1,203890124.0,203.890124
C1,213304196.5,213.3041965
B0,53560313.0,53.560313
C1,329631194.0,329.631194
B0,178683431.0,178.683431
B0,54809866.5,54.8098665
B1,260887461.0,260.887461
B1,52260862.5,52.2608625
B0,206490684.0,206.490684
C0,161878818.0,161.878818
B1,336769523.5,336.7695235
C1,196922848.0,196.922848
C1,194679570.0,194.67957
C0,156405471.0,156.405471
B1,49574006.5,49.5740065
C0,188936152.5,188.9361525
C0,51484960.5,51.4849605
B0,51764359.0,51.764359
C0,209303204.5,209.3032045
C1,161650943.0,161.650943
B0,51504368.5,51.5043685
C0,50727255.0,50.727255
B1,325213478.0,325.213478
B0,193041776.0,193.041776
C1,54013738.5,54.0137385
C0,282663447.5,282.6634475
C0,207954713.0,207.954713
B0,304132449.5,304.1324495
C1,184206605.5,184.2066055
C0,228217538.5,228.2175385
B0,52192431.0,52.192431
C1,51754154.5,51.7541545
C0,197305826.0,197.305826
B0,199727107.0,199.727107
B0,255119225.0,255.119225
B0,184158660.0,184.15866
C0,350365959.5,350.3659595
B1,58113561.0,58.113561
C1,342002279.0,342.002279
B0,53668848.0,53.668848
B1,53921897.0,53.921897
B0,375894489.0,375.894489
B0,331105605.0,331.105605
C1,52867081.5,52.8670815
C0,328320148.0,328.320148
B0,350003753.0,350.003753
C0,51932207.0,51.932207
C1,54729994.5,54.7299945
C0,330561147.5,330.5611475
B0,248206140.5,248.2061405
B0,380773122.0,380.773122
B0,322572824.0,322.572824
B1,437499572.5,437.4995725
B1,192492676.0,192.492676
B0,212739867.0,212.739867
C1,51320104.0,51.320104
C0,51443619.5,51.4436195
B1,53280537.5,53.2805375
C0,52698447.5,52.6984475
B1,207349537.5,207.3495375
C1,52291628.5,52.2916285
C1,221392576.5,221.3925765
B1,345617498.0,345.617498
B1,52194197.5,52.1941975
B1,217117245.5,217.1172455
C0,197399026.5,197.3990265
B1,171371611.0,171.371611
C0,389809790.5,389.8097905
C0,196115400.0,196.1154
B1,199002515.0,199.002515
C0,185528758.5,185.5287585
B1,206682671.0,206.682671
B1,297077261.0,297.077261
B0,51396820.5,51.3968205
C1,50053279.0,50.053279
B1,186167223.5,186.1672235
C0,380995319.5,380.9953195
B1,203584561.0,203.584561
C1,53891888.0,53.891888
B0,281629873.5,281.6298735
C0,323132793.0,323.132793
B0,202086793.0,202.086793
C0,52491341.5,52.4913415
C1,51956496.5,51.9564965
B0,57016460.0,57.01646
B1,310685143.0,310.685143
B0,192365591.5,192.3655915
B0,242910065.5,242.9100655
C0,53597944.0,53.597944
B1,174334929.5,174.3349295
B1,53227689.0,53.227689
B0,342987432.5,342.9874325
C0,51005816.0,51.005816
C1,307164280.0,307.16428
C1,54075036.5,54.0750365
C1,50851079.0,50.851079
C0,210215172.0,210.215172
C0,289864110.5,289.8641105
C1,206315216.5,206.3152165
B0,206033461.0,206.033461
B0,399642019.5,399.6420195
C1,238565910.5,238.5659105
B0,52355587.0,52.355587
B1,53770091.5,53.7700915
C1,326222426.5,326.2224265
C1,50264641.5,50.2646415
C0,404257201.0,404.257201
B1,187834822.0,187.834822
B1,51628294.0,51.628294
B0,52264392.5,52.2643925
C1,177155038.5,177.1550385
B1,346465508.5,346.4655085
C1,309297022.0,309.297022
C0,155391771.5,155.3917715
C1,230078780.0,230.07878
B1,329585280.0,329.58528
C1,363717750.0,363.71775
B1,204886098.5,204.8860985
C0,358381976.0,358.381976
C1,397097632.0,397.097632
B1,350680948.0,350.680948
C1,219202485.5,219.2024855
B0,52000423.0,52.000423
C1,54645493.0,54.645493
B1,49139865.0,49.139865
B0,369432170.5,369.4321705
C0,315504000.0,315.504
C0,347300704.0,347.300704
C0,376972313.0,376.972313
C1,382513443.5,382.5134435
C1,192099956.5,192.0999565
B0,53469176.0,53.469176
B0,335519426.5,335.5194265
C1,53662306.0,53.662306
C1,296293214.5,296.2932145
B1,197064022.0,197.064022
B0,185933727.5,185.9337275
C0,53018506.0,53.018506
C1,318034641.5,318.0346415
B1,321468281.0,321.468281
B1,278923496.5,278.9234965
B1,426669085.0,426.669085
C1,188795412.5,188.7954125
C0,331931666.0,331.931666
C1,55107368.5,55.1073685
B0,51126335.0,51.126335
C1,383139000.0,383.139
B1,51816189.0,51.816189
B0,316824760.0,316.82476
B1,211100248.0,211.100248
B1,56942004.5,56.9420045
B0,171754060.5,171.7540605
B0,178266189.0,178.266189
C0,216683534.0,216.683534
C1,366371196.0,366.371196
B1,56147911.0,56.147911
C1,337629436.0,337.629436
B1,352074841.0,352.074841
C0,366656602.0,366.656602
B1,373327062.0,373.327062
C0,180296503.0,180.296503
B0,52957461.0,52.957461
C1,235367808.5,235.3678085
C1,55257861.5,55.2578615
C1,341551365.5,341.5513655
B1,219080176.5,219.0801765
C0,51185111.0,51.185111
C1,397281117.5,397.2811175
B0,303163417.0,303.163417
B1,361743361.0,361.743361
B0,301429824.0,301.429824
C0,367066872.0,367.066872
C1,55590142.0,55.590142
B1,53787465.0,53.787465
B1,307951593.5,307.9515935
B0,52883027.5,52.8830275
C1,403992284.5,403.9922845
B1,219024840.5,219.0248405
B0,334878509.0,334.878509
B1,345090330.5,345.0903305
C1,405922650.5,405.9226505
B1,56132998.0,56.132998
B0,51225113.5,51.2251135
B1,51221637.0,51.221637
B0,53713320.5,53.7133205
C0,205782895.5,205.7828955
C1,225394859.0,225.394859
C1,56691582.5,56.6915825
C0,191084454.5,191.0844545
C1,200118208.0,200.118208
C0,210811827.5,210.8118275
C1,191733238.0,191.733238
C1,170590117.0,170.590117
B0,50136267.5,50.1362675
C0,56813961.5,56.8139615
B0,360447930.0,360.44793
C1,55576431.0,55.576431
C1,52634645.0,52.634645
B0,52840576.5,52.8405765
B0,52052356.0,52.052356
B0,55222271.5,55.2222715
C1,53260851.5,53.2608515
B0,189611348.0,189.611348
B0,51256619.5,51.2566195
B1,186775545.5,186.7755455
B1,51755006.0,51.755006
B1,196829910.5,196.8299105
B0,50922749.0,50.922749
B1,53012779.5,53.0127795
C0,54765625.0,54.765625
C0,52024699.5,52.0246995
C0,56582148.0,56.582148
C0,196524539.5,196.5245395
B1,52587654.0,52.587654
C1,274899902.5,274.8999025
C0,379572439.5,379.5724395
C0,196556697.5,196.5566975
B0,361184777.0,361.184777
C1,52913590.5,52.9135905
B1,164913495.5,164.9134955
C1,368804466.0,368.804466
B0,214617333.5,214.6173335
B1,52608232.5,52.6082325
C1,56744125.0,56.744125
B0,50809071.5,50.8090715
C0,52487163.5,52.4871635
C1,363958747.0,363.958747
C0,51145007.5,51.1450075
B0,53746032.0,53.746032
B1,50678405.5,50.6784055
C0,204875557.0,204.875557
B1,216333655.0,216.333655
C1,53161423.5,53.1614235
B1,220085931.0,220.085931
C1,198936488.5,198.9364885
C0,352957037.5,352.9570375
C0,300732846.0,300.732846
B1,189722182.5,189.7221825
C0,335184390.5,335.1843905
C1,56119975.5,56.1199755
B1,346246573.5,346.2465735
B0,54991360.5,54.9913605
B1,404040397.0,404.040397
B0,311613296.5,311.6132965
C1,51685002.0,51.685002
C0,210865188.0,210.865188
C0,204764048.5,204.7640485
C1,175514839.0,175.514839
B0,350651977.0,350.651977
B0,196510309.5,196.5103095
C0,52812574.5,52.8125745
B1,143561780.0,143.56178
C1,196182791.5,196.1827915
B1,352955310.0,352.95531
C0,192615825.0,192.615825
C1,196669086.0,196.669086
C0,344263339.5,344.2633395
C1,50034926.0,50.034926
C0,53506322.0,53.506322
B0,310041489.5,310.0414895
C1,405443390.0,405.44339
C1,50993747.0,50.993747
C1,175907939.5,175.9079395
C0,171599065.5,171.5990655
B0,198697862.0,198.697862
C0,52547613.0,52.547613
C1,54565605.0,54.565605
C0,58470724.0,58.470724
C1,203816891.0,203.816891
C1,220914639.5,220.9146395
C1,422556172.5,422.5561725
C0,327862519.0,327.862519
B0,202427726.5,202.4277265
B1,51187180.5,51.1871805
C0,53628412.0,53.628412
C0,161387818.0,161.387818
C1,168361112.0,168.361112
C0,380781437.5,380.7814375
B0,324606153.5,324.6061535
B1,225667335.0,225.667335
C0,219047690.5,219.0476905
B1,340264946.0,340.264946
C0,331082019.0,331.082019
B1,299016172.5,299.0161725
B1,385104952.5,385.1049525
B0,418196495.5,418.1964955
C1,50223818.0,50.223818
B0,195952908.5,195.9529085
B1,53363622.0,53.363622
B1,223619457.0,223.619457
C0,52205792.5,52.2057925
B1,336022204.5,336.0222045
C1,215001957.5,215.0019575
C1,52538446.0,52.538446
B1,55476583.5,55.4765835
C1,61309498.0,61.309498
B1,326418549.5,326.4185495
C1,204702995.0,204.702995
B0,63151987.5,63.1519875
C1,339239284.5,339.2392845
B0,51872251.5,51.8722515
C1,50826968.5,50.8269685
C1,251883917.5,251.8839175
C0,182464838.5,182.4648385
B0,184220844.0,184.220844
B1,377166971.0,377.166971
B1,327228366.0,327.228366
C1,227100098.5,227.1000985
B0,227125805.5,227.1258055
C0,346790385.5,346.7903855
B0,191852589.0,191.852589
C1,166818894.0,166.818894
C1,51353056.0,51.353056
B1,216640175.5,216.6401755
B1,204802302.5,204.8023025
B0,154402783.0,154.402783
B1,180097424.5,180.0974245
B0,58403699.5,58.4036995
B1,164264163.5,164.2641635
C1,201342822.5,201.3428225
B1,191464960.5,191.4649605
B1,54661737.5,54.6617375
B0,377784929.5,377.7849295
C1,203999945.0,203.999945
C1,418375739.0,418.375739
C1,443449069.0,443.449069
B0,211936738.5,211.9367385
C0,323226058.5,323.2260585
B1,257693053.5,257.6930535
C0,52681071.5,52.6810715
B0,61266248.5,61.2662485
B0,336416623.0,336.416623
B0,53705253.0,53.705253
C1,352260057.5,352.2600575
B0,56024320.5,56.0243205
B0,54616689.5,54.6166895
B0,353593063.5,353.5930635
C0,178590446.5,178.5904465
C0,224946980.0,224.94698
B0,275937264.5,275.9372645
C0,384739972.0,384.739972
B1,53845298.0,53.845298
B1,201732478.5,201.7324785
C1,400230143.0,400.230143
C1,160349960.5,160.3499605
B0,310810131.0,310.810131
C1,197011592.5,197.0115925
B1,54938333.0,54.938333
C0,339785742.0,339.785742
B0,348191822.0,348.191822
B0,218691458.0,218.691458
B1,169016447.0,169.016447
B1,197586686.0,197.586686
C1,53004931.0,53.004931
B0,52409782.5,52.4097825
B1,391927219.5,391.9272195
B1,54221978.0,54.221978
C0,395749470.0,395.74947
B0,192134792.0,192.134792
B1,354799794.0,354.799794
C0,52786130.0,52.78613
B0,52341418.5,52.3414185
B1,391768935.5,391.7689355
C0,312345697.0,312.345697
B0,322274939.5,322.2749395
C1,336980214.5,336.9802145
B0,382995601.5,382.9956015
C1,309151994.5,309.1519945
C0,50665909.5,50.6659095
C1,53824724.5,53.8247245
C0,195954234.5,195.9542345
B1,215457661.5,215.4576615
C0,348803374.5,348.8033745
C1,56581223.0,56.581223
B1,52307411.5,52.3074115
B0,242170445.0,242.170445
C1,229633560.0,229.63356
B1,373994602.5,373.9946025
C0,52508427.0,52.508427
B1,209429238.0,209.429238
C1,54594851.0,54.594851
B1,432212830.0,432.21283
B0,362854236.0,362.854236
B0,50898822.5,50.8988225
B1,311263555.0,311.263555
B0,333797377.5,333.7973775
C0,399547007.5,399.5470075
C1,55064230.0,55.06423
C0,174448966.5,174.4489665
C0,53767596.0,53.767596
C0,208895349.5,208.8953495
B1,61446114.5,61.4461145
C1,54205498.0,54.205498
B1,205559525.0,205.559525
C1,360223194.0,360.223194
B0,62986427.5,62.9864275
B1,383796753.0,383.796753
C0,51297326.5,51.2973265
C0,179905432.0,179.905432
B0,168158401.5,168.1584015
C1,217226606.0,217.226606
C1,352639801.5,352.6398015
B1,222579268.0,222.579268
C0,363050940.5,363.0509405
B0,189271471.0,189.271471
C0,52186220.5,52.1862205
C0,326992539.5,326.9925395
B0,52566354.0,52.566354
C0,209736618.5,209.7366185
C0,53439405.0,53.439405
C1,362071839.0,362.071839
B0,53053225.0,53.053225
C0,228831531.0,228.831531
C0,50825533.5,50.8255335
B1,372449864.5,372.4498645
B1,335033892.5,335.0338925
B1,52750793.0,52.750793
B1,51279888.5,51.2798885
B1,435412373.5,435.4123735
B1,53835812.5,53.8358125
B1,329868458.5,329.8684585
C1,54500846.0,54.500846
B1,51402499.5,51.4024995
C0,427721543.0,427.721543
C1,216012273.5,216.0122735
C0,335836313.0,335.836313
B0,210426695.0,210.426695
B0,191018912.0,191.018912
C1,373321892.0,373.321892
B0,215341261.0,215.341261
B0,178575565.0,178.575565
C1,197102069.0,197.102069
B1,53376932.0,53.376932
B0,320182500.5,320.1825005
B0,56463172.0,56.463172
C0,162207373.0,162.207373
B0,207139459.5,207.1394595
C0,53934671.0,53.934671
B1,50746238.5,50.7462385
C0,50466076.5,50.4660765
B0,331676510.5,331.6765105
B1,185727901.0,185.727901
C0,50161870.0,50.16187
C0,327546998.5,327.5469985
C0,155483481.5,155.4834815
B1,187021489.5,187.0214895
B0,164221160.5,164.2211605
C0,57576605.0,57.576605
C0,299574890.5,299.5748905
C0,54249076.5,54.2490765
B1,357893099.5,357.8930995
B1,52940198.5,52.9401985
C1,350076315.0,350.076315
C1,280362165.5,280.3621655
B1,156683108.0,156.683108
C1,53033302.5,53.0333025
C0,198873153.0,198.873153
B1,50801619.5,50.8016195
B0,299830740.0,299.83074
C0,348475924.0,348.475924
C1,348988019.0,348.988019
C1,197754322.0,197.754322
C1,369728558.0,369.728558
B0,281697912.5,281.6979125
B1,186621264.0,186.621264
B0,391440473.5,391.4404735
B0,311830701.0,311.830701
C1,190546388.5,190.5463885
B0,207130990.0,207.13099
C0,181656685.0,181.656685
C1,317273809.0,317.273809
B0,194810822.5,194.8108225
B1,52133159.5,52.1331595
B1,53785514.0,53.785514
B0,166838077.0,166.838077
B0,182688002.0,182.688002
C1,305826395.5,305.8263955
C1,310980948.0,310.980948
B0,318904088.0,318.904088
B1,347289128.0,347.289128
B0,54858534.0,54.858534
C0,329455236.5,329.4552365
B0,204604909.0,204.604909
C0,316862418.0,316.862418
C0,209417580.5,209.4175805
C0,344248132.0,344.248132
C0,183171975.0,183.171975
B1,352448860.5,352.4488605
B0,205334921.0,205.334921
C1,310170965.5,310.1709655
B1,332014265.5,332.0142655
C1,185389982.5,185.3899825
B0,342007470.5,342.0074705
B0,179049589.5,179.0495895
C1,53225415.0,53.225415
C0,175765482.5,175.7654825
C0,375934276.5,375.9342765
B1,51702021.5,51.7020215
C0,49800645.0,49.800645
B1,180184204.0,180.184204
B0,52356206.5,52.3562065
B0,201600120.5,201.6001205
B0,51298886.5,51.2988865
B0,210542001.5,210.5420015
B1,179695177.0,179.695177
C0,51110209.5,51.1102095
B1,51208615.0,51.208615
C0,50793786.0,50.793786
C1,356951547.0,356.951547
B1,207944472.0,207.944472
B0,173639061.0,173.639061
B0,344711274.5,344.7112745
B1,360831320.5,360.8313205
B1,345767551.0,345.767551
C0,330206491.5,330.2064915
C1,166612842.5,166.6128425
C0,271115561.0,271.115561
B0,224836314.5,224.8363145
C0,202183339.5,202.1833395
C0,53683771.5,53.6837715
B0,191739561.5,191.7395615
B0,51854517.5,51.8545175
C0,340584177.5,340.5841775
B1,320565703.5,320.5657035
C1,152633491.0,152.633491
C0,53830219.0,53.830219
B1,176940352.5,176.9403525
B1,172166818.5,172.1668185
B1,192301952.0,192.301952
C0,52860851.0,52.860851
C1,322886196.0,322.886196
B1,288859418.0,288.859418
B0,196061254.5,196.0612545
C1,168050005.0,168.050005
C0,329041499.5,329.0414995
C1,164909054.0,164.909054
C1,52269204.0,52.269204
B1,49909616.5,49.9096165
C1,53627614.5,53.6276145
C1,206442419.5,206.4424195
B0,315943180.5,315.9431805
B1,187049420.5,187.0494205
C1,51183712.0,51.183712
B1,331676169.0,331.676169
C1,185910560.5,185.9105605
C1,328052741.5,328.0527415
C0,51950979.0,51.950979
C0,313085074.5,313.0850745
C0,339511124.5,339.5111245
C1,52246120.5,52.2461205
C1,207596352.0,207.596352
C1,326650795.5,326.6507955
C0,205153039.0,205.153039
B1,177797402.0,177.797402
C0,52586999.0,52.586999
B1,312939479.0,312.939479
B1,50979317.0,50.979317
C0,52435812.0,52.435812
B0,51942258.5,51.9422585
B1,51298463.5,51.2984635
B1,350596692.5,350.5966925
C1,51530887.5,51.5308875
C0,318709707.5,318.7097075
B1,299961680.0,299.96168
C0,48250090.0,48.25009
C1,381188874.5,381.1888745
C0,263634083.0,263.634083
B0,51097491.5,51.0974915
C0,201764307.0,201.764307
B0,53278095.0,53.278095
B0,179740496.0,179.740496
C1,51058933.0,51.058933
C1,51636954.5,51.6369545
C1,159197929.5,159.1979295
C0,347267482.0,347.267482
C0,197876191.5,197.8761915
B1,301346820.5,301.3468205
C0,52845148.0,52.845148
B0,57451298.5,57.4512985
C1,52927561.5,52.9275615
B1,193798708.5,193.7987085
C0,51354912.0,51.354912
B0,319613979.5,319.6139795
B1,51856548.5,51.8565485
C1,336320315.5,336.3203155
B0,51568956.5,51.5689565
C1,364179541.0,364.179541
B0,53557584.0,53.557584
B1,150223801.0,150.223801
B1,53809921.5,53.8099215
C1,54118951.5,54.1189515
C1,303314829.0,303.314829
C0,188128986.5,188.1289865
C0,199496168.5,199.4961685
C0,370372719.5,370.3727195
B1,347987013.5,347.9870135
B0,311544780.0,311.54478
B0,185612978.0,185.612978
B0,290636964.0,290.636964
B0,51209337.0,51.209337
C0,195009853.5,195.0098535
B0,317878677.0,317.878677
B0,183516979.0,183.516979
C0,221900956.5,221.9009565
C0,207074275.0,207.074275
B1,314112783.0,314.112783
C0,51817066.5,51.8170665
C1,202098404.0,202.098404
B1,52626397.5,52.6263975
C0,379600544.5,379.6005445
B1,206657957.5,206.6579575
C1,306318700.5,306.3187005
B1,48681575.5,48.6815755
C1,196707973.0,196.707973
C0,311611009.0,311.611009
C0,219699936.5,219.6999365
C0,306564276.5,306.5642765
C1,51239194.0,51.239194
C1,187913704.5,187.9137045
C1,386114602.0,386.114602
C0,53079843.0,53.079843
B1,177289550.0,177.28955
C1,51291676.5,51.2916765
C1,198123547.0,198.123547
C0,53439358.5,53.4393585
C1,51359757.0,51.359757
B0,330058369.0,330.058369
B1,343209706.0,343.209706
C0,352374661.5,352.3746615
C0,144118820.0,144.11882
C0,53946108.5,53.9461085
B1,51994106.5,51.9941065
B1,51623350.0,51.62335
B0,163594266.0,163.594266
C1,327366563.0,327.366563
B1,291212796.5,291.2127965
C1,323721071.5,323.7210715
C1,345422044.0,345.422044
B1,57219663.5,57.2196635
C1,191378166.0,191.378166
C0,50461783.5,50.4617835
C0,222191509.5,222.1915095
C1,53630791.0,53.630791
C0,274564506.0,274.564506
C1,180659114.0,180.659114
B1,52536128.0,52.536128
B0,369634056.0,369.634056
C0,54392746.5,54.3927465
B0,211497418.5,211.4974185
B1,56270045.5,56.2700455
B1,53818821.5,53.8188215
C0,375953627.0,375.953627
C1,372512055.0,372.512055
C0,51369513.0,51.369513
B0,186467870.5,186.4678705
B1,298668548.5,298.6685485
B1,52242000.5,52.2420005
C1,375739701.5,375.7397015
B1,53496870.0,53.49687
C0,50615346.0,50.615346
B0,54562463.5,54.5624635
B1,338748728.0,338.748728
C0,52565557.5,52.5655575
B1,163472887.5,163.4728875
B1,209475059.0,209.475059
B0,208330198.0,208.330198
B0,54593860.0,54.59386
B1,305375754.5,305.3757545
B0,196489914.0,196.489914
B1,53777708.5,53.7777085
C1,201211176.5,201.2111765
B1,55073241.0,55.073241
C0,338184959.5,338.1849595
B1,177321553.5,177.3215535
C1,53241754.5,53.2417545
B1,214732632.5,214.7326325
C1,210030397.5,210.0303975
B0,57206699.0,57.206699
B0,191956617.5,191.9566175
C1,211957959.5,211.9579595
B1,267893396.0,267.893396
C0,210745669.0,210.745669
C1,51890075.5,51.8900755
C1,53148045.5,53.1480455
B0,55657701.5,55.6577015
B0,308964938.5,308.9649385
C1,399806444.5,399.8064445
B1,371582698.5,371.5826985
C0,321580238.5,321.5802385
C0,353532841.0,353.532841
B1,54520893.5,54.5208935
C1,358979425.5,358.9794255
C0,154619776.0,154.619776
B1,195130278.5,195.1302785
B0,366295084.5,366.2950845
B0,53018156.5,53.0181565
B0,276200515.5,276.2005155
B1,321721500.5,321.7215005
C1,53313081.5,53.3130815
B0,167229868.0,167.229868
C1,384314179.0,384.314179
C0,54158062.0,54.158062
B0,52750437.0,52.750437
C0,198713217.0,198.713217
C0,51280575.0,51.280575
B1,52494841.0,52.494841
B0,53112805.5,53.1128055
B1,163054274.5,163.0542745
B0,378283087.0,378.283087
C1,51326622.0,51.326622
B0,330398217.0,330.398217
B1,199695587.0,199.695587
C0,348092116.0,348.092116
B1,51946810.5,51.9468105
C0,345596731.0,345.596731
B1,58201704.0,58.201704
B0,51740269.0,51.740269
B1,53081014.5,53.0810145
C1,323744614.5,323.7446145
B0,196888785.5,196.8887855
C1,286190917.0,286.190917
B0,50507410.5,50.5074105
C1,53000184.5,53.0001845
C0,178237696.0,178.237696
C1,204880507.0,204.880507
B1,52323678.5,52.3236785
C0,294951076.5,294.9510765
B1,208473466.0,208.473466
B1,353087081.0,353.087081
B0,52343375.0,52.343375
B0,55449475.5,55.4494755
B1,181343080.5,181.3430805
C0,206747144.0,206.747144
C0,208172033.5,208.1720335
C0,306374940.0,306.37494
B0,332883253.5,332.8832535
C0,310544917.5,310.5449175
B1,278279257.0,278.279257
B1,318663401.5,318.6634015
C0,199999065.0,199.999065
C0,198648483.0,198.648483
B0,326053949.0,326.053949
B1,300605441.0,300.605441
B0,53350754.0,53.350754
C1,207096532.0,207.096532
C1,52715536.5,52.7155365
C1,298270376.0,298.270376
C1,55495948.0,55.495948
B1,167340633.5,167.3406335
B1,208111604.0,208.111604
B0,317930611.0,317.930611
C0,326964416.5,326.9644165
C0,52599868.0,52.599868
C1,53280142.0,53.280142
B1,348891020.0,348.89102
C0,51679261.5,51.6792615
B0,50584763.0,50.584763
B1,197393633.0,197.393633
C1,174887931.0,174.887931
C1,53793786.0,53.793786
C1,288399452.5,288.3994525
C0,57739156.5,57.7391565
B0,300826044.0,300.826044
B0,370507653.5,370.5076535
C1,222858301.5,222.8583015
C0,190414683.0,190.414683
B1,188092182.0,188.092182
C1,56743149.0,56.743149
B0,332161734.0,332.161734
C0,181845682.5,181.8456825
C0,188227328.0,188.227328
C1,53550291.5,53.5502915
B0,54599798.0,54.599798
C1,352970785.0,352.970785
C1,331636611.5,331.6366115
B0,189694945.5,189.6949455
B0,204708477.0,204.708477
B1,183813192.0,183.813192
C1,411358996.0,411.358996
B0,302250608.5,302.2506085
B1,190735624.0,190.735624
B0,191512217.0,191.512217
B0,383410050.5,383.4100505
B0,193817912.5,193.8179125
B0,344805116.5,344.8051165
C1,201260705.5,201.2607055
B0,52789960.0,52.78996
B0,365863354.0,365.863354
C1,54325772.5,54.3257725
C1,199148103.0,199.148103
B0,53895316.0,53.895316
B0,166342662.0,166.342662
B1,50838639.0,50.838639
C1,217371497.5,217.3714975
B0,205035342.5,205.0353425
B0,189211825.0,189.211825
C0,185382310.5,185.3823105
B0,199582693.0,199.582693
C0,183538141.5,183.5381415
C1,216807491.5,216.8074915
B1,306659291.5,306.6592915
B0,49716871.0,49.716871
B0,295445433.5,295.4454335
C1,351924352.0,351.924352
C0,51816153.5,51.8161535
C0,191499817.5,191.4998175
C0,357311871.5,357.3118715
B1,54441263.5,54.4412635
C1,203252163.0,203.252163
B0,302691069.5,302.6910695
B0,377761575.0,377.761575
C1,55057468.5,55.0574685
C1,206086638.5,206.0866385
C0,212509079.5,212.5090795
B1,402320249.5,402.3202495
C0,190455610.0,190.45561
B0,50713156.5,50.7131565
C0,51757107.0,51.757107
B1,417584794.5,417.5847945
B1,308010139.0,308.010139
C1,52787921.0,52.787921
B0,214437122.5,214.4371225
C0,52272258.0,52.272258
C0,57881365.0,57.881365
B1,52080485.5,52.0804855
B1,292851112.0,292.851112
B1,52030889.5,52.0308895
B1,185609948.5,185.6099485
B1,300291750.0,300.29175
B1,53618271.5,53.6182715
C1,50355262.0,50.355262
B0,260470612.0,260.470612
C0,55939558.0,55.939558
C1,330946097.0,330.946097
C0,52252726.0,52.252726
B0,187792098.0,187.792098
B1,367548488.5,367.5484885
B0,48812689.5,48.8126895
B1,185925948.0,185.925948
B0,336911433.0,336.911433
B1,55102408.5,55.1024085
B0,189575921.0,189.575921
B0,355180120.0,355.18012
B0,173586167.5,173.5861675
C0,52404127.5,52.4041275
C1,55122777.0,55.122777
B0,307675230.0,307.67523
B1,50535693.5,50.5356935
B1,161352917.5,161.3529175
C1,335413733.5,335.4137335
B1,377888038.0,377.888038
B0,169734836.5,169.7348365
B0,183357281.0,183.357281
B1,51529711.5,51.5297115
C0,304696765.0,304.696765
C0,335831799.0,335.831799
B0,52917851.5,52.9178515
C1,347812853.0,347.812853
C1,348537074.5,348.5370745
C0,197778982.0,197.778982
B1,192777353.0,192.777353
B0,220488048.5,220.4880485
C1,203245823.0,203.245823
B0,182709327.5,182.7093275
C1,186886733.0,186.886733
C1,340408375.5,340.4083755
B1,166744252.0,166.744252
B0,322900331.0,322.900331
B1,364668056.5,364.6680565
C0,340940534.0,340.940534
C0,52038103.0,52.038103
C0,54593646.5,54.5936465
C0,52287490.0,52.28749
C0,50040291.0,50.040291
C1,308588577.0,308.588577
C1,209486174.5,209.4861745
C0,202476986.0,202.476986
C1,350165909.5,350.1659095
B0,50264673.0,50.264673
C1,213143998.5,213.1439985
C0,179323199.0,179.323199
B0,180527258.5,180.5272585
B0,354322071.0,354.322071
B0,189541818.5,189.5418185
C0,54246831.0,54.246831
C0,52278703.0,52.278703
C1,403753259.5,403.7532595
B1,310026846.5,310.0268465
B0,300038876.0,300.038876
C1,51962778.5,51.9627785
B0,219068649.5,219.0686495
C1,411178647.0,411.178647
B0,171914924.0,171.914924
C1,197136705.5,197.1367055
C0,53835106.0,53.835106
B1,53284234.5,53.2842345
C1,165014508.0,165.014508
B0,352450001.5,352.4500015
C0,52341622.0,52.341622
C0,169582453.0,169.582453
B1,182979838.0,182.979838
C1,196359632.5,196.3596325
C1,319036089.5,319.0360895
B1,352089982.0,352.089982
B0,198971052.5,198.9710525
C1,52132749.0,52.132749
C0,180862309.0,180.862309
B0,51864231.5,51.8642315
C1,49351548.0,49.351548
B1,331530793.5,331.5307935
C1,310279983.5,310.2799835
C0,339369019.5,339.3690195
B0,50244327.0,50.244327
C0,298143013.5,298.1430135
B0,350040615.0,350.040615
B0,52971683.5,52.9716835
B0,199327735.5,199.3277355
C0,288714636.5,288.7146365
B0,296010126.5,296.0101265
B0,51290163.5,51.2901635
B0,49998195.0,49.998195
C1,196411443.0,196.411443
C0,215345879.5,215.3458795
C1,170394049.0,170.394049
B1,203170929.5,203.1709295
B1,180546529.0,180.546529
B1,160078584.0,160.078584
C1,209283847.0,209.283847
C0,392975736.0,392.975736
B1,199792769.5,199.7927695
C1,51467499.0,51.467499
C0,276981233.5,276.9812335
B0,326512221.0,326.512221
C0,161430186.5,161.4301865
C1,53699099.0,53.699099
C0,326385446.0,326.385446
C1,271900623.5,271.9006235
C0,52337875.0,52.337875
B1,54948715.5,54.9487155
C1,52712175.0,52.712175
C1,184423448.5,184.4234485
B0,272022199.0,272.022199
B1,51642096.5,51.6420965
C0,360817729.0,360.817729
B0,60223375.5,60.2233755
C0,52736238.5,52.7362385
C0,172396450.0,172.39645
C1,52345503.5,52.3455035
C0,52362166.5,52.3621665
C0,202387368.0,202.387368
C1,51513209.5,51.5132095
C0,237012762.5,237.0127625
C0,202114887.0,202.114887
B0,350956840.5,350.9568405
B1,55100605.0,55.100605
C0,347075641.0,347.075641
B0,50671057.0,50.671057
C1,338969093.5,338.9690935
B0,394432620.5,394.4326205
C0,223617890.5,223.6178905
C1,151287664.5,151.2876645
B0,54231306.5,54.2313065
B0,53593509.5,53.5935095
C0,192679514.5,192.6795145
C0,198687008.5,198.6870085
B1,216191203.5,216.1912035
B0,332502143.5,332.5021435
B1,50630465.5,50.6304655
C1,181876397.5,181.8763975
C0,394889285.0,394.889285
B1,375811280.5,375.8112805
C0,358774916.0,358.774916
C1,376514491.0,376.514491
C1,237767041.5,237.7670415
B0,52712020.5,52.7120205
C1,195944684.5,195.9446845
B1,164786067.0,164.786067
C0,251733248.0,251.733248
C0,325473399.0,325.473399
B1,52164675.5,52.1646755
C1,210118961.0,210.118961
C1,313987174.0,313.987174
C0,52504029.5,52.5040295
C1,56439303.0,56.439303
C0,206879092.0,206.879092
B1,194682426.5,194.6824265
B1,207534424.0,207.534424
C0,427236787.5,427.2367875
C0,53875828.5,53.8758285
C1,51421574.5,51.4215745
C1,52731724.5,52.7317245
C1,196352247.0,196.352247
B1,332527347.0,332.527347
B0,52423249.0,52.423249
B1,222104267.5,222.1042675
B0,51896245.0,51.896245
B0,51988467.0,51.988467
C1,353822058.5,353.8220585
C1,169025830.0,169.02583
B0,330347563.5,330.3475635
C1,54189572.5,54.1895725
C1,175734012.5,175.7340125
C1,345129856.0,345.129856
B1,52727396.0,52.727396
C1,342016621.0,342.016621
B1,53399641.0,53.399641
B1,341713570.0,341.71357
B0,172433214.5,172.4332145
B0,217785400.5,217.7854005
C1,324342605.5,324.3426055
C0,373241091.0,373.241091
C0,196920438.5,196.9204385
B1,352064588.0,352.064588
C1,383804521.5,383.8045215
C0,210884641.0,210.884641
B0,164176479.5,164.1764795
C0,157291911.0,157.291911
B1,205852782.0,205.852782
C0,363731369.0,363.731369
B0,363919619.0,363.919619
B1,328548696.5,328.5486965
B0,50477092.0,50.477092
C1,210351237.5,210.3512375
B0,220515298.0,220.515298
B1,326012283.0,326.012283
B1,192883979.5,192.8839795
C1,52009205.5,52.0092055
C0,204803066.5,204.8030665
B1,305327817.5,305.3278175
B0,51921910.5,51.9219105
B1,374738013.5,374.7380135
C0,49425794.0,49.425794
C1,59148957.0,59.148957
B1,59756013.0,59.756013
B1,380419581.5,380.4195815
C1,54950681.5,54.9506815
C1,194810905.0,194.810905
B0,188764270.0,188.76427
B1,195806076.5,195.8060765
B0,188681748.0,188.681748
C0,197270257.5,197.2702575
B0,351074661.5,351.0746615
C1,55181456.5,55.1814565
B1,290362830.0,290.36283
C1,355429609.5,355.4296095
B1,55650633.0,55.650633
B0,372112728.5,372.1127285
C1,206410869.0,206.410869
B0,50751759.5,50.7517595
B0,50592194.5,50.5921945
C1,349076486.0,349.076486
C0,52563209.0,52.563209
B1,361553364.0,361.553364
C0,195726531.5,195.7265315
B1,213276825.0,213.276825
B0,55160937.0,55.160937
C0,218540178.5,218.5401785
C0,351676329.5,351.6763295
B1,52674027.0,52.674027
C0,329990842.0,329.990842
C0,211208646.5,211.2086465
C1,226513094.0,226.513094
B0,203058201.0,203.058201
B0,53421572.5,53.4215725
B0,160148591.5,160.1485915
C0,54622454.0,54.622454
C0,285923645.5,285.9236455
B0,192712596.5,192.7125965
B0,374039407.5,374.0394075
B1,55578694.0,55.578694
C1,219193348.5,219.1933485
C1,52566049.0,52.566049
B1,352446615.0,352.446615
C0,205828268.0,205.828268
B0,56925604.5,56.9256045
B0,193520936.5,193.5209365
C0,432113677.0,432.113677
B1,203416653.5,203.4166535
C0,53352726.5,53.3527265
C1,347385833.0,347.385833
C1,347918209.5,347.9182095
C1,50572858.5,50.5728585
B1,52502126.0,52.502126
B1,52680857.0,52.680857
C1,50026700.5,50.0267005
B0,221863155.5,221.8631555
B1,207031842.5,207.0318425
C1,54393220.5,54.3932205
B1,57263967.0,57.263967
B1,50175301.5,50.1753015
B1,213681874.5,213.6818745
B0,305295325.5,305.2953255
C1,191513464.5,191.5134645
B0,276683917.5,276.6839175
B1,377524541.0,377.524541
B1,210563946.5,210.5639465
C1,52748513.5,52.7485135
B0,50588083.0,50.588083
B1,53566906.5,53.5669065
B1,399245240.5,399.2452405
B1,51163168.0,51.163168
B0,307104057.5,307.1040575
C0,50541237.5,50.5412375
C0,368208397.5,368.2083975
B1,56066918.0,56.066918
B1,191925123.0,191.925123
C0,50984880.5,50.9848805
B0,188446625.0,188.446625
C1,435625362.5,435.6253625
C0,334064962.0,334.064962
B0,50353477.0,50.353477
C1,201824773.5,201.8247735
B1,52062281.0,52.062281
B1,398517046.0,398.517046
B0,404838778.5,404.8387785
C1,348153150.0,348.15315
C0,360897570.5,360.8975705
B1,53781796.5,53.7817965
B0,51145011.5,51.1450115
C1,56083408.0,56.083408
B1,211487593.5,211.4875935
B1,213116297.0,213.116297
C0,355807311.5,355.8073115
C0,328481283.0,328.481283
C1,53343925.0,53.343925
B1,400338002.0,400.338002
C0,53614106.0,53.614106
B1,180801805.5,180.8018055
B0,362835430.0,362.83543
C0,198482097.5,198.4820975
B0,336298149.0,336.298149
C0,53624539.5,53.6245395
B0,195903031.0,195.903031
B0,357832906.0,357.832906
C1,351077576.0,351.077576
B0,61243889.5,61.2438895
C0,50967775.5,50.9677755
B0,327522435.5,327.5224355
C1,52184031.0,52.184031
C1,338328364.0,338.328364
C0,359646102.5,359.6461025
B0,51466383.0,51.466383
C0,215307341.5,215.3073415
B1,343917340.5,343.9173405
B1,209488115.0,209.488115
C0,58594751.0,58.594751
B0,53109929.5,53.1099295
C0,338384379.0,338.384379
B1,196726206.5,196.7262065
B1,409609143.0,409.609143
C1,60667617.0,60.667617
B1,52097250.0,52.09725
B0,285187565.0,285.187565
B1,349361739.5,349.3617395
C1,164743827.5,164.7438275
B0,52208132.0,52.208132
B1,51894894.0,51.894894
C1,390384963.5,390.3849635
C1,210947976.0,210.947976
C0,56026564.0,56.026564
B0,195739685.0,195.739685
C1,279951147.0,279.951147
B1,53772193.5,53.7721935
C1,203038745.0,203.038745
C0,236047563.0,236.047563
B1,382615939.5,382.6159395
C0,179560953.5,179.5609535
C1,340295705.5,340.2957055
B0,208251137.5,208.2511375
C1,368873771.0,368.873771
C1,202383598.5,202.3835985
C1,52464795.0,52.464795
C1,194570418.5,194.5704185
B1,55333388.0,55.333388
B0,210709002.0,210.709002
C0,53714827.0,53.714827
B0,185853547.0,185.853547
B0,190965771.5,190.9657715
B0,355033112.5,355.0331125
B0,55264320.0,55.26432
C1,367381847.0,367.381847
C1,222239683.5,222.2396835
B1,318278131.5,318.2781315
C0,54223995.0,54.223995
C0,53283353.5,53.2833535
C1,52587459.0,52.587459
C0,240235678.0,240.235678
C1,50621736.0,50.621736
B1,52867253.5,52.8672535
B0,204186858.5,204.1868585
C0,51535018.5,51.5350185
B0,310846144.5,310.8461445
C1,54063166.5,54.0631665
B0,187259979.5,187.2599795
C1,325657621.0,325.657621
B0,56709746.0,56.709746
C1,366027211.0,366.027211
B1,345815494.0,345.815494
B0,51849340.5,51.8493405
C0,424737995.0,424.737995
C1,62226686.0,62.226686
C0,319778538.0,319.778538
B0,154532794.5,154.5327945
C0,328400135.5,328.4001355
C1,226907855.5,226.9078555
C0,201752617.0,201.752617
B1,330349218.5,330.3492185
B1,51857915.0,51.857915
C0,359417947.5,359.4179475
B1,180680165.0,180.680165
C1,49531955.0,49.531955
B1,281384002.5,281.3840025
B0,203936278.0,203.936278
C1,211929060.5,211.9290605
B1,377391789.0,377.391789
B1,205355015.5,205.3550155
C1,49733586.5,49.7335865
B0,53921995.5,53.9219955
C1,54654353.5,54.6543535
C0,50758710.0,50.75871
C0,51499035.0,51.499035
C1,50403506.0,50.403506
C0,185926918.5,185.9269185
C1,253640121.5,253.6401215
C1,325988215.5,325.9882155
B1,49720945.0,49.720945
B1,61113052.5,61.1130525
B1,190509014.0,190.509014
B0,198536109.5,198.5361095
C1,53872379.5,53.8723795
C0,213247616.5,213.2476165
C1,51905103.0,51.905103
B0,51388503.5,51.3885035
C1,51944593.0,51.944593
C0,357337860.0,357.33786
B1,305837147.0,305.837147
B1,296631171.0,296.631171
C1,226673241.0,226.673241
C1,167475687.5,167.4756875
C1,337795431.5,337.7954315
C0,56275604.0,56.275604
C0,314810562.5,314.8105625
C0,53328227.5,53.3282275
C0,356239783.0,356.239783
B0,51688236.5,51.6882365
B0,50659473.0,50.659473
B0,427998550.5,427.9985505
B1,207535208.5,207.5352085
B1,316535497.0,316.535497
B1,177454086.5,177.4540865
B0,55116688.5,55.1166885
B0,297799267.5,297.7992675
C1,52065113.5,52.0651135
B1,229834230.5,229.8342305
C0,346474352.5,346.4743525
B0,319894208.5,319.8942085
B1,197410976.0,197.410976
C1,54072999.5,54.0729995
C0,203074484.5,203.0744845
B0,339845987.0,339.845987
B1,180183069.5,180.1830695
B0,415303470.0,415.30347
B1,200625058.5,200.6250585
C1,357627955.0,357.627955
B0,207612808.0,207.612808
B0,350406168.0,350.406168
B1,56687918.0,56.687918
B0,55694335.0,55.694335
C1,52378264.5,52.3782645
B1,200868289.5,200.8682895
C0,318731430.5,318.7314305
B0,57022400.0,57.0224
B0,201042011.5,201.0420115
B0,317415071.0,317.415071
B1,194682664.5,194.6826645
B0,191654210.0,191.65421
C0,53127413.0,53.127413
C0,53438789.5,53.4387895
B0,176429957.5,176.4299575
C0,313312967.5,313.3129675
B1,215880502.5,215.8805025
B0,223671286.0,223.671286
C0,178135051.5,178.1350515
B0,202573609.0,202.573609
B0,184114506.0,184.114506
C0,387956954.0,387.956954
B0,60224848.0,60.224848
C1,471491893.0,471.491893
C1,214522601.0,214.522601
B0,54274474.5,54.2744745
C0,56179771.5,56.1797715
B0,54582407.5,54.5824075
C0,318180177.0,318.180177
C1,396957643.5,396.9576435
B1,55828710.0,55.82871
C0,311997154.5,311.9971545
C1,356486555.5,356.4865555
B0,204982549.5,204.9825495
C0,51496233.0,51.496233
B1,188193868.5,188.1938685
C0,59712487.5,59.7124875
C0,204285390.5,204.2853905
C0,320951292.0,320.951292
C1,227120519.0,227.120519
C0,53110503.0,53.110503
B0,52272611.0,52.272611
B1,337180385.5,337.1803855
B1,242782231.5,242.7822315
C0,342889756.0,342.889756
B1,408294393.5,408.2943935
B1,370629364.0,370.629364
C1,203677519.0,203.677519
B1,55953515.5,55.9535155
C0,363125677.0,363.125677
B1,48995841.0,48.995841
B0,211197685.0,211.197685
C0,408406494.0,408.406494
C0,179185262.5,179.1852625
B1,56679704.5,56.6797045
B0,359003674.5,359.0036745
B1,328766591.5,328.7665915
C1,59603675.0,59.603675
C1,212921038.0,212.921038
C1,193382821.5,193.3828215
C0,51916765.0,51.916765
B1,341729335.0,341.729335
C1,219933916.5,219.9339165
C0,186419639.5,186.4196395
C0,403377076.5,403.3770765
B0,374812579.5,374.8125795
B0,388999439.5,388.9994395
B0,440137191.5,440.1371915
C0,52228225.5,52.2282255
C1,222875218.5,222.8752185
B1,187596368.5,187.5963685
C0,187457188.0,187.457188
C1,400582870.0,400.58287
B1,402216961.5,402.2169615
C0,190062450.0,190.06245
C1,53020698.5,53.0206985
C0,56838946.5,56.8389465
B0,193376465.0,193.376465
B1,52327969.0,52.327969
C0,193725900.5,193.7259005
B0,200402999.0,200.402999
C1,52672931.0,52.672931
C0,202238597.5,202.2385975
C0,52108663.5,52.1086635
B0,188839952.5,188.8399525
C0,304683240.5,304.6832405
C0,311354732.0,311.354732
B1,54878642.5,54.8786425
C1,52346500.0,52.3465
C1,198931072.5,198.9310725
B0,187640954.5,187.6409545
C1,49641925.0,49.641925
C1,51185920.5,51.1859205
B1,282773669.0,282.773669
C1,66458755.5,66.4587555
C0,225283748.0,225.283748
C1,199726835.5,199.7268355
B1,153694461.0,153.694461
B0,51477409.0,51.477409
C0,196257744.5,196.2577445
C1,422317119.0,422.317119
B0,278469932.5,278.4699325
C0,51820150.0,51.82015
C0,223210446.0,223.210446
C0,163704201.0,163.704201
B1,329659284.0,329.659284
C0,221901883.0,221.901883
C0,56588549.0,56.588549
C1,164068794.5,164.0687945
C0,204289899.0,204.289899
B0,309380016.0,309.380016
B1,195652761.0,195.652761
C1,58763015.5,58.7630155
B0,184948807.0,184.948807
B1,333907172.0,333.907172
C1,367384368.5,367.3843685
C0,185850294.5,185.8502945
C0,360388671.0,360.388671
C0,175525717.5,175.5257175
C0,373926057.5,373.9260575
C1,359653121.5,359.6531215
B0,341511693.5,341.5116935
B0,334418462.5,334.4184625
B1,52060418.0,52.060418
B1,186540668.0,186.540668
C1,323435335.0,323.435335
B0,52303545.5,52.3035455
B0,50712696.5,50.7126965
B0,325786498.0,325.786498
B1,242369585.5,242.3695855
B0,397370521.0,397.370521
B1,348703854.0,348.703854
C1,59472867.5,59.4728675
B1,191582855.0,191.582855
B1,57483824.0,57.483824
B1,236709866.5,236.7098665
B0,52373994.0,52.373994
B1,53220625.5,53.2206255
C0,161656475.5,161.6564755
B1,63169139.0,63.169139
B0,56485795.5,56.4857955
C1,274719103.0,274.719103
C0,327881301.0,327.881301
B1,202493836.5,202.4938365
C1,359888880.0,359.88888
B1,52148551.5,52.1485515
B1,52007650.5,52.0076505
B0,339773640.0,339.77364
C1,198635203.0,198.635203
B1,55522597.0,55.522597
B0,339463755.5,339.4637555
B0,54201881.0,54.201881
C0,52511973.0,52.511973
B0,190768512.5,190.7685125
B1,347823293.5,347.8232935
C1,355806550.5,355.8065505
C0,52851006.0,52.851006
B0,218737654.5,218.7376545
B0,49963231.5,49.9632315
C0,184246775.5,184.2467755
B1,56821099.5,56.8210995
C1,318463671.5,318.4636715
C1,207111114.5,207.1111145
B1,397140382.5,397.1403825
C1,380811920.5,380.8119205
B0,207853844.5,207.8538445
B1,54283710.0,54.28371
C1,217028191.5,217.0281915
C1,299935816.0,299.935816
C1,271699194.5,271.6991945
C1,220137458.5,220.1374585
B1,50722764.0,50.722764
B1,162588445.5,162.5884455
B0,53403407.5,53.4034075
B1,52092445.5,52.0924455
B1,218786031.5,218.7860315
C0,365334090.0,365.33409
C0,59690352.0,59.690352
C1,198644240.5,198.6442405
C1,390415157.0,390.415157
B1,406100003.0,406.100003
C0,53423233.0,53.423233
C1,217617513.5,217.6175135
C0,376180951.0,376.180951
B1,209633100.0,209.6331
B1,339500796.5,339.5007965
C1,50297456.5,50.2974565
B0,349309757.0,349.309757
B1,428556617.0,428.556617
B0,51070511.5,51.0705115
C0,229852218.0,229.852218
B0,272109234.0,272.109234
B0,310625370.0,310.62537
B1,56414264.5,56.4142645
B0,269959846.5,269.9598465
C0,356160487.0,356.160487
C0,203261211.0,203.261211
C0,323772335.0,323.772335
B1,145645315.5,145.6453155
B1,51809922.5,51.8099225
C1,350944757.0,350.944757
C1,54844680.0,54.84468
B0,195220583.0,195.220583
C0,188863892.0,188.863892
B1,191693334.0,191.693334
B0,234591439.5,234.5914395
C1,51360201.5,51.3602015
B0,193090287.5,193.0902875
B1,195157200.0,195.1572
C0,329958119.0,329.958119
C1,57152401.5,57.1524015
C1,51398438.0,51.398438
C1,351082032.0,351.082032
B0,60975338.5,60.9753385
B0,49318214.0,49.318214
B1,56547438.0,56.547438
C0,374001293.5,374.0012935
B0,334125468.0,334.125468
C0,51880718.5,51.8807185
B1,160894901.0,160.894901
B0,387189211.0,387.189211
B0,55036802.0,55.036802
B1,52004985.0,52.004985
B1,210599866.5,210.5998665
B1,202797547.5,202.7975475
B0,360388906.5,360.3889065
C1,332021662.0,332.021662
C1,54930518.5,54.9305185
B0,188103691.0,188.103691
C1,381963004.0,381.963004
C1,53268255.5,53.2682555
C1,185064577.5,185.0645775
B0,350194843.5,350.1948435
C1,201035701.0,201.035701
B0,54882666.0,54.882666
B1,376594089.5,376.5940895
C1,324688207.0,324.688207
B0,327001182.0,327.001182
B0,209567810.0,209.56781
B0,334866069.5,334.8660695
B0,438825467.5,438.8254675
B0,205018383.0,205.018383
C0,51727571.5,51.7275715
B0,184018466.0,184.018466
C1,410107136.0,410.107136
C0,307762255.5,307.7622555
C0,371641540.5,371.6415405
C1,51951760.0,51.95176
C1,59961423.5,59.9614235
B1,339367842.5,339.3678425
C0,294752080.5,294.7520805
C1,379715697.5,379.7156975
C0,208695732.0,208.695732
C0,235390889.5,235.3908895
B0,326883768.0,326.883768
C0,176579794.0,176.579794
C1,344480865.5,344.4808655
C1,179920068.5,179.9200685
B0,237139845.0,237.139845
C0,402666384.5,402.6663845
B1,163990007.0,163.990007
C1,50260727.5,50.2607275
C1,221605135.5,221.6051355
B1,386495025.0,386.495025
C0,54639847.0,54.639847
C0,53307980.0,53.30798
B0,49541098.0,49.541098
B1,218709864.0,218.709864
C1,230309591.5,230.3095915
C0,53132160.5,53.1321605
B0,158049167.0,158.049167
C1,348446888.5,348.4468885
B1,48231884.5,48.2318845
C1,221920917.5,221.9209175
B0,53133667.5,53.1336675
B1,51492898.0,51.492898
C0,179146974.5,179.1469745
C0,382311458.5,382.3114585
B0,387638508.5,387.6385085
B1,51534428.0,51.534428
B0,297054560.5,297.0545605
C1,52078561.5,52.0785615
B1,225324733.0,225.324733
B0,410448244.5,410.4482445
C1,53662197.5,53.6621975
C1,352991578.5,352.9915785
B1,338539500.0,338.5395
C1,442338318.0,442.338318
C0,214022548.5,214.0225485
C0,228352229.0,228.352229
B1,168173062.0,168.173062
C0,357813598.5,357.8135985
B0,322324696.5,322.3246965
C0,395269877.0,395.269877
B1,52701503.0,52.701503
B0,193250871.0,193.250871
C0,51366338.5,51.3663385
B0,53614170.0,53.61417
B1,317856230.5,317.8562305
C1,53640424.0,53.640424
B1,351989390.0,351.98939
B0,149000243.0,149.000243
B1,402552579.5,402.5525795
C1,202731136.0,202.731136
B1,345939453.0,345.939453
C1,55468825.0,55.468825
C0,206264072.0,206.264072
C1,50679939.5,50.6799395
B0,409192187.5,409.1921875
B1,53845461.5,53.8454615
B0,194583159.5,194.5831595
B1,411998438.5,411.9984385
C1,52189179.0,52.189179
C0,235947674.5,235.9476745
C0,54423188.0,54.423188
C1,53457938.5,53.4579385
B0,52227356.5,52.2273565
B0,415926861.0,415.926861
C0,216435070.0,216.43507
B0,317100347.5,317.1003475
B1,53036306.5,53.0363065
B1,342104851.0,342.104851
C1,187215940.0,187.21594
C1,54071957.5,54.0719575
B0,401599875.0,401.599875
B0,176290399.0,176.290399
B1,228733751.0,228.733751
B0,339885329.5,339.8853295
B0,55948324.5,55.9483245
B1,359571462.5,359.5714625
B0,169440794.0,169.440794
C0,50882412.5,50.8824125
C1,53718306.5,53.7183065
C1,214869589.0,214.869589
B0,54649036.5,54.6490365
B1,51519712.5,51.5197125
C0,52304427.0,52.304427
C1,56370898.5,56.3708985
C1,388793148.5,388.7931485
C0,376873283.0,376.873283
B1,211690963.5,211.6909635
B0,48968258.0,48.968258
B1,318968730.5,318.9687305
C0,212602827.5,212.6028275
C1,260664663.0,260.664663
C0,190995948.0,190.995948
B0,146240910.0,146.24091
B1,221848088.5,221.8480885
C1,55633167.5,55.6331675
C0,188846284.5,188.8462845
C1,50567410.0,50.56741
C1,197292840.0,197.29284
C0,316959153.0,316.959153
C0,56515622.5,56.5156225
C0,59728952.0,59.728952
C1,326206841.0,326.206841
C1,324326669.0,324.326669
C1,314711647.5,314.7116475
B1,192022466.0,192.022466
C0,217353647.0,217.353647
B0,57066919.5,57.0669195
B1,204902527.0,204.902527
C1,155442359.5,155.4423595
C0,216882412.0,216.882412
C0,164296282.5,164.2962825
C1,194790342.0,194.790342
C0,51958119.5,51.9581195
B0,53160607.0,53.160607
B1,370078868.5,370.0788685
B0,387186074.5,387.1860745
C1,54614725.5,54.6147255
B1,203568989.5,203.5689895
B1,341318915.5,341.3189155
B0,365197586.0,365.197586
B0,54535629.5,54.5356295
C0,179950081.0,179.950081
C1,191673308.5,191.6733085
C0,340923981.5,340.9239815
B0,204517798.5,204.5177985
C0,208025033.0,208.025033
B1,52651861.5,52.6518615
C1,181658461.5,181.6584615
B1,341303709.5,341.3037095
C1,352775832.0,352.775832
C0,421473914.5,421.4739145
C0,304730009.0,304.730009
C0,51483742.0,51.483742
B1,53362188.0,53.362188
B1,394517453.5,394.5174535
C1,341967340.5,341.9673405
B0,319282214.0,319.282214
B1,50888454.5,50.8884545
B1,55021211.0,55.021211
C1,430395318.0,430.395318
B1,315811310.0,315.81131
B0,52957207.0,52.957207
C0,51842841.5,51.8428415
C1,190564719.0,190.564719
B1,346771174.0,346.771174
B0,55092002.5,55.0920025
C0,377825153.0,377.825153
B0,52559829.5,52.5598295
B0,172676445.0,172.676445
B1,50400552.0,50.400552
B0,51737685.5,51.7376855
C0,204357392.0,204.357392
B0,357403405.5,357.4034055
B0,198112204.5,198.1122045
B1,311283494.0,311.283494
B1,48519535.0,48.519535
C0,52703988.0,52.703988
B0,318550744.0,318.550744
B1,50816728.0,50.816728
B1,333272605.5,333.2726055
B0,54132642.5,54.1326425
C0,50924486.5,50.9244865
B0,335459819.5,335.4598195
B0,52419645.0,52.419645
B1,217610219.0,217.610219
C1,219842012.5,219.8420125
B0,220022756.0,220.022756
C0,311684586.5,311.6845865
B1,52201648.0,52.201648
C0,53960384.5,53.9603845
C1,229818636.5,229.8186365
B0,51758444.0,51.758444
B1,151155287.5,151.1552875
C0,50977477.0,50.977477
B0,150533040.5,150.5330405
C1,199934020.5,199.9340205
C1,186319943.0,186.319943
C1,50958385.5,50.9583855
C0,224578783.5,224.5787835
B1,207868271.0,207.868271
B1,326967846.0,326.967846
C0,50342386.0,50.342386
C0,52375325.0,52.375325
C1,351404844.5,351.4048445
C1,194640542.5,194.6405425
C1,350991394.0,350.991394
C0,346036556.5,346.0365565
C1,349013132.0,349.013132
B0,205926535.5,205.9265355
C1,203815599.5,203.8155995
B1,52241248.0,52.241248
B1,198241793.0,198.241793
C0,51614623.0,51.614623
B1,210231662.0,210.231662
B0,176319850.0,176.31985
C1,300870677.0,300.870677
B1,378562802.5,378.5628025
C0,340866701.0,340.866701
B1,307342249.0,307.342249
C0,51706972.0,51.706972
B1,223549359.5,223.5493595
C0,398934462.0,398.934462
B1,55267496.0,55.267496
C0,292694570.0,292.69457
B1,171323013.5,171.3230135
C1,375691410.0,375.69141
C1,376263204.0,376.263204
C1,53033574.0,53.033574
B0,376299634.5,376.2996345
C0,382632103.5,382.6321035
B1,340454889.0,340.454889
B1,185998681.0,185.998681
B0,314498697.0,314.498697
C1,169290702.0,169.290702
C0,206354482.0,206.354482
C0,374016539.0,374.016539
B1,217953064.5,217.9530645
C1,56924072.5,56.9240725
B1,236354911.0,236.354911
B1,192343802.0,192.343802
C0,308298003.5,308.2980035
C0,191981186.5,191.9811865
B0,193314027.0,193.314027
C1,421178281.0,421.178281
B0,383549155.5,383.5491555
C1,190569314.5,190.5693145
C0,179683170.0,179.68317
B0,325411031.5,325.4110315
B0,55562669.5,55.5626695
B0,50941980.5,50.9419805
B0,184834570.5,184.8345705
C0,53037671.5,53.0376715
B1,335983394.5,335.9833945
B0,197325905.5,197.3259055
C1,208416561.0,208.416561
C1,53216770.5,53.2167705
B1,53661257.5,53.6612575
B1,402764148.0,402.764148
C0,423595175.5,423.5951755
C0,416196291.0,416.196291
C1,184139495.5,184.1394955
B1,51509271.0,51.509271
C0,52268194.0,52.268194
B0,55002469.5,55.0024695
C0,55678949.5,55.6789495
C1,221930312.5,221.9303125
B0,55614073.5,55.6140735
C1,52449451.0,52.449451
B0,55075508.0,55.075508
C0,189265322.5,189.2653225
C0,58257854.5,58.2578545
B0,199840693.0,199.840693
C0,53476704.5,53.4767045
B1,308373110.5,308.3731105
B1,51741221.0,51.741221
B1,58073811.0,58.073811
B0,52860180.5,52.8601805
B1,52482597.0,52.482597
C0,209772707.5,209.7727075
C1,423991616.0,423.991616
C1,239556804.5,239.5568045
C0,223582825.5,223.5828255
B1,50662346.5,50.6623465
B0,168082763.0,168.082763
B1,51108011.0,51.108011
C1,199577009.0,199.577009
B1,181968019.0,181.968019
B0,357184682.0,357.184682
C0,190692383.5,190.6923835
B0,361955635.5,361.9556355
B1,62176133.0,62.176133
B1,55706381.0,55.706381
B1,185308247.5,185.3082475
C0,54864226.0,54.864226
C1,213608809.0,213.608809
C1,53654733.0,53.654733
B1,59470463.0,59.470463
B0,355453507.5,355.4535075
B1,337745148.0,337.745148
B1,210696231.5,210.6962315
C1,382125824.0,382.125824
C0,182821805.0,182.821805
C1,338076741.0,338.076741
C1,52455730.5,52.4557305
C1,203880419.0,203.880419
B1,468243717.0,468.243717
B0,56864950.5,56.8649505
C1,207356472.5,207.3564725
C0,373972800.0,373.9728
B1,51836562.0,51.836562
B0,224125070.0,224.12507
B1,208956666.0,208.956666
B1,187610185.5,187.6101855
B0,304146628.5,304.1466285
C1,197277472.0,197.277472
B0,142086463.0,142.086463
C1,50547745.0,50.547745
B1,361902130.0,361.90213
C1,361692444.0,361.692444
C1,202358801.5,202.3588015
B1,379680025.0,379.680025
B0,213052194.5,213.0521945
C0,49817040.5,49.8170405
B0,55149133.0,55.149133
B1,51272074.0,51.272074
B0,169057375.0,169.057375
B1,182312575.5,182.3125755
C1,53884755.5,53.8847555
B0,345274602.0,345.274602
C0,157429767.5,157.4297675
C0,333608235.5,333.6082355
B1,341001975.5,341.0019755
B0,190509801.5,190.5098015
B0,210121472.0,210.121472
B0,51295965.0,51.295965
C1,182369196.5,182.3691965
B0,193725815.5,193.7258155
C1,156538501.0,156.538501
C1,217105904.5,217.1059045
C1,52440998.0,52.440998
B1,338869431.0,338.869431
B0,284182531.5,284.1825315
C1,291299540.5,291.2995405
C0,52128643.0,52.128643
C0,348228277.5,348.2282775
B0,52609102.5,52.6091025
C1,206342064.0,206.342064
C1,50265279.5,50.2652795
B0,53676582.0,53.676582
C0,50654439.5,50.6544395
B1,327908957.0,327.908957
B1,51305881.5,51.3058815
C0,53012269.0,53.012269
B0,319965744.0,319.965744
C1,322077159.0,322.077159
B0,333701251.0,333.701251
C1,358217518.5,358.2175185
C1,309155043.5,309.1550435
B1,285169350.0,285.16935
B0,57659017.0,57.659017
B1,195892086.5,195.8920865
B0,201571468.5,201.5714685
C0,204556092.0,204.556092
B0,214704889.5,214.7048895
B1,195914891.5,195.9148915
B1,344651181.5,344.6511815
B0,51922492.0,51.922492
B1,198627022.0,198.627022
B1,49160455.5,49.1604555
C0,196994978.5,196.9949785
C1,195675437.5,195.6754375
C1,264008679.0,264.008679
C0,403450553.5,403.4505535
C0,330572065.0,330.572065
C1,209138057.0,209.138057
C0,362126164.5,362.1261645
B0,52131169.5,52.1311695
C0,190450447.0,190.450447
B1,344275004.0,344.275004
B1,54059905.5,54.0599055
C0,53474066.0,53.474066
B0,204659728.5,204.6597285
C1,210268821.0,210.268821
B1,52862510.0,52.86251
C0,51363592.5,51.3635925
B1,335441707.0,335.441707
B0,53675954.0,53.675954
C1,354327025.5,354.3270255
C0,51732460.0,51.73246
C1,189905967.5,189.9059675
C1,52526041.0,52.526041
B1,211329277.0,211.329277
C0,348252406.0,348.252406
B0,345856148.0,345.856148
B1,184373873.0,184.373873
C0,198792027.5,198.7920275
B1,411081258.5,411.0812585
C0,303351469.0,303.351469
C1,53749956.0,53.749956
C0,195348745.5,195.3487455
B1,222665284.0,222.665284
B1,365367074.0,365.367074
C1,294902763.5,294.9027635
B1,217309136.0,217.309136
B1,210838082.0,210.838082
C0,401472798.0,401.472798
C1,194056934.5,194.0569345
B0,186764001.0,186.764001
C1,56399540.5,56.3995405
C0,53863748.5,53.8637485
C0,51285540.0,51.28554
C0,385484024.0,385.484024
B1,56076991.5,56.0769915
B1,56300833.5,56.3008335
B0,52302202.5,52.3022025
B1,363198221.0,363.198221
B0,55992562.5,55.9925625
B1,57783862.0,57.783862
B1,52459464.5,52.4594645
B1,285168225.0,285.168225
C1,53524861.5,53.5248615
C1,56460152.5,56.4601525
B0,358538931.5,358.5389315
C1,216163158.0,216.163158
C1,378849882.0,378.849882
C1,53906278.5,53.9062785
B1,457861128.5,457.8611285
C0,357410280.0,357.41028
B0,191242740.5,191.2427405
C0,182268009.0,182.268009
C0,205941856.0,205.941856
B1,56453003.5,56.4530035
C0,55257237.5,55.2572375
B0,53721842.0,53.721842
C1,330345111.5,330.3451115
B1,176816040.0,176.81604
C0,354687610.5,354.6876105
C1,429777489.0,429.777489
C0,54248591.5,54.2485915
B0,52808239.0,52.808239
B0,56440988.5,56.4409885
C1,190108041.5,190.1080415
B0,222403259.0,222.403259
C0,57531130.0,57.53113
C0,54293471.5,54.2934715
B0,52292041.0,52.292041
B1,321194557.5,321.1945575
C0,207217972.5,207.2179725
C1,173289037.5,173.2890375
B1,53588366.0,53.588366
B0,155005017.0,155.005017
C0,169116616.5,169.1166165
C1,54033567.0,54.033567
C0,217028945.0,217.028945
C0,300487190.5,300.4871905
B1,182528488.5,182.5284885
B1,345441594.0,345.441594
B0,193824047.0,193.824047
B0,404505229.0,404.505229
B0,53108833.0,53.108833
B1,392384213.5,392.3842135
B0,307626182.5,307.6261825
C0,338527452.5,338.5274525
B0,220731785.0,220.731785
C1,230489596.0,230.489596
C0,51200429.0,51.200429
C0,347804758.0,347.804758
C1,216550851.5,216.5508515
B0,208043273.0,208.043273
C1,394053346.0,394.053346
C1,51621700.5,51.6217005
B1,54127514.5,54.1275145
C0,205693098.5,205.6930985
C1,367196534.5,367.1965345
C1,386500132.0,386.500132
C1,333094959.5,333.0949595
B0,341533904.5,341.5339045
B1,205964672.0,205.964672
B0,383143143.0,383.143143
C1,350251361.5,350.2513615
C1,51431493.5,51.4314935
B0,330768949.5,330.7689495
B1,53377668.5,53.3776685
B1,393089794.5,393.0897945
B0,54150871.5,54.1508715
B1,58284070.0,58.28407
C1,186341041.0,186.341041
C0,51506836.0,51.506836
B1,420336757.0,420.336757
B0,53639442.0,53.639442
C1,54303122.5,54.3031225
B0,52168905.5,52.1689055
C0,200361547.5,200.3615475
B0,52048843.5,52.0488435
C0,395944157.5,395.9441575
C0,55646410.5,55.6464105
C0,199748888.0,199.748888
B0,350785262.0,350.785262
B1,192564959.0,192.564959
C0,53316250.5,53.3162505
B0,299999417.5,299.9994175
C1,55921187.5,55.9211875
C1,365388209.0,365.388209
C0,52178829.0,52.178829
C0,217238648.5,217.2386485
C0,55965206.0,55.965206
C0,51208359.5,51.2083595
C1,343104397.0,343.104397
C1,384068436.5,384.0684365
C0,218834128.0,218.834128
B1,345635573.5,345.6355735
C0,228330392.0,228.330392
C0,51145726.0,51.145726
B0,52114610.5,52.1146105
B0,210581479.0,210.581479
B0,199216374.0,199.216374
B1,180073649.0,180.073649
B1,50015580.0,50.01558
C0,351438623.0,351.438623
C0,51618339.5,51.6183395
B0,51761103.5,51.7611035
B0,188000434.5,188.0004345
C1,50690109.0,50.690109
C0,308883444.0,308.883444
C1,51575033.0,51.575033
B1,51269069.0,51.269069
B1,181907492.0,181.907492
B1,202084019.5,202.0840195
C1,49278709.0,49.278709
C0,193194275.0,193.194275
B0,52414840.0,52.41484
C0,337684238.0,337.684238
B1,52077833.0,52.077833
C1,229640921.0,229.640921
B0,366784201.5,366.7842015
C0,406190703.5,406.1907035
C1,53795682.0,53.795682
C1,366993209.5,366.9932095
B1,343542586.0,343.542586
B0,302948434.5,302.9484345
C0,314791236.5,314.7912365
C0,243414433.5,243.4144335
B1,214018419.0,214.018419
B0,173768300.5,173.7683005
C0,347153369.5,347.1533695
B0,225118659.0,225.118659
C1,52078759.5,52.0787595
B0,55515798.5,55.5157985
B0,52352383.0,52.352383
C1,188031717.5,188.0317175
C0,204491079.0,204.491079
C1,54167826.5,54.1678265
C1,162503821.5,162.5038215
B0,50391848.5,50.3918485
B0,178376873.5,178.3768735
B1,281062911.5,281.0629115
B1,334433261.5,334.4332615
B1,175487120.5,175.4871205
B0,329147506.5,329.1475065
B0,208641238.5,208.6412385
B0,309514353.0,309.514353
B0,208257195.5,208.2571955
C0,55747223.0,55.747223
C1,51067954.0,51.067954
C0,182566402.5,182.5664025
C0,51532271.5,51.5322715
C0,50690048.5,50.6900485
B1,210936353.5,210.9363535
C0,359844683.5,359.8446835
C0,56425890.0,56.42589
C1,188469499.5,188.4694995
C1,197883054.5,197.8830545
B1,53301002.0,53.301002
B1,215519584.5,215.5195845
C0,189206819.5,189.2068195
B0,369278569.5,369.2785695
C0,247908523.5,247.9085235
C1,51326552.0,51.326552
B1,205458502.0,205.458502
C0,379197321.5,379.1973215
B0,365101210.5,365.1012105
B0,287846030.5,287.8460305
B0,52246652.5,52.2466525
C1,291117872.5,291.1178725
C1,52076493.5,52.0764935
B0,202603606.0,202.603606
B0,347807053.0,347.807053
B0,312628395.5,312.6283955
B1,51802162.5,51.8021625
C0,203911705.0,203.911705
B1,50077114.0,50.077114
B1,55121724.0,55.121724
B1,335382827.5,335.3828275
B1,291880145.0,291.880145
C1,201944722.5,201.9447225
B1,53795982.5,53.7959825
C0,305812488.5,305.8124885
C1,318028330.5,318.0283305
B0,202956141.0,202.956141
C0,194979180.0,194.97918
C1,52510717.0,52.510717
C0,198677028.5,198.6770285
B1,52292075.5,52.2920755
C1,351953859.0,351.953859
B1,170018160.5,170.0181605
C1,345602371.0,345.602371
C0,278185273.0,278.185273
C1,357855641.5,357.8556415
B0,324502797.5,324.5027975
C0,190124424.5,190.1244245
B1,188042886.5,188.0428865
B0,346119729.0,346.119729
C0,218496971.5,218.4969715
B1,54799630.5,54.7996305
C0,314578442.5,314.5784425
C1,49291298.5,49.2912985
C1,57592458.0,57.592458
C1,52912038.5,52.9120385
B1,348285074.5,348.2850745
B0,352757273.5,352.7572735
C0,322753925.0,322.753925
B0,202356364.0,202.356364
B0,360071197.0,360.071197
B0,351382840.0,351.38284
C0,54633901.0,54.633901
B1,52377054.0,52.377054
C0,318644974.5,318.6449745
B0,188447464.0,188.447464
C1,52685242.0,52.685242
C0,372362441.5,372.3624415
C0,201593158.0,201.593158
B0,347786379.5,347.7863795
B1,60127318.0,60.127318
C1,190249443.0,190.249443
B0,205492231.5,205.4922315
C0,382904413.5,382.9044135
B0,283137954.0,283.137954
B1,327456362.5,327.4563625
B1,322152459.5,322.1524595
B1,164023554.0,164.023554
C0,333696654.0,333.696654
C1,165234561.5,165.2345615
B0,53390887.0,53.390887
B0,324552675.5,324.5526755
B1,175172460.5,175.1724605
B0,217167835.0,217.167835
B1,204346962.0,204.346962
C0,277602569.0,277.602569
C1,200313177.0,200.313177
C0,172777018.5,172.7770185
B0,340251039.5,340.2510395
C0,189509021.5,189.5090215
C0,158066437.5,158.0664375
B1,193188816.0,193.188816
B1,52879169.5,52.8791695
C1,187758858.5,187.7588585
C1,197861057.5,197.8610575
B0,51193054.0,51.193054
B0,320472623.5,320.4726235
B1,55694594.5,55.6945945
C0,221992476.5,221.9924765
B0,56125258.0,56.125258
B0,51672141.0,51.672141
B0,53366883.5,53.3668835
C0,52344908.5,52.3449085
C0,293602541.5,293.6025415
C1,50074204.5,50.0742045
C0,357732596.0,357.732596
C0,179021212.5,179.0212125
B1,178210492.0,178.210492
C1,347559577.5,347.5595775
C0,50751649.0,50.751649
B0,184164244.0,184.164244
B1,204689597.5,204.6895975
B1,185620640.0,185.62064
B1,319407107.0,319.407107
B0,55431039.5,55.4310395
C0,53619945.0,53.619945
C0,165358443.5,165.3584435
C1,219308678.5,219.3086785
B1,54693881.5,54.6938815
C1,403527731.5,403.5277315
C0,341948167.0,341.948167
C0,188447894.0,188.447894
B1,337212876.0,337.212876
C0,217684261.0,217.684261
B1,209822869.0,209.822869
B1,52275005.5,52.2750055
B1,189445724.5,189.4457245
C1,53682633.0,53.682633
B1,61913936.5,61.9139365
C0,54847900.0,54.8479
C1,191948820.0,191.94882
C1,50461968.5,50.4619685
B1,194087591.5,194.0875915
B1,52341404.5,52.3414045
C0,213105311.0,213.105311
C1,345239029.0,345.239029
C1,182325276.5,182.3252765
B0,53134617.5,53.1346175
B1,322012801.0,322.012801
B0,413050404.5,413.0504045
B1,314509566.5,314.5095665
C1,204246811.5,204.2468115
B1,187363164.0,187.363164
B1,52661865.5,52.6618655
B0,318601480.5,318.6014805
C0,319839875.5,319.8398755
B1,194842168.0,194.842168
B0,51468867.0,51.468867
B0,247199599.0,247.199599
C0,56409959.5,56.4099595
B1,49952167.0,49.952167
B0,50959383.0,50.959383
B0,224945529.0,224.945529
B1,52565035.0,52.565035
C0,191851465.5,191.8514655
C1,230441274.0,230.441274
B0,263921972.5,263.9219725
C1,185015010.5,185.0150105
B1,343225803.0,343.225803
B0,184688779.5,184.6887795
B1,55365159.5,55.3651595
C1,180012936.0,180.012936
B1,428656630.5,428.6566305
C0,201100836.5,201.1008365
B0,333406392.0,333.406392
B0,353193735.0,353.193735
C0,217190004.0,217.190004
C1,397773959.5,397.7739595
C1,204547600.5,204.5476005
C1,204126245.0,204.126245
C1,52325061.0,52.325061
C0,320660983.5,320.6609835
B1,193363930.5,193.3639305
B1,363619988.5,363.6199885
B0,53778138.5,53.7781385
B1,204330983.0,204.330983
C1,53404207.0,53.404207
C1,51833193.5,51.8331935
B0,55204465.0,55.204465
B1,340810546.0,340.810546
C1,53148962.0,53.148962
C0,306620899.5,306.6208995
B1,202553960.0,202.55396
B1,326444200.5,326.4442005
B0,54923302.0,54.923302
B0,193819602.5,193.8196025
B0,190375871.0,190.375871
B1,50996826.5,50.9968265
B1,54561929.0,54.561929
B1,49835141.5,49.8351415
C0,50252536.5,50.2525365
B0,52084636.5,52.0846365
C1,356567318.0,356.567318
B0,193783255.5,193.7832555
B0,50767881.0,50.767881
C0,52184365.5,52.1843655
C1,192154821.5,192.1548215
C0,49718181.0,49.718181
B1,203285679.0,203.285679
B0,50691316.5,50.6913165
B1,343051241.5,343.0512415
C0,364549073.5,364.5490735
C1,52153927.0,52.153927
C1,51665481.0,51.665481
C1,54909078.0,54.909078
C1,55066353.0,55.066353
C1,301827958.5,301.8279585
C1,188246709.0,188.246709
C0,296310723.0,296.310723
C0,340427785.0,340.427785
C0,359969313.5,359.9693135
B0,179184412.0,179.184412
C1,51294205.5,51.2942055
B0,49835066.0,49.835066
B0,158735697.0,158.735697
B0,52252200.5,52.2522005
B0,204505645.5,204.5056455
C0,52068240.5,52.0682405
C1,206490384.5,206.4903845
C1,355006929.0,355.006929
B0,301333730.5,301.3337305
C1,335020942.0,335.020942
B1,335650152.0,335.650152
C1,161754266.5,161.7542665
B0,320880929.0,320.880929
C0,320959121.5,320.9591215
C1,356636767.0,356.636767
C0,319708769.5,319.7087695
C1,369455786.5,369.4557865
C0,160909674.0,160.909674
C0,53878960.0,53.87896
B1,54700126.0,54.700126
B0,197453710.0,197.45371
C0,201209791.0,201.209791
C0,53812127.0,53.812127
C0,191957865.5,191.9578655
B1,53508890.0,53.50889
C0,346974883.5,346.9748835
C1,321713931.0,321.713931
C0,185047290.0,185.04729
C1,50228728.5,50.2287285
B0,202796183.0,202.796183
B0,199726296.5,199.7262965
C0,54523020.5,54.5230205
B1,184549647.0,184.549647
B0,360386342.5,360.3863425
B0,52140666.5,52.1406665
C1,278849527.0,278.849527
B1,50729740.0,50.72974
B0,53873983.5,53.8739835
C0,204522531.5,204.5225315
C1,53446016.0,53.446016
B1,203435531.0,203.435531
B0,52731178.5,52.7311785
C1,203454986.0,203.454986
C1,319417801.5,319.4178015
C0,52909652.0,52.909652
B0,330375336.5,330.3753365
C0,369830695.0,369.830695
B0,175752353.0,175.752353
C1,52702548.0,52.702548
C1,197286229.0,197.286229
B1,53491222.0,53.491222
C1,60740302.0,60.740302
C0,354810163.0,354.810163
C1,186327669.0,186.327669
C1,53321575.5,53.3215755
B1,408605463.0,408.605463
C0,52799161.5,52.7991615
B1,410529924.0,410.529924
B1,301418233.5,301.4182335
C0,51686606.0,51.686606
C1,224301104.0,224.301104
C1,53236833.0,53.236833
B1,343352218.0,343.352218
B1,341796270.0,341.79627
B0,324527341.0,324.527341
C1,204779314.5,204.7793145
B0,57476108.0,57.476108
C0,53582564.5,53.5825645
B1,342841208.0,342.841208
B1,318273908.5,318.2739085
B0,196046791.5,196.0467915
C1,201844478.0,201.844478
B0,277655888.5,277.6558885
C1,50117849.5,50.1178495
B1,209161303.0,209.161303
C0,52334438.0,52.334438
C0,54020072.0,54.020072
B1,195264638.5,195.2646385
B1,291915921.0,291.915921
B1,231206965.5,231.2069655
C0,53123891.5,53.1238915
B0,318165051.5,318.1650515
C0,229669936.5,229.6699365
B0,172801853.5,172.8018535
B1,184366298.0,184.366298
C1,55145463.0,55.145463
C1,346734050.5,346.7340505
B1,179301511.5,179.3015115
B0,322126290.5,322.1262905
B0,178284746.0,178.284746
B0,193529482.0,193.529482
B0,56997704.0,56.997704
B1,54563146.0,54.563146
C0,353277783.0,353.277783
B1,52668084.0,52.668084
B0,53874542.0,53.874542
B1,333303122.0,333.303122
B1,52806261.0,52.806261
C1,311431612.0,311.431612
C0,57183280.0,57.18328
C1,51554232.5,51.5542325
B1,297269431.0,297.269431
B0,347464726.5,347.4647265
B1,214346387.0,214.346387
C1,351844057.0,351.844057
C1,165174847.0,165.174847
B0,185419390.5,185.4193905
B1,232223294.5,232.2232945
B0,200167085.0,200.167085
B1,63636167.0,63.636167
C1,325562292.5,325.5622925
B1,53635492.0,53.635492
C0,349737838.0,349.737838
C1,313449744.5,313.4497445
B1,363749000.0,363.749
C0,372945556.5,372.9455565
C1,56465683.5,56.4656835
C0,49921018.5,49.9210185
C0,303226347.5,303.2263475
B0,202693453.0,202.693453
C1,234478586.5,234.4785865
B0,51304558.5,51.3045585
C0,220626164.5,220.6261645
B1,338981903.5,338.9819035
B0,52942503.0,52.942503
C1,212104067.0,212.104067
C1,311432419.5,311.4324195
B0,332950533.5,332.9505335
C0,53694120.0,53.69412
C0,190657415.5,190.6574155
C1,356374371.0,356.374371
C0,214137043.5,214.1370435
C0,54083424.5,54.0834245
C1,290479329.5,290.4793295
B1,353235161.5,353.2351615
C1,384219989.0,384.219989
C1,421241012.5,421.2410125
C0,50534221.0,50.534221
C0,200701955.5,200.7019555
C0,188274933.0,188.274933
C0,56466534.5,56.4665345
C1,375192709.0,375.192709
B0,49860299.5,49.8602995
C1,340897600.5,340.8976005
C1,51098841.0,51.098841
C0,198128063.5,198.1280635
C1,392891472.0,392.891472
B0,184704643.0,184.704643
B0,215818507.0,215.818507
C1,369195055.0,369.195055
C0,55149958.5,55.1499585
B0,54601882.0,54.601882
B1,187445209.5,187.4452095
B1,52454480.0,52.45448
B0,362342458.0,362.342458
B0,403924802.0,403.924802
B1,51488212.5,51.4882125
C0,331790033.0,331.790033
B0,185224707.5,185.2247075
C1,57690126.0,57.690126
B1,52699173.5,52.6991735
C1,306054799.0,306.054799
C0,276375701.0,276.375701
B0,317521566.0,317.521566
C0,208784418.0,208.784418
B1,53680435.0,53.680435
B1,223297304.0,223.297304
B0,300299681.0,300.299681
C0,181672584.5,181.6725845
C1,381506146.0,381.506146
C0,55056702.0,55.056702
C1,366348678.0,366.348678
B1,332957115.0,332.957115
B0,342976530.5,342.9765305
B0,423600591.0,423.600591
B1,314592425.5,314.5924255
B1,51453517.0,51.453517
B1,52417534.0,52.417534
B1,273736795.0,273.736795
B0,224523172.0,224.523172
B0,204576925.5,204.5769255
B0,176588615.5,176.5886155
B1,53493769.0,53.493769
B0,53279546.5,53.2795465
B0,401238429.0,401.238429
B1,218763621.0,218.763621
C0,355979400.0,355.9794
C1,323027316.5,323.0273165
C1,56038682.0,56.038682
B0,399707301.5,399.7073015
B0,342557673.5,342.5576735
B1,54016389.5,54.0163895
C1,227811290.0,227.81129
C0,208980480.5,208.9804805
C1,206501811.0,206.501811
B1,199128465.5,199.1284655
B1,51866138.5,51.8661385
B0,334416562.5,334.4165625
B0,213807503.5,213.8075035
C0,225604309.0,225.604309
B0,56382139.5,56.3821395
C1,318911964.0,318.911964
C1,51868943.0,51.868943
B0,440211433.5,440.2114335
C1,227620515.0,227.620515
C1,345437207.0,345.437207
C1,330209897.0,330.209897
C0,362610850.0,362.61085
C1,179064997.0,179.064997
B0,391291236.5,391.2912365
B0,326544748.0,326.544748
B0,52688353.0,52.688353
B0,169047015.5,169.0470155
B0,194038173.5,194.0381735
B0,218677979.0,218.677979
B0,53914722.0,53.914722
B1,311113301.5,311.1133015
B0,197635517.5,197.6355175
B1,217443677.5,217.4436775
C1,54886101.0,54.886101
B0,368331328.0,368.331328
B1,188390940.0,188.39094
B0,51345378.5,51.3453785
C0,55734719.5,55.7347195
C1,214985766.5,214.9857665
B1,340356607.0,340.356607
B1,52300425.0,52.300425
C1,187290588.5,187.2905885
B0,51202289.5,51.2022895
C0,51513000.0,51.513
B0,51902705.0,51.902705
B0,165671224.0,165.671224
B1,52983837.0,52.983837
B0,53790354.5,53.7903545
C0,56438746.5,56.4387465
B0,339624881.5,339.6248815
C0,52611728.5,52.6117285
B1,348402055.5,348.4020555
C1,345447752.0,345.447752
C0,215853192.5,215.8531925
B1,228777872.5,228.7778725
B0,208906193.0,208.906193
C0,291407076.0,291.407076
B0,222698430.0,222.69843
B1,51986254.5,51.9862545
B0,275945414.5,275.9454145
B1,52667185.5,52.6671855
C1,343865937.5,343.8659375
C0,207385839.5,207.3858395
C1,52701498.0,52.701498
C1,370754593.5,370.7545935
B0,199094323.0,199.094323
C0,52330376.5,52.3303765
B1,53648145.5,53.6481455
C1,53790566.0,53.790566
C1,196316242.0,196.316242
C1,332984961.0,332.984961
C0,346384624.5,346.3846245
C0,381830492.5,381.8304925
C1,410608908.0,410.608908
C1,51340899.0,51.340899
B0,196959792.5,196.9597925
B1,51900037.0,51.900037
C0,56995547.5,56.9955475
C0,52693062.0,52.693062
C1,205979835.5,205.9798355
C0,53963895.0,53.963895
B0,392945541.5,392.9455415
C0,204978271.5,204.9782715
B0,330782869.5,330.7828695
C0,160951001.5,160.9510015
C0,202444761.0,202.444761
C1,323942758.0,323.942758
C1,52540012.0,52.540012
B1,204031907.5,204.0319075
B0,265706187.5,265.7061875
C0,200304617.0,200.304617
C1,404418062.5,404.4180625
C0,445464243.0,445.464243
C0,349531609.5,349.5316095
C0,52502589.5,52.5025895
B1,202816738.0,202.816738
C0,214578209.0,214.578209
C1,314600263.5,314.6002635
B0,52497693.0,52.497693
C0,195461353.0,195.461353
C0,177809345.5,177.8093455
C1,51761971.0,51.761971
C0,57010956.5,57.0109565
C1,338079345.5,338.0793455
C1,207201128.0,207.201128
B0,372547328.0,372.547328
B1,214177438.0,214.177438
C1,54588315.5,54.5883155
B1,198004583.5,198.0045835
B0,52856631.0,52.856631
B1,377688491.0,377.688491
B1,353097381.0,353.097381
B1,341504053.0,341.504053
C1,52549175.0,52.549175
B0,54325284.0,54.325284
B0,335269626.5,335.2696265
B1,300347468.5,300.3474685
B1,327614395.0,327.614395
B1,199988546.5,199.9885465
B0,51021630.5,51.0216305
B1,192981455.5,192.9814555
B1,206344507.0,206.344507
C0,55602677.5,55.6026775
C0,52668921.5,52.6689215
C1,52060754.5,52.0607545
C0,53182583.0,53.182583
C0,53009104.0,53.009104
C1,386762741.0,386.762741
B1,344681909.0,344.681909
B1,209435873.0,209.435873
C0,389112299.5,389.1122995
C1,312106644.0,312.106644
B1,338335663.0,338.335663
B0,216204009.5,216.2040095
B0,200763752.0,200.763752
B1,200565928.0,200.565928
B0,349143095.5,349.1430955
C0,358274587.0,358.274587
B0,384359894.0,384.359894
C1,53603606.5,53.6036065
C1,53876219.0,53.876219
C0,62496288.0,62.496288
B1,320508524.5,320.5085245
B0,350439070.0,350.43907
C0,300433810.0,300.43381
B0,51400056.0,51.400056
C0,52429441.0,52.429441
C0,175719208.5,175.7192085
B0,51980830.0,51.98083
C1,204075809.0,204.075809
B1,50557736.0,50.557736
C0,343469383.5,343.4693835
B1,53625280.5,53.6252805
C0,365631913.0,365.631913
C0,329761652.0,329.761652
C1,194185186.5,194.1851865
C0,322160968.5,322.1609685
B0,199645471.5,199.6454715
C1,180571082.5,180.5710825
B0,52462799.5,52.4627995
C0,316851607.0,316.851607
C1,52739306.0,52.739306
C0,207113070.5,207.1130705
B1,52539807.0,52.539807
C0,318501935.0,318.501935
B1,286444238.5,286.4442385
C0,151404656.0,151.404656
C1,319978475.0,319.978475
B0,53285838.5,53.2858385
B0,50409417.5,50.4094175
C0,355758801.0,355.758801
B0,216372721.0,216.372721
C0,51986733.5,51.9867335
C0,57252271.5,57.2522715
C1,53427971.5,53.4279715
B1,330973959.0,330.973959
C0,211561173.5,211.5611735
C0,52772292.0,52.772292
B1,53774141.0,53.774141
B1,51814786.0,51.814786
C0,336156149.0,336.156149
C1,53334130.0,53.33413
B1,53131245.5,53.1312455
B0,53752971.5,53.7529715
B0,53587190.0,53.58719
B1,52741701.0,52.741701
B1,201547272.0,201.547272
C0,362446727.5,362.4467275
B1,52740471.0,52.740471
B1,192048957.5,192.0489575
B0,375867554.0,375.867554
C1,203240754.0,203.240754
C0,52040267.0,52.040267
C1,217194764.5,217.1947645
C1,194306842.5,194.3068425
B1,215264903.5,215.2649035
C0,51274513.5,51.2745135
C0,183220902.0,183.220902
B1,194827230.5,194.8272305
C0,347902217.0,347.902217
C1,340922315.0,340.922315
B1,314815559.5,314.8155595
C0,209116401.0,209.116401
C1,53236631.0,53.236631
C0,52072278.0,52.072278
C0,50360590.0,50.36059
C1,51251475.5,51.2514755
C0,53227867.5,53.2278675
B1,179980355.0,179.980355
C0,330279202.5,330.2792025
B0,50278009.0,50.278009
B0,52798516.0,52.798516
B0,291623234.5,291.6232345
B1,357437047.5,357.4370475
B1,327432123.0,327.432123
C1,53528264.0,53.528264
B0,167640444.5,167.6404445
C1,215369477.5,215.3694775
C1,326406826.5,326.4068265
B0,164197302.0,164.197302
C0,349074138.5,349.0741385
B0,190876281.5,190.8762815
C1,49263645.5,49.2636455
B1,162457076.0,162.457076
C1,191673621.0,191.673621
B0,52399576.5,52.3995765
B0,50960152.0,50.960152
B0,405092938.0,405.092938
C0,350993883.5,350.9938835
C1,191918926.5,191.9189265
B0,177880729.5,177.8807295
C0,199944660.5,199.9446605
C0,178369706.5,178.3697065
C1,53854767.5,53.8547675
C1,190002519.0,190.002519
B1,53616128.5,53.6161285
B0,194168438.0,194.168438
B1,336075482.0,336.075482
B1,51578491.5,51.5784915
B1,52294100.0,52.2941
B0,168461551.0,168.461551
C1,134993744.5,134.9937445
C0,172697329.0,172.697329
B0,173411637.0,173.411637
C1,184690110.5,184.6901105
B1,219170346.5,219.1703465
C0,371725950.0,371.72595
B1,52369264.0,52.369264
C1,301581792.5,301.5817925
C1,203038675.5,203.0386755
C0,298850647.0,298.850647
C1,314101850.5,314.1018505
B1,358247282.5,358.2472825
C0,163753593.5,163.7535935
B1,52241066.5,52.2410665
B1,336735255.5,336.7352555
C1,315378446.0,315.378446
B0,168805850.0,168.80585
B1,181371601.5,181.3716015
C1,196928945.5,196.9289455
C0,216090138.5,216.0901385
B1,165438581.5,165.4385815
C0,52653051.5,52.6530515
C1,366893581.5,366.8935815
B0,55165692.5,55.1656925
C1,53479261.0,53.479261
C1,178083774.5,178.0837745
B1,58279864.0,58.279864
C1,55177551.5,55.1775515
B1,170835325.0,170.835325
B0,201336975.0,201.336975
B1,393397822.0,393.397822
C1,63849924.0,63.849924
C1,194728176.5,194.7281765
C0,214308244.0,214.308244
C1,326966771.5,326.9667715
C1,52363142.5,52.3631425
B1,454168773.0,454.168773
B0,52448819.5,52.4488195
B0,183660684.0,183.660684
C1,376283276.5,376.2832765
C0,350402917.0,350.402917
C1,227788445.0,227.788445
C0,52319350.0,52.31935
C0,203403820.5,203.4038205
B0,56011716.0,56.011716
C0,178741774.5,178.7417745
B1,342948697.5,342.9486975
B1,223444977.5,223.4449775
B0,360068731.5,360.0687315
B1,347793317.5,347.7933175
B1,278065337.0,278.065337
B0,388628515.0,388.628515
B0,54070167.0,54.070167
B1,202476622.5,202.4766225
C1,51054572.5,51.0545725
C1,186437096.5,186.4370965
