request_id,block_number,block_hash,rpc_error,timestamp_utc
V4-W-00011-S2026072901-R0-Q1,6452,0x059ba070e77ea6da9d3d0a3adc08bcfa89ff2004089192db546a014dfb7702cd,False,2026-07-29 07:30:11.593561+00:00
V4-W-00011-S2026072901-R0-Q4,6953,0xfd4db2431aff305598b67ca413fed6723e1d365fd1f25a1349c57d808d99fb94,False,2026-07-29 07:30:11.902971+00:00
V4-W-00023-S2026072901-R0-Q1,6720,0x6fea9e10bb817cd79b225de22b2f1c3cf8eb4fd95aa101cb32000ea202c232ac,False,2026-07-29 07:30:16.134704+00:00
V4-W-00023-S2026072901-R0-Q6,7027,0xc8b01864d34e0459385c7c44b9852ce24bc9caf82b87f43de3c9b7bc62a4c21f,False,2026-07-29 07:30:16.283393+00:00
V4-W-00020-S2026072903-R0-Q2,6506,0x6b5a52dab0914dfe1d767d340aedd14c782543d19f2e81ae4765919702e836e9,False,2026-07-29 07:30:20.104700+00:00
V4-W-00020-S2026072901-R0-Q0,6458,0xd7b3344ede1c136baa2b5e37ef70cf7a15eed1d4ede3f58b6c09b85727f593bd,False,2026-07-29 07:30:23.669210+00:00
V4-W-00020-S2026072901-R0-Q2,6969,0x68b149a1449e98202cb9c057b27308a8050f447a762a5030a3c883b1654e9e27,False,2026-07-29 07:30:24.205583+00:00
V4-W-00002-S2026072901-R0-Q1,6872,0x754126f6ea930e2b47c5a29efd54d7c325b46343ffe7a07cd43811c87a9b5383,False,2026-07-29 07:30:27.961237+00:00
V4-W-00002-S2026072901-R0-Q7,6460,0xf4f0a051f470602a32690ab26ceadcf7f22cf2a5755967d835bb9eb75cd66044,False,2026-07-29 07:30:28.262143+00:00
V4-W-00007-S2026072901-R0-Q0,6918,0x72d2e93b04c62e42ce01bc1bc61d00160b03821258e489664a3ccfa60abfec14,False,2026-07-29 07:30:31.915953+00:00
V4-W-00019-S2026072903-R0-Q3,6511,0x7e575028d877b21e28200cce13a1f20fec03425fa082ec0cc9cf50ebe5af1360,False,2026-07-29 07:30:35.712853+00:00
V4-W-00019-S2026072903-R0-Q4,6846,0x406cf0043d1ce50d7685c014a45d118d824b8f325f6752b7f4962f6b8ef951d5,False,2026-07-29 07:30:35.964792+00:00
V4-W-00003-S2026072901-R0-Q2,6836,0x3454d346d24b3825fea5cd386be04a0e7806629d5c420a0f0e507e84361e2f99,False,2026-07-29 07:30:39.637876+00:00
V4-W-00003-S2026072901-R0-Q6,6837,0x3a61133596469ebc74b546e5a820c86c76d72143a26165ae9b08e93ce79e4844,False,2026-07-29 07:30:39.982277+00:00
V4-W-00007-S2026072903-R0-Q2,6699,0xc9a8413b113aa92d22e86867f33170ea93c9924c9c0e44d1ce6c059098655030,False,2026-07-29 07:30:43.697740+00:00
V4-W-00012-S2026072902-R0-Q0,6859,0x242f41bef90cf7e2388056f0c7ae641df67a9207cb282055c669833fc965e084,False,2026-07-29 07:30:47.259559+00:00
V4-W-00012-S2026072902-R0-Q5,6581,0x4aec11c6bb9911d79a842e2a1a093cf569f833e2c7226b9babcd7fb100d3f815,False,2026-07-29 07:30:47.675515+00:00
V4-W-00012-S2026072903-R0-Q2,6986,0x1e1aedf74291687d7106445f79db4b527cf43fff36bf46d3594bfa21a8f50749,False,2026-07-29 07:30:51.292749+00:00
V4-W-00012-S2026072903-R0-Q7,6986,0x1e1aedf74291687d7106445f79db4b527cf43fff36bf46d3594bfa21a8f50749,False,2026-07-29 07:30:51.718364+00:00
V4-W-00004-S2026072901-R0-Q3,6991,0x72422128158ff4c582cf2920376e179276f6d3816a49dc8228f08b6db0dbb19b,False,2026-07-29 07:30:55.263838+00:00
V4-W-00023-S2026072902-R0-Q1,6475,0xffe7a9521321e552708321697025424ffa98503520ee5ed98b6533fb1aae5a2a,False,2026-07-29 07:30:59.084261+00:00
V4-W-00023-S2026072902-R0-Q6,6714,0xbe1ca7add67f0751135b107523ab84bd94e1ce81da7bc9546aa9550293632c85,False,2026-07-29 07:30:59.521867+00:00
V4-W-00008-S2026072903-R0-Q6,6493,0x85324ed9e30fad307052524291dd6a96e682408385b5ea6c52ca5ca38cc56d96,False,2026-07-29 07:31:03.401846+00:00
V4-W-00008-S2026072903-R0-Q7,6493,0x85324ed9e30fad307052524291dd6a96e682408385b5ea6c52ca5ca38cc56d96,False,2026-07-29 07:31:03.612211+00:00
V4-W-00016-S2026072901-R0-Q6,6480,0x34b24a96d84a35fab5a16691c5058570cd8c1ab4276324384915dbcc7e8c9415,False,2026-07-29 07:31:07.838925+00:00
V4-W-00010-S2026072903-R0-Q0,7009,0x18a90390c8e05ad0df3711ea83336f10f00f53ff54992aa9e7c69b51720f1bfa,False,2026-07-29 07:31:11.712849+00:00
V4-W-00010-S2026072903-R0-Q6,6874,0xd5a077d16d6b6e5a08005da17488e1e1e9fbb5ed2372effa1647c418f60b0d93,False,2026-07-29 07:31:12.184249+00:00
V4-W-00003-S2026072903-R0-Q2,6649,0xeebf69e1fc12d65bcc788a25c4b3466361158e7db0d281cc4538527ed629c38c,False,2026-07-29 07:31:16.205101+00:00
V4-W-00003-S2026072903-R0-Q7,6649,0xeebf69e1fc12d65bcc788a25c4b3466361158e7db0d281cc4538527ed629c38c,False,2026-07-29 07:31:16.680560+00:00
V4-W-00017-S2026072902-R0-Q0,7039,0xa0b4b3405e2d12dd7dc4a38889a47a1309cd6e107db2835017a1e7443d159552,False,2026-07-29 07:31:21.090311+00:00
V4-W-00018-S2026072903-R0-Q1,6935,0x4bcf5c8e6be3d6610775e649c8d8b33364ada51100eb4f8f5e5accaab68c445c,False,2026-07-29 07:31:24.940151+00:00
V4-W-00018-S2026072903-R0-Q5,6491,0x97b0b8c7b49a0ed6b4168aef974d05cf4eedbdca3831a3920105ad19b8e7b61a,False,2026-07-29 07:31:25.309575+00:00
V4-W-00013-S2026072901-R0-Q2,6495,0x9aee908e33736cd2075f65ac003e2fe35bc982e1ab86c9f74225c5c07140ba23,False,2026-07-29 07:31:39.055153+00:00
V4-W-00013-S2026072901-R0-Q7,6842,0xfbb288c9d26a8204d917ec251ebdc268f36dba8264fda98bdf523fd0180588cd,False,2026-07-29 07:31:39.448307+00:00
V4-W-00025-S2026072901-R0-Q4,6622,0x16a6e0807805d001d23aba732fcf4b207528e0c9a1fd3fe815ffca2050f40247,False,2026-07-29 07:31:43.499725+00:00
V4-W-00014-S2026072902-R0-Q0,6500,0x13cdd6a2f7a1f1845eefa56be85430069f17da3a2428a511d36c769722721c86,False,2026-07-29 07:31:48.100305+00:00
V4-W-00014-S2026072902-R0-Q7,6500,0x13cdd6a2f7a1f1845eefa56be85430069f17da3a2428a511d36c769722721c86,False,2026-07-29 07:31:48.269849+00:00
V4-W-00011-S2026072902-R0-Q6,6990,0x64f2a660c5fd236d91ddf819f1b566eddcc4843469a1f60a4bec1c87be96740a,False,2026-07-29 07:31:55.771550+00:00
V4-W-00011-S2026072902-R0-Q1,6504,0x4b1ff52af67bd8a8d74ff77abab6ddb820f7f024ce3d80a157306712b08371ba,False,2026-07-29 07:31:56.181693+00:00
V4-W-00009-S2026072901-R0-Q4,6508,0xf0e16adbcc308235fc37baa8289c51ee469ab87268c70370cde136c2ac322a9c,False,2026-07-29 07:32:04.701202+00:00
V4-W-00005-S2026072903-R0-Q1,6848,0xe4713621fe5fff9aeaa960745e942de0303b0afc4cb6ad7709590e37803ac8af,False,2026-07-29 07:32:14.785036+00:00
V4-W-00005-S2026072903-R0-Q0,6847,0xbafe4d83b0bffd70f8c16ed8e6f44a4b23eccd8563b97941b2af035216991ac6,False,2026-07-29 07:32:15.274480+00:00
V4-W-00007-S2026072902-R0-Q1,6516,0xce95c199228f104fadead7dcd2801e787b7182520e64c04cf9ea5e63706c2274,False,2026-07-29 07:32:20.045576+00:00
V4-W-00007-S2026072902-R0-Q6,6893,0xd3b8cd479d76d497155d502543e56fe2be6b45d1957ccd6e52a39f40b3b742ab,False,2026-07-29 07:32:20.382301+00:00
V4-W-00008-S2026072901-R0-Q7,6519,0x214dc139d2bcc52a6ba24e0b12fe9aba086b2fbd0254302bd4ceb9fae30c75b3,False,2026-07-29 07:32:25.238992+00:00
V4-W-00002-S2026072902-R0-Q5,6995,0x7c16899a8785a622cd962ad983224992bb17c4c95c88c58102d7ee81208fbf24,False,2026-07-29 07:32:29.731631+00:00
V4-W-00002-S2026072902-R0-Q0,6995,0x7c16899a8785a622cd962ad983224992bb17c4c95c88c58102d7ee81208fbf24,False,2026-07-29 07:32:29.943569+00:00
V4-W-00015-S2026072901-R0-Q3,6747,0xd79f6ea577f5267f37aaf93622654a9b897a5b3e425d05a905ea6ac548619d26,False,2026-07-29 07:32:39.304775+00:00
V4-W-00001-S2026072903-R0-Q1,6750,0x783e69a41455e618092f0a99f18f17036e8d194d18c71d375f7f7fea70da9bb2,False,2026-07-29 07:32:43.696438+00:00
V4-W-00001-S2026072903-R0-Q6,6528,0xd4450d5eabfa47e49b6412c41c18db6e2c0d14f7ca92a08c71ea8a53003dcd9f,False,2026-07-29 07:32:44.239260+00:00
V4-W-00000-S2026072903-R0-Q1,6643,0x037a5904e73c22586c5892a00f9941e0c3a39ffc42fb6b7112de3705c7fdb453,False,2026-07-29 07:32:48.298274+00:00
V4-W-00000-S2026072903-R0-Q6,6620,0x8700333e80fe9eff9d27f77228733f5861b2f67247fc64d2ed44546dab886602,False,2026-07-29 07:32:48.699976+00:00
V4-W-00006-S2026072901-R0-Q3,7017,0x4366a216f8fcf069895c45cdf8cd6df2539470ab7bb727ab5ddd21a93dffc7ba,False,2026-07-29 07:32:53.059067+00:00
V4-W-00019-S2026072901-R0-Q3,6535,0xc3286cf3e9cfdd8879b2c99d4b4555dfd785c437a739a648eaa1f8265fb4576e,False,2026-07-29 07:32:57.714303+00:00
V4-W-00019-S2026072901-R0-Q4,6535,0xc3286cf3e9cfdd8879b2c99d4b4555dfd785c437a739a648eaa1f8265fb4576e,False,2026-07-29 07:32:58.194324+00:00
V4-W-00009-S2026072902-R0-Q1,6570,0x1ebf440a030140d24895131cd9046609cb1d82048b5e373dbd6cc73c6b45e9dd,False,2026-07-29 07:33:02.220303+00:00
V4-W-00009-S2026072902-R0-Q6,6570,0x1ebf440a030140d24895131cd9046609cb1d82048b5e373dbd6cc73c6b45e9dd,False,2026-07-29 07:33:02.693050+00:00
V4-W-00016-S2026072902-R0-Q3,6799,0xbf9540379c7477f9e2ee07503c0205f1372241ee87979df9bb9de08b1245e4f2,False,2026-07-29 07:33:06.815466+00:00
V4-W-00002-S2026072903-R0-Q0,6678,0x49f6b4e6d60829fc23d05885b316c3910b759967c0652cfb8b37e2908336cc26,False,2026-07-29 07:33:10.873455+00:00
V4-W-00002-S2026072903-R0-Q1,6850,0xb8aa9c2fbc00622c19a20d749d4065b9b83ff78e1709c32fcb1e0c6cc2f617c0,False,2026-07-29 07:33:11.404162+00:00
V4-W-00004-S2026072903-R0-Q1,6543,0xd65c2eeedb116f11cb658a8dfe756257d0b0b5d69415c40ab589e1703f672c2f,False,2026-07-29 07:33:15.203705+00:00
V4-W-00004-S2026072903-R0-Q7,6544,0xdf2767e68c10b50df96aed85f169d7d15dd69f98127d6b2785281d7fdc94d2d1,False,2026-07-29 07:33:15.556799+00:00
V4-W-00008-S2026072902-R0-Q1,6876,0x1535de76c00e5011df0552103c57489dc0f2902e5ac8bf2b047d36fa8e14e77f,False,2026-07-29 07:33:27.255933+00:00
V4-W-00021-S2026072902-R0-Q0,7023,0x99dc477380ee75ec23aea9ab01001b5622a0a53aa16598ee217ff1165cf791ff,False,2026-07-29 07:33:30.848821+00:00
V4-W-00021-S2026072902-R0-Q5,6867,0xe68ef8a521e63d588f96a3924b86548949fc9b9b3fa6d2cb649f3aa293a7a67d,False,2026-07-29 07:33:31.264875+00:00
V4-W-00015-S2026072903-R0-Q2,6911,0x9b916b8f4119c24f2b9a38540ab0d2a6ddb8ddd4ef30cd3c9231f70b0319d821,False,2026-07-29 07:33:34.916138+00:00
V4-W-00015-S2026072903-R0-Q7,7041,0xa3c109960ec8e89e04c189160eee4ae7f44cb6f0f4662263a1db6b06d7bd0d2c,False,2026-07-29 07:33:35.327484+00:00
V4-W-00019-S2026072902-R0-Q3,6972,0x6403ad4fe5456ab98aaf5a7bc84cfbe7e799a3ffa81336eb89ce1e1186f90ee7,False,2026-07-29 07:33:38.278832+00:00
V4-W-00022-S2026072903-R0-Q0,6556,0x921ac38bd5a37bd52ad6a68900767444aa6e93b5610ce76825803e4789655ab7,False,2026-07-29 07:33:41.131271+00:00
V4-W-00022-S2026072903-R0-Q6,6997,0x11a18e2b9e9188cdf0430db7ac2b8efc0bd3d28a938932dc2328a78ad3b45c85,False,2026-07-29 07:33:41.450283+00:00
V4-W-00026-S2026072901-R0-Q3,7003,0x595bc067d3c7e3bc8bb198e658e1930706b0035b9cfbe9c7019ca6c4d61d5cc7,False,2026-07-29 07:33:44.902029+00:00
V4-W-00026-S2026072901-R0-Q4,6780,0x05a8e948c2cc90a98e345dc8b45cc3a0846747b723767ef4661a19af5101713c,False,2026-07-29 07:33:45.210432+00:00
V4-W-00000-S2026072901-R0-Q4,7056,0xed838b33549b15c5f51445cef3422cf9bfb22e51c4604d6ccb9483b6a3e0d466,False,2026-07-29 07:33:48.889455+00:00
V4-W-00021-S2026072901-R0-Q0,6943,0x790d59d03e813e3854a06a5810c13e9d1aace136a86621f3ab5a7fbde3870619,False,2026-07-29 07:33:52.452577+00:00
V4-W-00021-S2026072901-R0-Q5,6745,0xb6b481f6f1bffbd1f334d102dc8cf2e4c33afa9c1c8232bb68460a6f9e582c26,False,2026-07-29 07:33:52.865079+00:00
V4-W-00022-S2026072902-R0-Q1,6566,0x10b7b62a508afebd0e6f313a7e7760a99afb846ba75068bb824d916bdc577c88,False,2026-07-29 07:34:00.406286+00:00
V4-W-00022-S2026072902-R0-Q7,6566,0x10b7b62a508afebd0e6f313a7e7760a99afb846ba75068bb824d916bdc577c88,False,2026-07-29 07:34:00.776059+00:00
V4-W-00014-S2026072901-R0-Q6,6572,0x636bbd32dde9053b4f2c3742bb13371a5a7f1b6b911d55dab6d03b754bda919c,False,2026-07-29 07:34:11.507905+00:00
V4-W-00004-S2026072902-R0-Q0,6573,0x60885f87ae3d7ab9f1904f6f0e39b3f0ce8270d908748091425b8426333381bb,False,2026-07-29 07:34:15.074621+00:00
V4-W-00004-S2026072902-R0-Q6,6963,0x3a09653c92983746d7c9d5e2a2e7f18da619641533ecba9fca979c27c93400b3,False,2026-07-29 07:34:15.404388+00:00
V4-W-00025-S2026072902-R0-Q2,6926,0x2f20ab132a6e9c5ad6118cb5148a758e9ba7a3e367efedc20e48aacf927d3cb3,False,2026-07-29 07:34:19.072886+00:00
V4-W-00025-S2026072902-R0-Q4,6576,0xecb82bbc423890780c3e9eb72aeb8d0ec20fbb430c45f8215edbde14c218300f,False,2026-07-29 07:34:19.407208+00:00
V4-W-00024-S2026072902-R0-Q4,6952,0x94e3ff53bc5906cd99dd88268fe8670b6ae25ef24ef0115e62017279db3eed14,False,2026-07-29 07:34:34.853230+00:00
V4-W-00005-S2026072901-R0-Q0,6670,0x8e9adb913bfd51e57bb05f3897a6298223e2a1b505a2451ea7a2bfdaea33b3ed,False,2026-07-29 07:34:49.258416+00:00
V4-W-00005-S2026072901-R0-Q6,6855,0x386f09c97434ba1e5396ee5c2108b8338a360bde21173271511128033f3e26a5,False,2026-07-29 07:34:49.414663+00:00
V4-W-00016-S2026072903-R0-Q2,6978,0x8a9a14a316b6c44dabe5935eb7ba77348fe2e2413e6a5cb3b0ebe300fb4af05b,False,2026-07-29 07:34:53.050598+00:00
V4-W-00016-S2026072903-R0-Q7,6593,0x8e546457953c1366d2c0e17ed8c2db0869ec7dd67b38486ad15c1481da5f7ab1,False,2026-07-29 07:34:53.341350+00:00
V4-W-00006-S2026072903-R0-Q4,6705,0x282aa2f4d94836cbaf784c2991bea484f871eb8fcf778b293206b0142a36b928,False,2026-07-29 07:35:00.842476+00:00
V4-W-00014-S2026072903-R0-Q6,6840,0xaf1339af15ce4fa5b23ae4e626ffed8ae1c358e11d24a1e7adf18fd283f032ac,False,2026-07-29 07:35:08.730662+00:00
V4-W-00014-S2026072903-R0-Q7,6840,0xaf1339af15ce4fa5b23ae4e626ffed8ae1c358e11d24a1e7adf18fd283f032ac,False,2026-07-29 07:35:08.935150+00:00
V4-W-00003-S2026072902-R0-Q3,6774,0x913d3a18b8d383ceaae799bc2d91b0b9811aac1ec9b836149789e6c19bc1fd35,False,2026-07-29 07:35:24.522993+00:00
V4-W-00003-S2026072902-R0-Q7,6608,0x16726750b200511472a76ddbfcbc0f4446ba06271aa1ce30358b14ad34b96e66,False,2026-07-29 07:35:24.831434+00:00
V4-W-00001-S2026072901-R0-Q2,6682,0x6a09c13aff8dec6b7609e52cd442c500e2b9df3c8ad21a796cec36bbca57797d,False,2026-07-29 07:35:28.591865+00:00
V4-W-00010-S2026072901-R0-Q0,6903,0x411ae61881dc64b0a270142ff9bcbecc4372eba16ea6b4337a04ee13b916e10b,False,2026-07-29 07:35:40.475495+00:00
V4-W-00010-S2026072901-R0-Q7,6955,0xa91018a5d23ac16beabf9b286734d9917eb26af86c86b78dd30cd97a33bffefc,False,2026-07-29 07:35:40.856044+00:00
V4-W-00001-S2026072902-R0-Q3,6641,0x335ac3ce8faa36588161a04aaf8bb22a0c652a2c64928dd55c511b2e96dd8b80,False,2026-07-29 07:35:44.469504+00:00
V4-W-00013-S2026072902-R0-Q2,6624,0x2ddd14918ea573a776bdde5f5c0185ec9de5ec8f16cff1013915b67f428698df,False,2026-07-29 07:35:56.075082+00:00
V4-W-00013-S2026072902-R0-Q5,6624,0x2ddd14918ea573a776bdde5f5c0185ec9de5ec8f16cff1013915b67f428698df,False,2026-07-29 07:35:56.430804+00:00
V4-W-00012-S2026072901-R0-Q1,6630,0xafb00baa2861d54645339c7548b63fd5ac13a4fdb1a58cc6a12bf6e77ac01a67,False,2026-07-29 07:36:07.137756+00:00
V4-W-00012-S2026072901-R0-Q6,6707,0x90af968653813e292cd3ca2eb50f5b3ab626ab7b454cc402bf47d76cf689c6bd,False,2026-07-29 07:36:07.479617+00:00
V4-W-00006-S2026072902-R0-Q3,6631,0xcf6412a0de82d750fadced46542b19a6002877b22367a116139d4d305746b9f0,False,2026-07-29 07:36:10.450838+00:00
V4-W-00000-S2026072902-R0-Q0,6815,0x2c8c236fbfc781d7329293552f4720d079e0ce37d903264c3546b00b5307c09c,False,2026-07-29 07:36:13.528315+00:00
V4-W-00000-S2026072902-R0-Q5,6815,0x2c8c236fbfc781d7329293552f4720d079e0ce37d903264c3546b00b5307c09c,False,2026-07-29 07:36:13.938900+00:00
V4-W-00020-S2026072902-R0-Q0,6674,0x181bbe3ca7d30f8d3748d6b7256b46cde8aaae0f1a8f4f72ce7af6cecf04d81c,False,2026-07-29 07:37:36.065878+00:00
V4-W-00020-S2026072902-R0-Q7,6674,0x181bbe3ca7d30f8d3748d6b7256b46cde8aaae0f1a8f4f72ce7af6cecf04d81c,False,2026-07-29 07:37:36.226863+00:00
V4-W-00024-S2026072903-R0-Q3,6691,0x8d671979591253711106f6555f2e83fe3dc53742795fbe72a99f3f841a562116,False,2026-07-29 07:37:46.250840+00:00
V4-W-00023-S2026072903-R0-Q1,7052,0xee0467a55b2bdc819e3e627b2c4842e7dc4459b97313ba23b9d29d903e435fcb,False,2026-07-29 07:37:55.631276+00:00
V4-W-00023-S2026072903-R0-Q6,7052,0xee0467a55b2bdc819e3e627b2c4842e7dc4459b97313ba23b9d29d903e435fcb,False,2026-07-29 07:37:55.853167+00:00
V4-W-00018-S2026072902-R0-Q2,6881,0xde133e6e1768ade9c6ca274323addeecbd309504fbc3bf5d0ecbfc2c97ef06ba,False,2026-07-29 07:38:02.793653+00:00
V4-W-00018-S2026072902-R0-Q6,6882,0x6a25a06a54ed4998897258207d54d749c26efa8cef30f78673a738827840c397,False,2026-07-29 07:38:03.110854+00:00
V4-W-00018-S2026072901-R0-Q3,7021,0xdd3dda9b0ab016ae37a74aa92a686fbe0ed396a21ba6ae6d097a747a4e23a5d0,False,2026-07-29 07:38:06.617042+00:00
V4-W-00011-S2026072903-R0-Q0,6976,0xdfcf51820d5e6a3c7b371dac77abc0837749eaea496b309d3b6b125790bcf32e,False,2026-07-29 07:38:14.054020+00:00
V4-W-00011-S2026072903-R0-Q3,6695,0x681609ac01645df40458ca745ee12f3932d7bbe2e02fe840fd6b001010b3fa53,False,2026-07-29 07:38:14.415717+00:00
V4-W-00022-S2026072901-R0-Q5,6868,0x6a93c7f541b9db4d1d2ae8c532427930a29a202bc3fd660ac2b18fbd40ceb669,False,2026-07-29 07:38:59.985706+00:00
V4-W-00022-S2026072901-R0-Q6,6869,0x15bd8db80924da3d79539026c2e16957438ddb1bd3a84df681a2061a940c8aac,False,2026-07-29 07:39:00.265169+00:00
V4-W-00005-S2026072902-R0-Q1,6752,0x9ca8bd3d0611ff165f63b1c2313047657d7a986fdef307e0e4a39d7b431ad7ae,False,2026-07-29 07:39:18.732772+00:00
V4-W-00025-S2026072903-R0-Q0,6964,0xf3fa115aae1117f7071dcbdf6c20838a2ee86531e9b317138454e444a451fcec,False,2026-07-29 07:39:41.388363+00:00
V4-W-00025-S2026072903-R0-Q4,6793,0x1bd7ff501fcdc96160856050e56f95532f863d76f3b6a9a8ab2c7102c4b78818,False,2026-07-29 07:39:41.766777+00:00
V4-W-00026-S2026072902-R0-Q7,6890,0xcfbd164f6cea5124d0536d979dd3dfc1d635787b03a27b883ee82f55ec286b00,False,2026-07-29 07:39:46.211686+00:00
V4-W-00026-S2026072902-R0-Q2,7071,0xae2f301c7210d9833546a6618a6dbc01e6bc6675033e89a99333e68496386991,False,2026-07-29 07:39:46.428481+00:00
V4-W-00017-S2026072901-R0-Q4,6743,0x6f5ee5fbda1ae7330b01a03b866b6eb015b9d73ddc7f39289daa04d0476a7dc0,False,2026-07-29 07:39:53.923761+00:00
V4-W-00026-S2026072903-R0-Q0,6895,0xa241682a6dd6b66c0e86d92e5cc64adb71e07872a503eb7e4619a84fbe4074c2,False,2026-07-29 07:40:19.538919+00:00
V4-W-00026-S2026072903-R0-Q5,6895,0xa241682a6dd6b66c0e86d92e5cc64adb71e07872a503eb7e4619a84fbe4074c2,False,2026-07-29 07:40:20.011298+00:00
V4-W-00009-S2026072903-R0-Q2,6909,0xf9ccaca9f050d331c8ecab5962b988128bc349b6fa5c318bc613505e1444df35,False,2026-07-29 07:40:30.602620+00:00
V4-W-00009-S2026072903-R0-Q7,6909,0xf9ccaca9f050d331c8ecab5962b988128bc349b6fa5c318bc613505e1444df35,False,2026-07-29 07:40:30.956643+00:00
V4-W-00013-S2026072903-R0-Q5,7064,0x83b09510bad423da652544e054410cb6a1e08975475cb8ec0705cf43ef733160,False,2026-07-29 07:40:38.423698+00:00
V4-W-00024-S2026072901-R0-Q1,6889,0x6d8a8446502a9b90fb55068e0e024ab71c961fb4dba6d54442f848026350adc0,False,2026-07-29 07:41:15.393568+00:00
V4-W-00024-S2026072901-R0-Q5,6889,0x6d8a8446502a9b90fb55068e0e024ab71c961fb4dba6d54442f848026350adc0,False,2026-07-29 07:41:15.685443+00:00
V4-W-00017-S2026072903-R0-Q3,6988,0x09f5c8c9157d6e2d67fa3a6a9df54010d07b7aa6a9055dc28d49607ba90573ce,False,2026-07-29 07:41:37.041467+00:00
V4-W-00017-S2026072903-R0-Q6,6974,0x343cfea04f7e07dfa54fe216abc3b00036c6a86ae34a5aef142aeaa6504f8b33,False,2026-07-29 07:41:37.259961+00:00
V4-W-00010-S2026072902-R0-Q6,6948,0xe40843d550a13f7c6f3d96a4e834ff0e7dfe7e3229afc5d235da698e177c0d5c,False,2026-07-29 07:42:26.635363+00:00
V4-W-00021-S2026072903-R0-Q1,6883,0xb8d2c70b1b3b06f92bcfb09086b67a35c8c438ebd5a8ff35d1c85fbc40649705,False,2026-07-29 07:43:04.371438+00:00
V4-W-00021-S2026072903-R0-Q6,6880,0x3ed3788ef319295851ad70d3ae887d639c7efed3185af577a4f2ca402331aafc,False,2026-07-29 07:43:04.728937+00:00
V4-W-00015-S2026072902-R0-Q2,6999,0xbf56e206d46547240f89b76904c73c8aaf6be6d96af42a0eea8bf955b66f2de7,False,2026-07-29 07:43:57.302170+00:00
V4-W-00015-S2026072902-R0-Q7,6999,0xbf56e206d46547240f89b76904c73c8aaf6be6d96af42a0eea8bf955b66f2de7,False,2026-07-29 07:43:57.684615+00:00
V4-W-00009-S2026072902-R1-Q4,7475,0x77f650c400ae2b86694b1d6b7a89c2aa2666be62ae0044a8cfc8ae11241990f5,False,2026-07-29 07:50:56.644888+00:00
V4-W-00024-S2026072902-R1-Q1,7076,0x129ca2166194741611e3e591075ecb108a1a07fa766c45c338f3045bafc3e753,False,2026-07-29 07:51:00.597573+00:00
V4-W-00024-S2026072902-R1-Q6,7077,0x554afb4266000a28dadc5004aecc75b9e6d5a4f91a67550a57eb2da8b7e5c9c5,False,2026-07-29 07:51:01.129480+00:00
V4-W-00005-S2026072901-R1-Q2,7342,0x805d39fcf7056f8d3d6bf2e416249405c904bf776f42e0f394bb965389ad98f7,False,2026-07-29 07:51:04.676511+00:00
V4-W-00005-S2026072901-R1-Q6,7078,0xc41e9893d6352a4f0907fa702e278ffb355a86897d1e400fe7242e935033089b,False,2026-07-29 07:51:04.825588+00:00
V4-W-00000-S2026072902-R1-Q4,7153,0x98ce94656490b16f2b294f447ba2321f4642fa4fd9b1becc2fb6c025d263d01b,False,2026-07-29 07:51:08.371121+00:00
V4-W-00018-S2026072902-R1-Q1,7082,0x4bf30c723b4ffb8cb94ad97ba457fd6cb196a5c0e10f32f321069d2234fe6ee7,False,2026-07-29 07:51:12.089703+00:00
V4-W-00018-S2026072902-R1-Q6,7082,0x4bf30c723b4ffb8cb94ad97ba457fd6cb196a5c0e10f32f321069d2234fe6ee7,False,2026-07-29 07:51:12.484838+00:00
V4-W-00003-S2026072902-R1-Q3,7399,0x6d9162ae664b18ed52e2b0895325d104111df2fc0ca5248beb6ea3005c28daac,False,2026-07-29 07:51:15.975927+00:00
V4-W-00013-S2026072901-R1-Q0,7088,0x8c409a1d726f8b79b01cf3ac21a3b0568c72997c56df2b1373463bd8e62f2ea9,False,2026-07-29 07:51:23.544050+00:00
V4-W-00013-S2026072901-R1-Q4,7088,0x8c409a1d726f8b79b01cf3ac21a3b0568c72997c56df2b1373463bd8e62f2ea9,False,2026-07-29 07:51:23.841532+00:00
V4-W-00017-S2026072902-R1-Q1,7255,0xa32ccb73a9063787442b8cd148d3773d15d896d031b55c426aea8986371e703c,False,2026-07-29 07:51:27.537770+00:00
V4-W-00017-S2026072902-R1-Q5,7090,0x96366dfd85f9881fb10882fe8040c57f907c7432bf3d60cc60714db315c778be,False,2026-07-29 07:51:27.832360+00:00
V4-W-00004-S2026072903-R1-Q3,7553,0xc145869e2c6f63c62ee4d2dbb2a6d349c1e9347ed0b451ea14c027191a0dc4cf,False,2026-07-29 07:51:31.460325+00:00
V4-W-00003-S2026072903-R1-Q0,7395,0xb0225822bb9f3f62bbb43dfab543a8bfe26e879dffc7db94b9f5357820478cc1,False,2026-07-29 07:51:35.115263+00:00
V4-W-00003-S2026072903-R1-Q5,7395,0xb0225822bb9f3f62bbb43dfab543a8bfe26e879dffc7db94b9f5357820478cc1,False,2026-07-29 07:51:35.407287+00:00
V4-W-00001-S2026072903-R1-Q0,7498,0x42d349094bf2c4897d9f12e8023637de692250be38e15f901a4f7d206d016a70,False,2026-07-29 07:51:39.276811+00:00
V4-W-00001-S2026072903-R1-Q6,7477,0x87e349194f9c37ab5f4b7ed6ed340fa00db20281d2112b048df4502d1e466716,False,2026-07-29 07:51:39.636705+00:00
V4-W-00015-S2026072901-R1-Q3,7566,0xa9f480cd482b51683e9d9757dc8950550f9aa2241e2df236922ccd3ae17d8520,False,2026-07-29 07:51:43.691375+00:00
V4-W-00021-S2026072901-R1-Q0,7172,0xbd8923474a16e1d2b97ee77e9e91452034546a54cb38f14bf54931fc58ba959b,False,2026-07-29 07:51:47.835903+00:00
V4-W-00021-S2026072901-R1-Q5,7100,0xcbc04ccbe39b3b3c57a247926f07ce04afb54801fb19d778e0044d9e5c4b75d7,False,2026-07-29 07:51:48.301172+00:00
V4-W-00000-S2026072903-R1-Q2,7464,0xd468077078794c43ee403080e9a0aea3c95e0bccdd5d5fe1409778f52c50326d,False,2026-07-29 07:51:54.525493+00:00
V4-W-00000-S2026072903-R1-Q6,7103,0xd5a75fd467781b101e5f1cbe289c62617424ad4cc4cf488fe43a7af83fd10240,False,2026-07-29 07:51:54.881078+00:00
V4-W-00019-S2026072903-R1-Q3,7224,0x40534353b88e110ae4e7e1c504cfccee619c858939fbf37ded9782da75e2e20a,False,2026-07-29 07:51:58.632687+00:00
V4-W-00017-S2026072901-R1-Q4,7523,0x9dea30868297ee05bc88ddeb49a06eb936c40f03b56881c3dce37bffa5355854,False,2026-07-29 07:52:01.840066+00:00
V4-W-00017-S2026072901-R1-Q3,7246,0xb22b7afbc803b7919da063b23148fd57cd74c1d5aca6f655e167e53980c1ac5e,False,2026-07-29 07:52:02.214849+00:00
V4-W-00014-S2026072902-R1-Q3,7170,0x6b2997be5c579339e194918ea8bc58c5802defb5dffd7dc71ebb3251f9d5d57c,False,2026-07-29 07:52:05.822993+00:00
V4-W-00014-S2026072902-R1-Q4,7184,0x0225de083a3f0aecca6df77b43f065ab8d669a7093300d7973968824e5079767,False,2026-07-29 07:52:05.954894+00:00
V4-W-00022-S2026072902-R1-Q0,7133,0xbb5c5da956d29e44defc2bf5495754783f44349f567453fdea61c42152108aae,False,2026-07-29 07:52:09.597664+00:00
V4-W-00012-S2026072902-R1-Q0,7112,0x30cbb48c9885e4438d339e61c1afcabd974c62a6835bfb64c0f547ba97b4fa01,False,2026-07-29 07:52:12.679381+00:00
V4-W-00012-S2026072902-R1-Q5,7112,0x30cbb48c9885e4438d339e61c1afcabd974c62a6835bfb64c0f547ba97b4fa01,False,2026-07-29 07:52:12.978726+00:00
V4-W-00021-S2026072902-R1-Q2,7161,0xcd605ba818276891e9ab270e87063dda5d648fc58a532ff888f897bd1e01b37c,False,2026-07-29 07:52:16.446043+00:00
V4-W-00021-S2026072902-R1-Q7,7161,0xcd605ba818276891e9ab270e87063dda5d648fc58a532ff888f897bd1e01b37c,False,2026-07-29 07:52:16.854416+00:00
V4-W-00023-S2026072902-R1-Q0,7542,0xeaa648e563f91c6021a7c4094a134558372873bcff55c9271e1ae631dd5096fb,False,2026-07-29 07:52:22.550223+00:00
V4-W-00011-S2026072903-R1-Q4,7288,0x306a1d8edd0af9891cf289f19ea7022e088ab11af6dd0db06bc73bd2f1b4d2af,False,2026-07-29 07:52:25.297061+00:00
V4-W-00011-S2026072903-R1-Q7,7249,0x2687f92a3c78236f00523d75a75e8937092cede161f781034c844c67011abcd6,False,2026-07-29 07:52:25.691970+00:00
V4-W-00017-S2026072903-R1-Q6,7449,0x7b0c9919319570ca90d57dea458ae3b32e55c841201575126e5c4c7e2715789b,False,2026-07-29 07:52:29.517572+00:00
V4-W-00017-S2026072903-R1-Q7,7262,0x6b74e9feef3a044b3caa6987a7064fd4fc1d7b37f717ee47ea931dcf8f4c9231,False,2026-07-29 07:52:29.776694+00:00
V4-W-00014-S2026072901-R1-Q3,7123,0x78cd239bfc7f794129b5cb07a69682ff2eb49345998c5f88bccc1cd8d6d40fed,False,2026-07-29 07:52:33.783628+00:00
V4-W-00016-S2026072902-R1-Q0,7404,0x5ceda72b0767622eedc2a88ae0f92cf2bc13ac06e5e45f30a1d5012bce077dd8,False,2026-07-29 07:52:37.353539+00:00
V4-W-00016-S2026072902-R1-Q6,7125,0xa8f1b93e1225549a0e4907b454e55484b09ad876671b9e85d8bbb343939d4e59,False,2026-07-29 07:52:37.701902+00:00
V4-W-00010-S2026072902-R1-Q1,7640,0xc704f21f76e625215f06a141c040fa755fc439ef890a71abc2e5dc280fb0f886,False,2026-07-29 07:52:41.245635+00:00
V4-W-00010-S2026072902-R1-Q7,7354,0x97e80adbe63a3edbc241afc66b120b940c798958c59c2567afa31cd86085403a,False,2026-07-29 07:52:41.586962+00:00
V4-W-00012-S2026072901-R1-Q4,7599,0x0a9764f39e73ac81911aff3a1cc10b19dd06d7b999b0a541debbff1bcf63304e,False,2026-07-29 07:52:45.176007+00:00
V4-W-00004-S2026072901-R1-Q0,7132,0x0efc859a1df1a3e23ec2113d1059b120728a81ade8c20b4d071ff1fa5cbe4da6,False,2026-07-29 07:52:51.830750+00:00
V4-W-00004-S2026072901-R1-Q6,7397,0x288e7c5e8e81edd27e6a0c450b1fbc5b7be79907dffb43378ee1c0327e5735b6,False,2026-07-29 07:52:52.219842+00:00
V4-W-00019-S2026072902-R1-Q2,7499,0x414019fdc942cd991b096153e9185d9663f5154a5757014f6f20dda68f145b96,False,2026-07-29 07:53:02.954828+00:00
V4-W-00019-S2026072902-R1-Q7,7138,0xe1216d342bb445e4cd2510035aa22b90fb87408f38db3f8383463a4a75cfaff8,False,2026-07-29 07:53:03.297658+00:00
V4-W-00007-S2026072901-R1-Q4,7139,0xa91e73b1ec3cd41d054e07ca97ec6a3af71a29076b108fae6a22c9905c5ebf5d,False,2026-07-29 07:53:06.939444+00:00
V4-W-00007-S2026072903-R1-Q0,7552,0x0a3bbb755d2f7920e60b3d72572164d20d6a1c353e652f45ddb529e206e0a3b8,False,2026-07-29 07:53:10.456606+00:00
V4-W-00007-S2026072903-R1-Q5,7552,0x0a3bbb755d2f7920e60b3d72572164d20d6a1c353e652f45ddb529e206e0a3b8,False,2026-07-29 07:53:10.759181+00:00
V4-W-00011-S2026072902-R1-Q4,7624,0x5fbdb5de0b548b06db8d08cfd1ca02a1f9bdc0c7d90a4c55a09b121fd61038f6,False,2026-07-29 07:53:14.525700+00:00
V4-W-00011-S2026072902-R1-Q7,7472,0x5ad9794cef6ae949e04d17550cbba4fc6f3f64f6fa425540e2625a03633c2da9,False,2026-07-29 07:53:14.679800+00:00
V4-W-00007-S2026072902-R1-Q1,7167,0x00a39530b958d72c3d55b309cb48abf42e0782449e41e3936ed09bb28e4f5b7e,False,2026-07-29 07:53:18.357520+00:00
V4-W-00026-S2026072901-R1-Q3,7149,0x7dcebd4171aa9dc9dfeaadf56059163fd5c3ce34fa1840a2451acd674c99ba87,False,2026-07-29 07:53:25.727945+00:00
V4-W-00026-S2026072901-R1-Q1,7636,0x8853769a10b55816255eb33407c13251438f204ba4139ac89f8e04c3730dc7e7,False,2026-07-29 07:53:26.181240+00:00
V4-W-00024-S2026072901-R1-Q3,7586,0xea1bb34d6f2cdfe96ec64553d5ede91559559cd8940a79e0cda9d90e8b847da8,False,2026-07-29 07:53:29.680413+00:00
V4-W-00002-S2026072902-R1-Q6,7316,0xb817eed3e849cd998452ff630f94c21a6788fd894b1317c97fd89b8bd45b63b9,False,2026-07-29 07:53:36.281465+00:00
V4-W-00002-S2026072902-R1-Q4,7316,0xb817eed3e849cd998452ff630f94c21a6788fd894b1317c97fd89b8bd45b63b9,False,2026-07-29 07:53:36.469633+00:00
V4-W-00015-S2026072902-R1-Q1,7156,0x14f572e90c44248c093f08d3bc3d2cf87b82f90f91f631c36dbf134141c39657,False,2026-07-29 07:53:39.089000+00:00
V4-W-00015-S2026072902-R1-Q6,7156,0x14f572e90c44248c093f08d3bc3d2cf87b82f90f91f631c36dbf134141c39657,False,2026-07-29 07:53:39.368195+00:00
V4-W-00022-S2026072903-R1-Q3,7613,0x56bed3fcacf496fef1aead846a0530b5e2ae4b9dd27ecb47f9a6eb20a50fa216,False,2026-07-29 07:53:52.909196+00:00
V4-W-00001-S2026072901-R1-Q0,7241,0x7976cfb7941c66046c92c21431022b73ba7e2f0243b4710b31824b6aa1ddb806,False,2026-07-29 07:53:55.492752+00:00
V4-W-00001-S2026072901-R1-Q6,7164,0x11411ec6240cbefcb9065ddef49eafc50bcbb46b58d1608d66d9fc36fd2f4feb,False,2026-07-29 07:53:55.673874+00:00
V4-W-00009-S2026072901-R1-Q1,7524,0x604c43d9735d079a18561179dcd2884b850b9ab57b082fab91369b985518f04d,False,2026-07-29 07:54:04.465333+00:00
V4-W-00009-S2026072901-R1-Q6,7524,0x604c43d9735d079a18561179dcd2884b850b9ab57b082fab91369b985518f04d,False,2026-07-29 07:54:04.726847+00:00
V4-W-00020-S2026072902-R1-Q3,7564,0xd6236d9f60b0b1ad6602e17c20485430e66f8fe3f9f01039b52533d75e206d0b,False,2026-07-29 07:54:20.480297+00:00
V4-W-00005-S2026072902-R1-Q2,7465,0xe8ec3e9d931e96d6176add7a3c46724bc8c8c8cd0fb31a5d3ae8fbf2654a6258,False,2026-07-29 07:54:24.510247+00:00
V4-W-00005-S2026072902-R1-Q4,7547,0x2ec762a1382c8158e8b91bbfcc348576fd2c258ae46876ee472dd6e36c530177,False,2026-07-29 07:54:25.056782+00:00
V4-W-00025-S2026072902-R1-Q2,7610,0x13994864bff171e6bea7e3460beeae24040accb5ad5f22412a072ab16c25bba2,False,2026-07-29 07:54:28.695087+00:00
V4-W-00025-S2026072902-R1-Q5,7610,0x13994864bff171e6bea7e3460beeae24040accb5ad5f22412a072ab16c25bba2,False,2026-07-29 07:54:29.088881+00:00
V4-W-00016-S2026072901-R1-Q1,7186,0xf6c071569d4aa00a70cf0b7ccb09b90be6e241dafe465c99d10d380fdbf0893c,False,2026-07-29 07:54:40.606846+00:00
V4-W-00023-S2026072901-R1-Q0,7244,0x966ecfa08db0b8a7a0e727b7a260b2c83152004c266a797d1da31928dc850c7c,False,2026-07-29 07:54:48.284623+00:00
V4-W-00023-S2026072901-R1-Q5,7419,0x4e8432e72fbc432082876840e80b3bee83b3232cdd77a078ad8cbe56e4291080,False,2026-07-29 07:54:48.577763+00:00
V4-W-00012-S2026072903-R1-Q2,7560,0x0ffac4f0d57067b0c4977fbdb5d94b421dc88abeb4abc96fc5e7a706300cfefe,False,2026-07-29 07:54:56.475830+00:00
V4-W-00012-S2026072903-R1-Q7,7560,0x0ffac4f0d57067b0c4977fbdb5d94b421dc88abeb4abc96fc5e7a706300cfefe,False,2026-07-29 07:54:56.850802+00:00
V4-W-00000-S2026072901-R1-Q3,7627,0x9bd740b07af951e2081d07a59778e80aae9f76f727f2ad2543b38b93ea9ea37f,False,2026-07-29 07:55:04.519448+00:00
V4-W-00016-S2026072903-R1-Q1,7632,0x330160139bb5a7794278559709dedc435b15e8ec0f30d35e15cdc0f1cf2eb583,False,2026-07-29 07:55:13.372304+00:00
V4-W-00016-S2026072903-R1-Q6,7488,0x652376563e2e651fa261b7b9990bc282029ec2243bf2ea5d40ca76d4ac8d7201,False,2026-07-29 07:55:13.952163+00:00
V4-W-00013-S2026072903-R1-Q1,7250,0xd6efb4a815d57b836d7bb70bfb14675c63e545af4fac07c227d68ebe07c1e8ba,False,2026-07-29 07:55:35.166854+00:00
V4-W-00013-S2026072903-R1-Q7,7214,0xc0e5e98fd8487e88da45790d129367a137ae502150cac3d1246c15908785b95d,False,2026-07-29 07:55:35.654096+00:00
V4-W-00015-S2026072903-R1-Q4,7226,0xa131b0f0616b2e939f230ef32bc609d13015132b4741fcd0631417d8bdda82c8,False,2026-07-29 07:56:00.542921+00:00
V4-W-00025-S2026072903-R1-Q0,7312,0x36f34cd55f21506b0fc45ea94a76aa414d5909478651299145a8da59a115cabf,False,2026-07-29 07:56:55.699882+00:00
V4-W-00025-S2026072903-R1-Q2,7481,0x8f12b5458e0253260eaf1a6ffcac5705fcfe8e4623af7105816fdb2846ddd1d9,False,2026-07-29 07:56:55.988807+00:00
V4-W-00022-S2026072901-R1-Q3,7258,0x0492b0e5219d338f97c4c74dc2cd9f9f9c9aeab4d1706f1311d83e77aa129a31,False,2026-07-29 07:57:05.022449+00:00
V4-W-00022-S2026072901-R1-Q6,7495,0x350b8fc56d4606df8d3d9c233ce9329734a1c1a2200e9b407078d1851e25f406,False,2026-07-29 07:57:05.244364+00:00
V4-W-00026-S2026072902-R1-Q5,7563,0x0a5bbb3f9bc3cbb6bd8c56a70e0eeeef6fef86bdb9b3a76ab16964b5af775b5b,False,2026-07-29 07:57:08.290162+00:00
V4-W-00008-S2026072903-R1-Q3,7281,0xb1af83ffeb54ba9761d82d3139b0cba51d167b65ebdaeb4a597938a51d013ed1,False,2026-07-29 07:57:17.737540+00:00
V4-W-00008-S2026072903-R1-Q5,7281,0xb1af83ffeb54ba9761d82d3139b0cba51d167b65ebdaeb4a597938a51d013ed1,False,2026-07-29 07:57:18.080516+00:00
V4-W-00010-S2026072903-R1-Q4,7267,0xe602b541d4908fcc43aebb88954203210f2b45f935c050505c02ee377a662d20,False,2026-07-29 07:57:21.421865+00:00
V4-W-00010-S2026072903-R1-Q7,7455,0x005c122c8ef88e84c81bf801b2f1c73165a59a61784e7b54b6b95a150030f807,False,2026-07-29 07:57:21.681300+00:00
V4-W-00024-S2026072903-R1-Q4,7459,0x6b5940eaaadfb95d1ae7eade334f2b644b28efd78e9a708356f983fb518d40f0,False,2026-07-29 07:57:25.208003+00:00
V4-W-00025-S2026072901-R1-Q1,7435,0x8af8d1a162954ec0e73cffa81eb8521adc724aa816f134841c46b90a1d3e3d08,False,2026-07-29 07:57:29.202017+00:00
V4-W-00025-S2026072901-R1-Q5,7435,0x8af8d1a162954ec0e73cffa81eb8521adc724aa816f134841c46b90a1d3e3d08,False,2026-07-29 07:57:29.605827+00:00
V4-W-00023-S2026072903-R1-Q1,7273,0x97dc4076ebdb88f5ea513c378651da0e73fd510c2e67a37b09e9c0c04b82ac80,False,2026-07-29 07:57:33.770171+00:00
V4-W-00023-S2026072903-R1-Q6,7508,0xad136e99d359eb6f23532cef21e0698d39e028a4f16adfeb73a27a56bb1ff94d,False,2026-07-29 07:57:33.940139+00:00
V4-W-00008-S2026072901-R1-Q5,7369,0x9290519c1a6491d5f7b64803425d0a1e44e8920e8d415a65f50daef7ef18a251,False,2026-07-29 07:57:42.427123+00:00
V4-W-00009-S2026072903-R1-Q1,7633,0x6204d8d2cd44e46ba2d3ee554c4bb70ace1da3af3200449a6c02467bf346f5d0,False,2026-07-29 07:57:54.699676+00:00
V4-W-00009-S2026072903-R1-Q6,7283,0x74561cf29ad6a1f91168be122cbcc0bc003e12e46c926b34cd207128d1b50f5b,False,2026-07-29 07:57:55.140489+00:00
V4-W-00006-S2026072902-R1-Q3,7285,0x320d7ed3a1fabd4da1575217390a643023e8ec8d0c607dc636fcf7c6a017fae3,False,2026-07-29 07:57:58.934654+00:00
V4-W-00006-S2026072902-R1-Q7,7521,0xd1b7a6b37b5da50b71227b08e289dad2ab272854833695b44fb1ee35d9f6ab0c,False,2026-07-29 07:57:59.303757+00:00
V4-W-00006-S2026072901-R1-Q4,7496,0x95e5d8cc1c20655ba6863d609bccb1323dc9cf26fac7b66b8dd8c2f9e848c76d,False,2026-07-29 07:58:15.498697+00:00
V4-W-00008-S2026072902-R1-Q0,7306,0x62f30f9af4af6d77451f4015e506804d36be48e30a19cc7b310373169421dd84,False,2026-07-29 07:58:40.247022+00:00
V4-W-00008-S2026072902-R1-Q7,7483,0xff57a42d3411373f9b2dc239b1d606459af9bfbb984cb7cb0d4dd57e878bff8a,False,2026-07-29 07:58:40.456709+00:00
V4-W-00020-S2026072903-R1-Q3,7611,0xee1a74274227ffdc2ff90e96dac1691ef4bdc67cfdf997b3a12f7ebb5a487342,False,2026-07-29 07:58:56.577314+00:00
V4-W-00005-S2026072903-R1-Q0,7380,0x57ef247a4251ea90cf6ed1e5c69bac220ee397424e618b8272c2ff005e722742,False,2026-07-29 07:59:16.574648+00:00
V4-W-00005-S2026072903-R1-Q3,7324,0x1f8be604a5febd1fec1f09fe72cbc587656cc0f9469da68e28c0cb473c7fd893,False,2026-07-29 07:59:17.076733+00:00
V4-W-00003-S2026072901-R1-Q1,7533,0x0324b5725e2eeae33cd77989970269fafa4058f1ffa69be2566651476ceba0ad,False,2026-07-29 07:59:28.604749+00:00
V4-W-00003-S2026072901-R1-Q6,7533,0x0324b5725e2eeae33cd77989970269fafa4058f1ffa69be2566651476ceba0ad,False,2026-07-29 07:59:29.124171+00:00
V4-W-00018-S2026072903-R1-Q3,7382,0xa6bbd6f5896be43693ce83ec9c35bb657b4c1fa7a281926e54235cd4e5c7737b,False,2026-07-29 07:59:32.868520+00:00
V4-W-00010-S2026072901-R1-Q0,7358,0xfc089234cec0c50be14a1afef79040bb3be20b636f472fb9a99573c02e8d38bc,False,2026-07-29 07:59:40.648480+00:00
V4-W-00010-S2026072901-R1-Q4,7336,0x19dcf266aef1272ce4e2ae84f9448b912064b0e8670a849f50fb9368e339c193,False,2026-07-29 07:59:41.053800+00:00
V4-W-00018-S2026072901-R1-Q1,7402,0x35226d96f53844a9e5002333e2f7ca0e47946e996fd2b4ff55e492cf5f7e07f3,False,2026-07-29 08:00:20.055009+00:00
V4-W-00018-S2026072901-R1-Q6,7402,0x35226d96f53844a9e5002333e2f7ca0e47946e996fd2b4ff55e492cf5f7e07f3,False,2026-07-29 08:00:20.432122+00:00
V4-W-00004-S2026072902-R1-Q3,7364,0x9b5e016ec36808121ccfd50ba9f2cac16f268239d9f5197d30eb0ef405fe7de9,False,2026-07-29 08:00:32.190613+00:00
V4-W-00026-S2026072903-R1-Q6,7608,0xc058922d433bedac8dd28eca7fc70d69625d386b95da91941af854892eadb47d,False,2026-07-29 08:01:28.739206+00:00
V4-W-00026-S2026072903-R1-Q5,7537,0x877b9676149d93a5f29496d36e8432b46d38da02caf879385053750a3048f323,False,2026-07-29 08:01:29.236538+00:00
V4-W-00014-S2026072903-R1-Q6,7540,0x1bd2b35cf03f26658e262e85994863f7f64ded0ee4dcfcfdcc78d1aa13990b29,False,2026-07-29 08:02:06.183690+00:00
V4-W-00014-S2026072903-R1-Q4,7540,0x1bd2b35cf03f26658e262e85994863f7f64ded0ee4dcfcfdcc78d1aa13990b29,False,2026-07-29 08:02:06.378565+00:00
V4-W-00006-S2026072903-R1-Q3,7585,0x6ad147c2046e5b3004921ad60af61ef96c423b0b2b7f0b753233f4a88d9b140d,False,2026-07-29 08:02:13.105504+00:00
V4-W-00011-S2026072901-R1-Q0,7639,0x4834f2ca798a9dfe93a30c36dcf27fb8547e3013fbb2bf85f80196945acd2c0a,False,2026-07-29 08:02:22.925496+00:00
V4-W-00011-S2026072901-R1-Q3,7417,0x5463c38bd3b0d90795b75956d5dbcace040adbba6907fedb8aabea9c151c3b53,False,2026-07-29 08:02:23.452390+00:00
V4-W-00013-S2026072902-R1-Q2,7513,0x26336ef70595cefa9e555edc75fd36e8cafa0716c889a63b12867a340847ab22,False,2026-07-29 08:02:40.000152+00:00
V4-W-00013-S2026072902-R1-Q6,7426,0x241ac5cbad48fb78236ad2230a74321e7b8ca4cb0534a9231d0664356cf90f24,False,2026-07-29 08:02:40.285916+00:00
V4-W-00020-S2026072901-R1-Q0,7429,0xaa017543054e63d8985cfa2b4bde37e57989d5ccc0d271307bdbcd73923e4161,False,2026-07-29 08:02:46.577451+00:00
V4-W-00021-S2026072903-R1-Q0,7615,0xb5b4b4ebf7ba00708df299f8fcdb5b0c187d25b04d840cccf014347ed04e8950,False,2026-07-29 08:02:49.314187+00:00
V4-W-00021-S2026072903-R1-Q5,7616,0x362178066b191b270b2ebb92e5749c33d751ab891aa3b31b97450b4c7bbf4ca0,False,2026-07-29 08:02:49.643055+00:00
V4-W-00001-S2026072902-R1-Q2,7598,0x491a80ec264c86793ec06011caf22c1f50124f1bcb8916fbc03c7430d9263bf3,False,2026-07-29 08:03:08.919545+00:00
V4-W-00001-S2026072902-R1-Q4,7440,0xa09ca11cc7bf65e2ae5bd7dc7c1284d9c2957850347cf7feece320432917f43b,False,2026-07-29 08:03:09.171227+00:00
V4-W-00002-S2026072901-R1-Q7,7480,0xa45ce38509ae6357a2bd65839648076a55a635cf43fd37104c2ea573073faae5,False,2026-07-29 08:03:17.903086+00:00
V4-W-00019-S2026072901-R1-Q1,7569,0xa4405e34f7de1a3eb04711785e08ba099da6fd4f866494d25806c2ad54ad2c7a,False,2026-07-29 08:03:34.128099+00:00
V4-W-00019-S2026072901-R1-Q4,7569,0xa4405e34f7de1a3eb04711785e08ba099da6fd4f866494d25806c2ad54ad2c7a,False,2026-07-29 08:03:34.392502+00:00
V4-W-00002-S2026072903-R1-Q4,7614,0x6e4598a6f8f294aefc4f2b16c5bd55c05bce33a393daf7ae8ed41d08fa7309c4,False,2026-07-29 08:05:46.191696+00:00
V4-W-00002-S2026072903-R1-Q3,7614,0x6e4598a6f8f294aefc4f2b16c5bd55c05bce33a393daf7ae8ed41d08fa7309c4,False,2026-07-29 08:05:46.319913+00:00
V4-W-00008-S2026072902-R2-Q7,8090,0x5fe47fae8d5274be2db5d0d87aa767182348bda38081e9373bdca1352b651fa3,False,2026-07-29 08:09:57.778699+00:00
V4-W-00021-S2026072902-R2-Q1,7646,0xff3ab5fd8511e89e1d6df89a252e7ef31cc23e74e9e428e2c2d331f0771ac299,False,2026-07-29 08:10:00.373340+00:00
V4-W-00021-S2026072902-R2-Q5,7965,0xe925887645e7c1d14e95d8f5f63c0bb87f867f4dba62882e06582fd380b53a73,False,2026-07-29 08:10:00.645608+00:00
V4-W-00026-S2026072903-R2-Q6,8106,0x73452f1295e62e5c7b8397acb001ad2f3389d7eacfeb95a45a15d3aed0743139,False,2026-07-29 08:10:03.443456+00:00
V4-W-00026-S2026072903-R2-Q7,8107,0x485da9e02d0524c081f1ca424577f0dab8f8e3ebeab664db658303ef23a90e3b,False,2026-07-29 08:10:03.616490+00:00
V4-W-00013-S2026072903-R2-Q4,7928,0x75e5a4afcddcc978da21cce624be28023ee2ad1cc0c7edc22847fac2c7214832,False,2026-07-29 08:10:06.313754+00:00
V4-W-00026-S2026072902-R2-Q5,7786,0x1fb480ac68d2fde6269e423fe6c2cd5d226273870ec1c72d7af319381a0c6c22,False,2026-07-29 08:10:09.207738+00:00
V4-W-00026-S2026072902-R2-Q6,8049,0xf07b2921b04392f63e333d399079a71762fba729c266483cc651d3d52f7cc81b,False,2026-07-29 08:10:09.331373+00:00
V4-W-00001-S2026072903-R2-Q1,7652,0x425a869806edf5188a5b135d8e6adb023756eadb4e2c0ec9a3f316d6377c0aae,False,2026-07-29 08:10:12.229905+00:00
V4-W-00001-S2026072903-R2-Q7,7719,0x62597c0006045b3af7c732908cd2226de85f9e171f19d22debbeb3afc854c7c0,False,2026-07-29 08:10:12.505714+00:00
V4-W-00005-S2026072903-R2-Q2,7654,0x4dbe60c2177d62d7f92a1e122a3b280a6c66696063ed1d14d742fac161a79c5a,False,2026-07-29 08:10:15.332881+00:00
V4-W-00006-S2026072903-R2-Q1,7838,0x4eed53ed8c4a6b8316887ccd019a11e561446325728b7f754afeafc3b3b7fa17,False,2026-07-29 08:10:18.079235+00:00
V4-W-00006-S2026072903-R2-Q6,7655,0x93063a120e807e70331b9f0909171100d845c0a2eaae83c77c10b94d7208d8cb,False,2026-07-29 08:10:18.407461+00:00
V4-W-00023-S2026072902-R2-Q5,7802,0x0b2d9ea449759e3bd5e1b68f902d16227e7d9594141d349d485aaf703281f609,False,2026-07-29 08:10:21.333034+00:00
V4-W-00023-S2026072902-R2-Q4,7657,0x9e903e18fc7efec18182681ef8a3d21864fbfea27d86bad8f2ffd8b493249467,False,2026-07-29 08:10:21.419326+00:00
V4-W-00009-S2026072901-R2-Q4,7671,0x27399886062034f3608ff14964c1937c25ce9b1a294bd359a624e3ee1485b256,False,2026-07-29 08:10:24.099704+00:00
V4-W-00003-S2026072902-R2-Q1,7948,0xfed503c70815ac65e56246b581b56e810259a87471ebec4b3b11deab9bd1d866,False,2026-07-29 08:10:26.719794+00:00
V4-W-00003-S2026072902-R2-Q6,7958,0xa9f046ac13b003930c87bec54a7297809f0592f41d23386846846cc9693ca2a6,False,2026-07-29 08:10:26.994504+00:00
V4-W-00018-S2026072903-R2-Q3,7758,0xb16f85cbf2dd7763c5c43a751628157c0a1a4fcdbfaed06cead7fdb41f44275e,False,2026-07-29 08:10:29.693554+00:00
V4-W-00011-S2026072901-R2-Q4,7853,0x1f02f557537f7e025308498a38ba239e99d8a9a52b3ceee41db38df5e416b451,False,2026-07-29 08:10:32.429848+00:00
V4-W-00011-S2026072901-R2-Q3,7942,0x9e4230b4c0d369497aad115e87ebf3a968c9bc05020d45354800f644b0410f82,False,2026-07-29 08:10:32.631777+00:00
V4-W-00003-S2026072901-R2-Q1,7664,0xe7256733d93f2c144923ed6961ac6dd3f5a064596dfeee195b57d53d6544baa6,False,2026-07-29 08:10:35.138945+00:00
V4-W-00003-S2026072901-R2-Q6,7808,0x68a6493ff88ba3cbe6cc62726faafa959161c4aa97afa86203bf927538f91143,False,2026-07-29 08:10:35.428956+00:00
V4-W-00007-S2026072901-R2-Q3,7806,0x893793f98ade1ec79e64c33de3cf1373f3569d224eb5f1093a1b4ce62b997e68,False,2026-07-29 08:10:38.239804+00:00
V4-W-00001-S2026072901-R2-Q0,7957,0x7f5af91c89d3f696fbb42fa98be35ba1f602c037c752609c59eaa20f16b57777,False,2026-07-29 08:10:41.191616+00:00
V4-W-00001-S2026072901-R2-Q6,7957,0x7f5af91c89d3f696fbb42fa98be35ba1f602c037c752609c59eaa20f16b57777,False,2026-07-29 08:10:41.491406+00:00
V4-W-00021-S2026072903-R2-Q1,7955,0x51c122049697aecbe4cf7a1c9078f998086fb1bcbef0e28a8dcd4da4724829cd,False,2026-07-29 08:10:47.427930+00:00
V4-W-00021-S2026072903-R2-Q6,7956,0xb10684ea9aebcd27dd59838e28eb7ace9405d6aac65a2653dca94b38d1ecc61c,False,2026-07-29 08:10:47.811674+00:00
V4-W-00017-S2026072902-R2-Q7,7872,0x90e444e838bde7e7a8aacdb608574232160fa0a86c953051bf017def1074fa94,False,2026-07-29 08:10:53.972620+00:00
V4-W-00017-S2026072901-R2-Q0,8084,0x330e1fc11d17c03e2f7cfd910e7724f8c1b2a445e7b9cedd5fa9c277209b8406,False,2026-07-29 08:10:57.103341+00:00
V4-W-00017-S2026072901-R2-Q6,7927,0x89eda162ea8665b4ac6b1aadf4da90095587c0bedd57a5fc83c8a2dbf8ac6708,False,2026-07-29 08:10:57.504094+00:00
V4-W-00015-S2026072901-R2-Q2,7716,0x84ef354ce7cf39b33c72ea779733abf9ffc8885a9f6c4c660d7d281895cb556f,False,2026-07-29 08:11:00.349600+00:00
V4-W-00015-S2026072901-R2-Q6,7782,0xca92851ff8fa4653198e6b1c3c2ad801c2df019f14c12a4ce84930f599fa365d,False,2026-07-29 08:11:00.592240+00:00
V4-W-00007-S2026072903-R2-Q4,7919,0x7224d955265b3994a47e13e45b1b79258fa7c49391ea220378c230eef65544d7,False,2026-07-29 08:11:03.612181+00:00
V4-W-00022-S2026072901-R2-Q0,7961,0x58d8d2c883cde9594ca29cc1a6fef1e1ec8b08531f68decb70eca5bbc21a75d7,False,2026-07-29 08:11:06.247297+00:00
V4-W-00022-S2026072901-R2-Q7,7679,0xa3fbc57ea2b737ab281787040f9d4d621f5fa1e3a9942a5cc150a7f52e2b5d86,False,2026-07-29 08:11:06.552579+00:00
V4-W-00001-S2026072902-R2-Q1,7911,0xd555b852fd780d715c0e0ea7ee166762f0828cd11c2a1835ad54b29b46aec0d5,False,2026-07-29 08:11:10.421076+00:00
V4-W-00001-S2026072902-R2-Q7,7864,0x939c6128b9d04695cd13546e31d090ac4fc932b66777a1b64e53c11979b87f66,False,2026-07-29 08:11:10.701204+00:00
V4-W-00006-S2026072902-R2-Q3,7924,0x1bd13d452729f19f89921d9bf82147484319133f0e752da0602a1fa9e9489bd4,False,2026-07-29 08:11:13.593070+00:00
V4-W-00016-S2026072901-R2-Q3,7684,0xf7b55d767befbb89c9100cc45f5dd98daeb1b412a63932b1de1615f571178bc0,False,2026-07-29 08:11:16.364835+00:00
V4-W-00016-S2026072901-R2-Q6,7968,0xaf3fe2ff8873a4137cecb21e0f23869d6bd0249a199616cfe1a618648b1b6690,False,2026-07-29 08:11:16.606517+00:00
V4-W-00023-S2026072901-R2-Q4,7687,0x4e095dcb8ea4b33b981fd6ef4e90545a25ae1f6450a6d1da7a02c385d683e8b0,False,2026-07-29 08:11:22.461775+00:00
V4-W-00023-S2026072901-R2-Q2,7687,0x4e095dcb8ea4b33b981fd6ef4e90545a25ae1f6450a6d1da7a02c385d683e8b0,False,2026-07-29 08:11:22.630226+00:00
V4-W-00025-S2026072902-R2-Q4,8041,0x903532aad4fc6ffea9d63d702e7230f05a946125dc2976aa5bc881ef2889193f,False,2026-07-29 08:11:25.560635+00:00
V4-W-00003-S2026072903-R2-Q0,8060,0x3a3b1fc5e619d5d75b19efe7704872635dc88ba10ec7f6c92d86955670f84647,False,2026-07-29 08:11:28.205062+00:00
V4-W-00003-S2026072903-R2-Q5,8060,0x3a3b1fc5e619d5d75b19efe7704872635dc88ba10ec7f6c92d86955670f84647,False,2026-07-29 08:11:28.477564+00:00
V4-W-00024-S2026072902-R2-Q2,8015,0xfa5db939eb459e7b9ce21816385a0466b0111fcd31bdd67c0b21abe372d2b2af,False,2026-07-29 08:11:31.222554+00:00
V4-W-00024-S2026072902-R2-Q7,7692,0x82ab090683240dd6267688f786eb4c95da4dd323c2c1b9701ff45f84d41dd902,False,2026-07-29 08:11:31.506001+00:00
V4-W-00000-S2026072903-R2-Q4,8079,0xf40193587104785f38ac20d8cf8d86ab614167a765c9c4f253fcaf17969ebf72,False,2026-07-29 08:11:34.175373+00:00
V4-W-00002-S2026072901-R2-Q1,7694,0x1099bbb0ac4adabbfdac275d01326f58025d84ba64e22ab81cc31f5eeefa9c8c,False,2026-07-29 08:11:37.118547+00:00
V4-W-00002-S2026072901-R2-Q5,7987,0x883486137e966cfe4574d06a7137a58dfe30061d6c853999f5b0733f033f84c1,False,2026-07-29 08:11:37.207308+00:00
V4-W-00004-S2026072901-R2-Q2,7697,0x7ffdfe176134d6ab5179cde24d83a356fdd7f9089a0ce2893a6e85fb34c2b6b5,False,2026-07-29 08:11:42.636858+00:00
V4-W-00004-S2026072901-R2-Q5,7697,0x7ffdfe176134d6ab5179cde24d83a356fdd7f9089a0ce2893a6e85fb34c2b6b5,False,2026-07-29 08:11:42.921088+00:00
V4-W-00010-S2026072902-R2-Q4,7824,0xd5f02383c6ba19c87dbdd72c0aa955b8836032bb3189de4bd5b1cfe90efd1924,False,2026-07-29 08:11:48.755067+00:00
V4-W-00016-S2026072902-R2-Q0,8070,0x64f6cfcbaefff927eaa8dab3f0cf6870d1cfc7a5175283e1422ada971a0bec2f,False,2026-07-29 08:12:00.037833+00:00
V4-W-00016-S2026072902-R2-Q6,8070,0x64f6cfcbaefff927eaa8dab3f0cf6870d1cfc7a5175283e1422ada971a0bec2f,False,2026-07-29 08:12:00.271698+00:00
V4-W-00019-S2026072903-R2-Q3,8097,0xa9d330f4c0850f16b1220076645aeb54b7510bcb3907d98affca61a5d7653d0f,False,2026-07-29 08:12:02.812606+00:00
V4-W-00019-S2026072903-R2-Q7,7707,0xaf546e644ea460525dea5637c4803c2f01bbca3d1ae43d573d8ff985356c1f71,False,2026-07-29 08:12:03.125950+00:00
V4-W-00000-S2026072902-R2-Q4,7710,0xfbbbc44401b8e0fa4dcc62179a59adb9047d94ee76cc9e67c49d3fd16374e1bb,False,2026-07-29 08:12:08.674660+00:00
V4-W-00004-S2026072902-R2-Q3,7712,0xc4f3ff9e68a7f8d578abb40e75ea0442d2d100296dd223e0c1487e7ca517728f,False,2026-07-29 08:12:11.349102+00:00
V4-W-00004-S2026072902-R2-Q1,7712,0xc4f3ff9e68a7f8d578abb40e75ea0442d2d100296dd223e0c1487e7ca517728f,False,2026-07-29 08:12:11.640874+00:00
V4-W-00005-S2026072901-R2-Q2,7999,0x6c6746414b1d029ea80a963efb0965e63de9636bca784912d8c8f02681eedcec,False,2026-07-29 08:12:14.429181+00:00
V4-W-00005-S2026072901-R2-Q1,7713,0x27c57c34fe7b5d049e880ea3f375e08e5ac0da0ac8821f37a5d7fe8648536f8f,False,2026-07-29 08:12:14.553382+00:00
V4-W-00020-S2026072901-R2-Q5,8074,0x55450f2728ce43dd9780e3c87f18465d2954c20ff3d58225a24a7f5c989f6598,False,2026-07-29 08:12:17.464242+00:00
V4-W-00010-S2026072903-R2-Q3,7766,0x2ddeb8dbe11a5be78ed07007acbabf921d03a2e2e350ff628dd804e39d2c8d7d,False,2026-07-29 08:12:23.670501+00:00
V4-W-00010-S2026072903-R2-Q6,7718,0x55ed47aab2bb477238c79c621b7db4bfefe79ec4f7db2003a9ba7e440088ceac,False,2026-07-29 08:12:23.836896+00:00
V4-W-00020-S2026072903-R2-Q4,7722,0x20ba8889ac6a5cc67f52d8fe55be6d5e327005b64520ef19d21149bb96ee0e41,False,2026-07-29 08:12:32.708290+00:00
V4-W-00012-S2026072901-R2-Q0,7881,0x185a93cb78877926d74ea14c596cfe5985c3cc526b21287163b85c30efdb9036,False,2026-07-29 08:12:35.295805+00:00
V4-W-00012-S2026072901-R2-Q4,8063,0x122e79c6cbf6e54220c2fd62121dd1855e01b6999926cd3c7e0b0f0c7491583a,False,2026-07-29 08:12:35.517616+00:00
V4-W-00013-S2026072901-R2-Q1,7850,0xbdbcc07eb6cf986e6c8945cb30d3a2f065c0a396313a60f567782db99f22f842,False,2026-07-29 08:12:38.322825+00:00
V4-W-00013-S2026072901-R2-Q6,7725,0xb69a832eed57ebf59320d28242f890d66505fb55a0807991e51bc6edc0fbfb35,False,2026-07-29 08:12:38.538844+00:00
V4-W-00009-S2026072903-R2-Q3,7731,0xb7f2f1cc6116fdb0c0209afade3e52e9265da6989531f9aafd8537cb1b7247c7,False,2026-07-29 08:12:50.099054+00:00
V4-W-00015-S2026072902-R2-Q0,8045,0x3b93c54855ab13eab0d939ff8d518e3021b509a426d6a1b5dc9631685d91b50f,False,2026-07-29 08:12:52.815853+00:00
V4-W-00015-S2026072902-R2-Q5,7918,0x9072e5885d73c0775c582303d9753b987a414d689dca176f14f5b9d28bc87af9,False,2026-07-29 08:12:53.138961+00:00
V4-W-00020-S2026072902-R2-Q0,7734,0xfbd4ca15958d757179b9270808937f0787bce49de2d86bbe0d44d8d76e31a8c8,False,2026-07-29 08:12:55.777324+00:00
V4-W-00020-S2026072902-R2-Q6,7843,0xbce9070b3e822ec3106ca33e26e1d6ea7ebd1aed50279cadfb31d47e07a1d196,False,2026-07-29 08:12:56.027158+00:00
V4-W-00017-S2026072903-R2-Q3,8076,0xd589f447c84c2de64e5b1d566aaf2486ecc8d3ed8bec95c8fd18ff9e0489a439,False,2026-07-29 08:13:01.959843+00:00
V4-W-00018-S2026072902-R2-Q0,7925,0x0195375c0419d389ae33a02a69c7450f54ac98e5386d17b20795e05cd5362f32,False,2026-07-29 08:13:04.608992+00:00
V4-W-00018-S2026072902-R2-Q5,8086,0xf821c8bd13d6cbbafe3cdd8eb60275799a6aaefda01ad2d35dc516d859f1d838,False,2026-07-29 08:13:04.876987+00:00
V4-W-00018-S2026072901-R2-Q2,7901,0xdd55ed2b62942af70b23f54382cc203d8a884eb29062fb38c396c117af1eb76f,False,2026-07-29 08:13:07.587904+00:00
V4-W-00018-S2026072901-R2-Q6,8046,0xc799d02afac773398a8668af299091177198d794b49d3b6ea548f3f61a6272e3,False,2026-07-29 08:13:07.823875+00:00
V4-W-00014-S2026072903-R2-Q3,8039,0xd845c69d1b674b23f83f9d0fcfe9cdaa3c3503425d1d5773d06c1e51b53cc09a,False,2026-07-29 08:13:10.544260+00:00
V4-W-00010-S2026072901-R2-Q0,7939,0x3f24192e32d73b0499f7304d4adad5fa4a5c532484d9ee8303c62dae8c83587a,False,2026-07-29 08:13:13.109571+00:00
V4-W-00010-S2026072901-R2-Q5,7744,0x0cdf32b19b3a2cfe7856a08df5bcb210cdcf3cb48f2106ce0c8dc3a22d2765a8,False,2026-07-29 08:13:13.362597+00:00
V4-W-00004-S2026072903-R2-Q4,7982,0x36cac689451bffe9bf963ccd5392fc3bbdec114e518e9d82b9f9ad28a8241d1e,False,2026-07-29 08:13:19.110512+00:00
V4-W-00004-S2026072903-R2-Q7,8009,0xef396180ec95605be8a1758fe55396892bcb59c9bbd7a5cff1cb0c2f709644e4,False,2026-07-29 08:13:19.369814+00:00
V4-W-00002-S2026072902-R2-Q5,7822,0xc1ebb1a905df8d2642bdc540d9741e1dc8db273c72ccb77ff463a9b7111f3ff3,False,2026-07-29 08:13:22.058917+00:00
V4-W-00011-S2026072902-R2-Q2,8005,0xd1bf16189eea704f8c97bcb2409b3b2a6ce829441aea50b29e078b09105036f7,False,2026-07-29 08:13:24.602171+00:00
V4-W-00011-S2026072902-R2-Q6,7748,0x93986942bdc36a39284dfb53b20557532fd8a1ddb91dfa388d96635b5e32f9e0,False,2026-07-29 08:13:24.933718+00:00
V4-W-00002-S2026072903-R2-Q5,8091,0x094efe14b073bfa973bbcbf05e1fa96fc82eeda0ee599aa4808da5ba1fd53405,False,2026-07-29 08:13:33.547243+00:00
V4-W-00002-S2026072903-R2-Q6,8012,0x5190b329bca513c1bea98a6717759a0b38d9f44ded2a3dfae4420948d9436bed,False,2026-07-29 08:13:33.638237+00:00
V4-W-00009-S2026072902-R2-Q4,7756,0x0ebfaf16e98cd7d02410651a4dc182ceb24b7dac79108a52a0ed02760104a616,False,2026-07-29 08:13:39.251819+00:00
V4-W-00015-S2026072903-R2-Q0,7882,0x4b768c6641494dbdbc370193c0efdde4021b235f48f514b85c0c97ff074b9a8c,False,2026-07-29 08:13:50.772514+00:00
V4-W-00015-S2026072903-R2-Q5,7761,0x57e509e06fd3613e12eee6983bf38eba176ce19812847827b03b822dfa191b36,False,2026-07-29 08:13:51.047814+00:00
V4-W-00019-S2026072902-R2-Q1,7764,0xfda31fe6ca26ba6696af6e46ed69723df109e27a40cb9d62ecb68d2cacdbc3fc,False,2026-07-29 08:13:56.600707+00:00
V4-W-00019-S2026072902-R2-Q7,7764,0xfda31fe6ca26ba6696af6e46ed69723df109e27a40cb9d62ecb68d2cacdbc3fc,False,2026-07-29 08:13:56.803192+00:00
V4-W-00011-S2026072903-R2-Q2,7914,0x2a91fdc6501d5de3aef3517365f5c5b0f23d280693434e42ec577fb4e135a9e7,False,2026-07-29 08:14:02.458049+00:00
V4-W-00016-S2026072903-R2-Q3,7768,0x861746a08f86baa06712853de37b021dd6902b6ddfb2fb12a9ca0334f286372b,False,2026-07-29 08:14:05.031080+00:00
V4-W-00016-S2026072903-R2-Q6,7784,0x63553f5defa20595c10efabc1afadae46617eb584a7fe099100544ed1244a94d,False,2026-07-29 08:14:05.319601+00:00
V4-W-00012-S2026072903-R2-Q2,7917,0xea60ee997053ef8e4ff1cd62105717abf57263ad9b18e82056df7b28880ce4be,False,2026-07-29 08:14:07.854667+00:00
V4-W-00012-S2026072903-R2-Q7,7770,0xce72f8db8f1c8d0ebb4e0852be9857609937d0610b3c1d05f951ed09c1af1c28,False,2026-07-29 08:14:08.127066+00:00
V4-W-00005-S2026072902-R2-Q6,8023,0x2b8d914c1f98bfd0feeb28a4bf5e503d2a7bcf8fff044f447e4aa98f8702fa84,False,2026-07-29 08:14:10.945806+00:00
V4-W-00012-S2026072902-R2-Q1,8102,0x8899720934b61c436a1fcaf72e6afba6c7e14248397f322d4343b0802d954909,False,2026-07-29 08:14:16.491178+00:00
V4-W-00012-S2026072902-R2-Q6,7774,0xb521f33d433a85c3c91fe9fdcf47de77a3d9fb0356a5c7c58e9872f9dd185b75,False,2026-07-29 08:14:16.763678+00:00
V4-W-00000-S2026072901-R2-Q2,7826,0x9004aeaa6a4a63eaad3151bbe1382d7615f3273eb4cb273a70504009220d83d1,False,2026-07-29 08:14:33.923088+00:00
V4-W-00000-S2026072901-R2-Q7,7817,0x7d06f473b1a2abc4f14f8d09f5646391da7795c9385439ed3d5f3e981f042c66,False,2026-07-29 08:14:34.199224+00:00
V4-W-00025-S2026072901-R2-Q4,7971,0x91bc4eadaf1da1fae427f2e8fca4549f031bc102f3e8d56a09e1bbce063e43bc,False,2026-07-29 08:14:42.654340+00:00
V4-W-00014-S2026072901-R2-Q3,8101,0x5ec0bea384c1d05d49dd4f695ac927d66bae1e97d0a2007c1640b6eb6eae40aa,False,2026-07-29 08:14:45.409243+00:00
V4-W-00014-S2026072901-R2-Q2,7937,0x6dad90e4d3d9a8e6c0e1431a5fde89f49b555aba02d0cd649d24c30d476bce95,False,2026-07-29 08:14:45.602082+00:00
V4-W-00024-S2026072903-R2-Q3,8098,0x17a7051099295fca66ac4692153c34850f22f7b43d60ede12402c47c569e66ad,False,2026-07-29 08:14:48.444619+00:00
V4-W-00024-S2026072903-R2-Q7,7890,0x65826e2d8b854a3d3decf161c89d4782c42a419295abc386582aefd75f3d0ff1,False,2026-07-29 08:14:48.679849+00:00
V4-W-00019-S2026072901-R2-Q2,8021,0x5da65174acb44c63a764078e120003df801d49414d8607dfaa3497e1bce60abb,False,2026-07-29 08:14:51.492392+00:00
V4-W-00013-S2026072902-R2-Q1,7794,0x7157b51713ec23fb3c48603270ae55a9128c14a4cafc652591764d8978fe9a27,False,2026-07-29 08:14:57.040211+00:00
V4-W-00013-S2026072902-R2-Q4,7951,0x870dfab7812046f7841379120319a5608c5d85c2056d763a0fb1a0120dac1c4f,False,2026-07-29 08:14:57.268638+00:00
V4-W-00006-S2026072901-R2-Q3,7828,0x27593aa9605d24a59550d248957e4a721cce7b84262881c159f4af60e6c45649,False,2026-07-29 08:14:59.900705+00:00
V4-W-00007-S2026072902-R2-Q0,7895,0x1e982ffa88ac2983477541e577a5ea79a1140c1fd74d3b6c6d4060b94ff528e2,False,2026-07-29 08:15:14.367705+00:00
V4-W-00007-S2026072902-R2-Q5,8087,0xad54645fca75fc39609a4942976aec433bef754e33a8271691c562509b414af4,False,2026-07-29 08:15:14.669015+00:00
V4-W-00014-S2026072902-R2-Q4,7813,0xb0e453a3e2952cbc61551e585ed19d64e84bf05fb6bfd837dfe1c6efa5c2012b,False,2026-07-29 08:15:34.999713+00:00
V4-W-00014-S2026072902-R2-Q5,8062,0x3b5311db84236b79310f638c29dbc495bacc74d7c224664ec2224823b4e40fe6,False,2026-07-29 08:15:35.325670+00:00
V4-W-00021-S2026072901-R2-Q3,7819,0x0d93774e32826b2a31f18b824783cfe4bfe7954111f20a24bef9a8eccb28f460,False,2026-07-29 08:15:46.527451+00:00
V4-W-00022-S2026072902-R2-Q0,7906,0x417bc7540aa803392f7c2d8df2dd2546a0a32cf690d885dc4ce05fa2572c44a4,False,2026-07-29 08:16:09.587855+00:00
V4-W-00022-S2026072902-R2-Q5,7906,0x417bc7540aa803392f7c2d8df2dd2546a0a32cf690d885dc4ce05fa2572c44a4,False,2026-07-29 08:16:09.905747+00:00
V4-W-00026-S2026072901-R2-Q0,8109,0xc818de8a5401cbefa45982aebcd0adc41d7c92abf4a406eff15d5c09e6423ca0,False,2026-07-29 08:16:27.332782+00:00
V4-W-00026-S2026072901-R2-Q7,8109,0xc818de8a5401cbefa45982aebcd0adc41d7c92abf4a406eff15d5c09e6423ca0,False,2026-07-29 08:16:27.452936+00:00
V4-W-00008-S2026072901-R2-Q5,8026,0x6df725be6f157925779475fdc6d2868c1f0c75916106eee9f940808840e9ca11,False,2026-07-29 08:16:44.593707+00:00
V4-W-00025-S2026072903-R2-Q0,8083,0xb734a3690e5ded17dd17965d44917ce870f1da00a4e079029ae5b8b751377315,False,2026-07-29 08:16:50.403977+00:00
V4-W-00025-S2026072903-R2-Q4,8083,0xb734a3690e5ded17dd17965d44917ce870f1da00a4e079029ae5b8b751377315,False,2026-07-29 08:16:50.560500+00:00
V4-W-00022-S2026072903-R2-Q2,7861,0x87d5b48179f455e20a95f50041af8ba5bcb6a3e2de677756b792468ac0245234,False,2026-07-29 08:17:10.558653+00:00
V4-W-00022-S2026072903-R2-Q7,7861,0x87d5b48179f455e20a95f50041af8ba5bcb6a3e2de677756b792468ac0245234,False,2026-07-29 08:17:10.835765+00:00
V4-W-00024-S2026072901-R2-Q3,8036,0x3a58580e91f635110f83ca6ed290b2c8fe52fb51ce9bd8b0e949ad62ccbacc1d,False,2026-07-29 08:17:34.074960+00:00
V4-W-00023-S2026072903-R2-Q2,7897,0x977984aca53ef4046a6201b1dd3f37e3b74cce0bd059ffa752942b865bce6914,False,2026-07-29 08:18:21.206653+00:00
V4-W-00023-S2026072903-R2-Q0,7897,0x977984aca53ef4046a6201b1dd3f37e3b74cce0bd059ffa752942b865bce6914,False,2026-07-29 08:18:21.518389+00:00
V4-W-00008-S2026072903-R2-Q0,8028,0xade3b299b4069d0b10dbf280170485ed93f05caa9df5fe7b8c5f43f5f478f6df,False,2026-07-29 08:21:43.755726+00:00
V4-W-00008-S2026072903-R2-Q4,8069,0x67bbd82b30062db4b6db1512e857ad424057fc03fb51e25330e5c09d96433590,False,2026-07-29 08:21:43.893345+00:00
V4-W-00000-S2026072903-R3-Q3,8181,0x8ac0e47fe21a2cb9534cc6c98bff4e142f47516bdc3eb170641713032457b5c1,False,2026-07-29 08:25:37.471710+00:00
V4-W-00020-S2026072903-R3-Q4,8154,0x53cfafeaf8f763d4450743fe78fc607f69ae64493d30778e8fefa20b50e4ee0d,False,2026-07-29 08:25:40.138396+00:00
V4-W-00020-S2026072903-R3-Q7,8383,0xe33877e54451e130b9cfe9a4b10d2c551964b006eba7ca216b80c43980cdd699,False,2026-07-29 08:25:40.345108+00:00
V4-W-00015-S2026072902-R3-Q2,8117,0xb9c39068301262c1f4035fbadb3f96b7c21d47dc697b7a321c6f1d71ae706dcb,False,2026-07-29 08:25:42.836524+00:00
V4-W-00015-S2026072902-R3-Q7,8614,0x36f498a3f5a371edfb083cb50fa1025b87a95ce444d922bfb200a9463ba07a72,False,2026-07-29 08:25:43.176026+00:00
V4-W-00003-S2026072903-R3-Q4,8670,0x8ead477b0363ea7a0077499f727d049bfa52aae81888d45ab0850da8fa93dcc9,False,2026-07-29 08:25:45.768578+00:00
V4-W-00010-S2026072903-R3-Q2,8120,0x753fb77e63c4f73c061d7166e5637d752f338b0c9df2757855c998d7ab8a7bd5,False,2026-07-29 08:25:48.575167+00:00
V4-W-00010-S2026072903-R3-Q6,8483,0x941c06f9c076c13fbb6e00dabae5746a5f8bc8abf574e96d75c83e5b2f26d066,False,2026-07-29 08:25:48.909396+00:00
V4-W-00022-S2026072901-R3-Q1,8305,0xf55a1dba2b54466d6456b8161d294758228d6eeb78000c4e2732c35bef1d04d8,False,2026-07-29 08:25:51.614161+00:00
V4-W-00022-S2026072901-R3-Q7,8305,0xf55a1dba2b54466d6456b8161d294758228d6eeb78000c4e2732c35bef1d04d8,False,2026-07-29 08:25:51.868900+00:00
V4-W-00007-S2026072901-R3-Q7,8278,0x321b6e6d058e8fe9ea94c121c1fe784e40253ec6c77d91d3b1bc86df8dbfc6eb,False,2026-07-29 08:25:54.433437+00:00
V4-W-00016-S2026072901-R3-Q0,8478,0xb339d1f78616573d95f271791a4dc02d5a0992c6576f973663b6b932bf263e0f,False,2026-07-29 08:25:57.067645+00:00
V4-W-00016-S2026072901-R3-Q5,8125,0x132ed279240e4ccd94f46234a5752b81d5249bef7c08d4e857dd25f3b7db983d,False,2026-07-29 08:25:57.290931+00:00
V4-W-00012-S2026072902-R3-Q2,8126,0xa12f1abe5e3cc7d09ba668a1cb1484010df2fcc2313efa39dc6dd72e9b05e91c,False,2026-07-29 08:25:59.737919+00:00
V4-W-00012-S2026072902-R3-Q7,8129,0x547767a70710027339d5131cfb1a47c6c5d6ddab83ee41875db35c8069e81436,False,2026-07-29 08:25:59.998605+00:00
V4-W-00000-S2026072902-R3-Q4,8568,0x43126ea6bd8ad6a30799a6d02e1aa21a1b77568e0f4baabe5cb5a50c3407a492,False,2026-07-29 08:26:02.629813+00:00
V4-W-00007-S2026072902-R3-Q3,8259,0xf5e23c1a50cc08aa5396491e2b2c2e772c0d16d396ee69ce6aff14350ba7e395,False,2026-07-29 08:26:08.117132+00:00
V4-W-00007-S2026072902-R3-Q6,8259,0xf5e23c1a50cc08aa5396491e2b2c2e772c0d16d396ee69ce6aff14350ba7e395,False,2026-07-29 08:26:08.407088+00:00
V4-W-00010-S2026072902-R3-Q3,8306,0x3f80a8cbc7018337f694050b6cac16d05c3351fd5ee4b4e38904bfc87aba4b99,False,2026-07-29 08:26:10.864532+00:00
V4-W-00010-S2026072902-R3-Q2,8187,0xf90bb8b621f2cc013ae059f9d64fec2b679e0157a488cd749668507c45b47ccb,False,2026-07-29 08:26:11.225598+00:00
V4-W-00016-S2026072903-R3-Q4,8623,0x0b88257d20802a94e4fef1c372c9ff7da18b736ab08e5eec8262fb853e82e68b,False,2026-07-29 08:26:13.800952+00:00
V4-W-00025-S2026072902-R3-Q0,8134,0xaab5be2f9612d27e7ec528a8484ea967f12b2e63284f406ce3f0bcff8f437b65,False,2026-07-29 08:26:16.473365+00:00
V4-W-00025-S2026072902-R3-Q6,8242,0xec7722e23426cf6c3e39aff7ffc49cc78bc7b260757d7d87e2aa7cf8cf17cb8d,False,2026-07-29 08:26:16.721272+00:00
V4-W-00005-S2026072903-R3-Q4,8151,0xe1f405a306598226f1d9a9ebe7108e42dfa96a24cddc29d49e780ec534e38138,False,2026-07-29 08:26:19.735826+00:00
V4-W-00005-S2026072903-R3-Q1,8136,0xc29c911dab9c1d093a893fe0aa52841a75304881c64c949fde0eef360a4e0562,False,2026-07-29 08:26:19.806796+00:00
V4-W-00004-S2026072902-R3-Q5,8139,0xfa2f2557c3b1f4eb826a673620e85fc54b1ecac74b8134043abf3f9e861bffc8,False,2026-07-29 08:26:25.221775+00:00
V4-W-00014-S2026072902-R3-Q3,8379,0x3ebed9285e88c071c78dc3f229cc9eaf22dc6d57c48f6749bd8c64b7d172a0f2,False,2026-07-29 08:26:27.812541+00:00
V4-W-00014-S2026072902-R3-Q2,8140,0xa41730edaff6de9b4b0910054fa38c7cccccbd10cb784c3d6a9c38fd5b5a0c99,False,2026-07-29 08:26:28.110458+00:00
V4-W-00004-S2026072901-R3-Q2,8146,0x212ac320ee91c0ede8446207da0ee1fd990c626265acfcf613508252eeea2c01,False,2026-07-29 08:26:31.277025+00:00
V4-W-00012-S2026072903-R3-Q0,8583,0xacea452d84286966f2fc55199c7b2123a2c93ac14b79c541f80be620c875f888,False,2026-07-29 08:26:35.160257+00:00
V4-W-00012-S2026072903-R3-Q4,8607,0x3b270e584c3e641deae153f3c72d4fc6e5c8392f2657cf27ad6d35a09cd5ce1d,False,2026-07-29 08:26:35.396536+00:00
V4-W-00007-S2026072903-R3-Q2,8145,0x7db52c7c604d11f9991d15a78279b45a59a450df744363d65d9751fa8fc84374,False,2026-07-29 08:26:38.121363+00:00
V4-W-00007-S2026072903-R3-Q5,8680,0x2c2c57f507fdc11f41bdf497044a112467371fe38577f44d018d4c47aeb4b80e,False,2026-07-29 08:26:38.395224+00:00
V4-W-00011-S2026072903-R3-Q2,8591,0x39dc1d6ae502c2a89d20755efff83727a53279832b7a8f759f8c97bc6b31d5a1,False,2026-07-29 08:26:43.917475+00:00
V4-W-00021-S2026072903-R3-Q0,8512,0x49d5e307afbdfb469927627ef209aa3d9d36a59c70e6e85ef1ae3f41760f3665,False,2026-07-29 08:26:46.642084+00:00
V4-W-00021-S2026072903-R3-Q5,8149,0x1af95dc2bfa15beb3ce8e9cdef9ce183ec21fe7fad7ec2549f007670b73c3c45,False,2026-07-29 08:26:46.910624+00:00
V4-W-00019-S2026072903-R3-Q0,8570,0x89074a80a4e3f2d3ab54ddf0c75eb5b2a08fc3551164875fc984d52cfa21fc25,False,2026-07-29 08:26:53.133938+00:00
V4-W-00019-S2026072903-R3-Q7,8153,0x2395690ddb8ce89fca50b530875f07551b7d80e8b10f2243258f7c194e3568f0,False,2026-07-29 08:26:53.421961+00:00
V4-W-00019-S2026072902-R3-Q3,8676,0x3242b7b76785e57721d567526d3b3be45262454129c143a9f5c100fbf020caf6,False,2026-07-29 08:26:58.832145+00:00
V4-W-00017-S2026072901-R3-Q3,8299,0x0fa835ab4b0a775785511ba03a6180c27b83432f5f225e9a2e46d7530c3f297f,False,2026-07-29 08:27:01.679068+00:00
V4-W-00017-S2026072901-R3-Q5,8299,0x0fa835ab4b0a775785511ba03a6180c27b83432f5f225e9a2e46d7530c3f297f,False,2026-07-29 08:27:01.944489+00:00
V4-W-00016-S2026072902-R3-Q2,8158,0xa29e300d17362ad69302220b402f8989483b8a873d019efea996a794489cb214,False,2026-07-29 08:27:04.758379+00:00
V4-W-00016-S2026072902-R3-Q7,8191,0xb1236526cc08876aba1932bc8648351a6e77fef452346b21a8c1d6aa505769d0,False,2026-07-29 08:27:04.966560+00:00
V4-W-00015-S2026072901-R3-Q3,8422,0x28edcd1c641ee63057988a0e9cc39e3c9a8e1fbddcb2261d6eb75cddd3a79837,False,2026-07-29 08:27:07.643966+00:00
V4-W-00019-S2026072901-R3-Q2,8233,0x996f86afa30d2e2184a511da07a5b823d5e3f526c3622ad913f768cb0a9889a7,False,2026-07-29 08:27:10.329736+00:00
V4-W-00019-S2026072901-R3-Q6,8639,0xc0c13974649c5ae670bc3bf036e7569d02bcbf6b1226e276d9999da93d498bb8,False,2026-07-29 08:27:10.686948+00:00
V4-W-00024-S2026072902-R3-Q2,8163,0xfdd74e179e4ced5fdd168bfe556fede60bd6eac79ee8ad2cf2d7d7b5535ef4ce,False,2026-07-29 08:27:13.493808+00:00
V4-W-00024-S2026072902-R3-Q7,8163,0xfdd74e179e4ced5fdd168bfe556fede60bd6eac79ee8ad2cf2d7d7b5535ef4ce,False,2026-07-29 08:27:13.765028+00:00
V4-W-00008-S2026072901-R3-Q1,8371,0x90e08faa92979fdecd15e235b856edf4289e1a734f68009c26364840ed696a32,False,2026-07-29 08:27:16.509957+00:00
V4-W-00010-S2026072901-R3-Q0,8658,0xc200214f1482203b97c4635eb4c57a184dc779370ec0820590db67a1f13dc9b5,False,2026-07-29 08:27:19.189626+00:00
V4-W-00010-S2026072901-R3-Q5,8659,0x0a81c50032fe1cbeaefdda617c4afc1eaaf88736cbc9277494f282ea2a03ad35,False,2026-07-29 08:27:19.526827+00:00
V4-W-00018-S2026072903-R3-Q2,8167,0x4f1edcf8d2fcf6bca45132d454ad9fdacff59dd2d29adfc4ba020e264d3b1aa0,False,2026-07-29 08:27:22.138716+00:00
V4-W-00018-S2026072903-R3-Q7,8648,0xc46596333135c87e2b801668319712fc538fc21c467a4061a708101ed0b68f8c,False,2026-07-29 08:27:22.481348+00:00
V4-W-00013-S2026072901-R3-Q3,8195,0xba4520502f48a0a2312b8e5f729cee3dbcdd254849b4470ca788c5ed77d60bce,False,2026-07-29 08:27:28.765934+00:00
V4-W-00017-S2026072902-R3-Q5,8172,0xeb59ed842bf2c35bf3f1388e7629690a2a1616b3f55e797b92aad9a1c8daf4b1,False,2026-07-29 08:27:32.902282+00:00
V4-W-00017-S2026072902-R3-Q7,8173,0xe2376af26bf239c54c93037ba0ad787b0106258436f3adc430b3ae7768102394,False,2026-07-29 08:27:33.274500+00:00
V4-W-00021-S2026072901-R3-Q2,8264,0x42fa0fa288e44971a616def8144d2e03bf39f31a2a8f5369d36bda007436b023,False,2026-07-29 08:27:36.987603+00:00
V4-W-00021-S2026072901-R3-Q7,8672,0x8baf30c5375d33928593c38dbf2e60c73a494c5dcff241d8e6fca9688008cb60,False,2026-07-29 08:27:37.473744+00:00
V4-W-00001-S2026072903-R3-Q6,8342,0x55545db70a5f24e72e90cb8fe30c13b72ac9537551d8f820b701f91ab2abddc6,False,2026-07-29 08:27:41.391321+00:00
V4-W-00006-S2026072903-R3-Q1,8183,0x70c8f2216d8b471c28688bd550008f1625ed1a4d588285144e7a37c3996032de,False,2026-07-29 08:27:53.810716+00:00
V4-W-00006-S2026072903-R3-Q5,8503,0x36915b726554c30697bbd312f306c1f455b0e18b267a2620f86495c6f5aff467,False,2026-07-29 08:27:54.115455+00:00
V4-W-00002-S2026072901-R3-Q5,8462,0x31ba43231140122d4e86aecdd419374d55a5f440e4f2688b11920f2519425900,False,2026-07-29 08:27:58.145519+00:00
V4-W-00002-S2026072901-R3-Q7,8346,0x9e9be41d50933caed6dd1ec0336905f411c6fcf355c7b08d8996bf4e78c24e5e,False,2026-07-29 08:27:58.388651+00:00
V4-W-00021-S2026072902-R3-Q4,8189,0xaea0a609e91724fc9d92a003900ef6db77920345ecc86796f2e2523071ce4803,False,2026-07-29 08:28:06.379614+00:00
V4-W-00025-S2026072903-R3-Q2,8193,0x6bc6737072f241ca97b1f333cbe1f121d47bd78dc70a398acfe0553108e791f0,False,2026-07-29 08:28:14.370019+00:00
V4-W-00025-S2026072903-R3-Q5,8340,0xf0e73fcb95bec075b84146c7bcc083469227dc3f21a5cfaf184ecd6e93cb7f9c,False,2026-07-29 08:28:14.823492+00:00
V4-W-00003-S2026072902-R3-Q2,8197,0x93c4e74f7b440d227d809c7a6488b807a29c7c06527539d8cd403068497d831f,False,2026-07-29 08:28:22.705136+00:00
V4-W-00003-S2026072902-R3-Q7,8202,0x521a7334059dbb04bc6a605bebcc8df70ac8de46b7faeb17cde5989b862f8c21,False,2026-07-29 08:28:23.142009+00:00
V4-W-00002-S2026072903-R3-Q6,8411,0xf2238381a76202df79a5c471cb7f0aed9772fff7f0ce21e82b043190463f119d,False,2026-07-29 08:28:35.256106+00:00
V4-W-00017-S2026072903-R3-Q1,8513,0xb52304884c38dad1e41df4e7fb754da3f8c5cbcf23a45417c312413768d9f409,False,2026-07-29 08:28:39.185381+00:00
V4-W-00017-S2026072903-R3-Q6,8650,0xa5071a62dd23887eea1b48c338702092cbd5a198b8db428f79137f8d54a623f4,False,2026-07-29 08:28:39.320107+00:00
V4-W-00005-S2026072901-R3-Q3,8274,0x8dc1174e1a1cb876e5a036bb775fc776e242a60902bb5c971b56d4aec1270fd9,False,2026-07-29 08:28:43.368839+00:00
V4-W-00005-S2026072901-R3-Q2,8456,0x90f2068585d45fd12136df9acaea8d43ec01491b6367e56a195b05eab06c7fb8,False,2026-07-29 08:28:43.521794+00:00
V4-W-00009-S2026072903-R3-Q4,8210,0x19ffced6a3e0f5fe5f91e0bc94b081411cf2a507221a7548f941a5ea91063a6a,False,2026-07-29 08:28:47.531760+00:00
V4-W-00003-S2026072901-R3-Q1,8240,0x2e610025dfe75a889f1e45641141b363615e917dac5c5266d872f056d05bb64d,False,2026-07-29 08:28:58.456962+00:00
V4-W-00003-S2026072901-R3-Q6,8215,0xeeff3176f57b0368239d7bcad4f1946d99ab44fb6f8b7acda1fde915a94e8c89,False,2026-07-29 08:28:58.813423+00:00
V4-W-00022-S2026072902-R3-Q4,8217,0x86e18c5f22abaffe65f9ac6ac738b1023ea763735a14974d47e4846cbb8ffcdc,False,2026-07-29 08:29:01.790249+00:00
V4-W-00001-S2026072901-R3-Q0,8528,0x9bf5b0e3789b30ca435935456c91fb05173f70c9e634980a755ffcce18d7650f,False,2026-07-29 08:29:04.894322+00:00
V4-W-00001-S2026072901-R3-Q5,8219,0x848e6a9ee79847a330cb177646f198ecfc4efdf0ea7661b9457ab77cd24e26b1,False,2026-07-29 08:29:05.085569+00:00
V4-W-00011-S2026072902-R3-Q6,8434,0x7da406b4dc106579045fc8592084aa9aab3e39ce7861a85c3100cf51bff7f727,False,2026-07-29 08:29:11.979775+00:00
V4-W-00011-S2026072902-R3-Q7,8222,0xa05ed8615622bd528c5ff9248037f981546297a96692627281949ae9bfeb00e3,False,2026-07-29 08:29:12.334770+00:00
V4-W-00012-S2026072901-R3-Q3,8485,0x47b1f145b04249640185c6f148e92b8a788f1b40e7ae372c88dd20d2946be7ee,False,2026-07-29 08:29:15.928940+00:00
V4-W-00026-S2026072901-R3-Q1,8304,0x172d036477fee3076d66edc8f4314859e93de58ffb7bb2a1c9c004b6def618da,False,2026-07-29 08:29:19.764837+00:00
V4-W-00026-S2026072901-R3-Q6,8292,0x254ef2930da99be67561f56fab8a3b761e60f14beb901636eeaac93b077055f3,False,2026-07-29 08:29:20.052413+00:00
V4-W-00013-S2026072903-R3-Q0,8665,0xb604a90e961c5f6d06e7cb0f6cce035babbb62b32117bb1fb04867c83f181844,False,2026-07-29 08:29:27.406484+00:00
V4-W-00013-S2026072903-R3-Q5,8682,0x2844dd75c2f916acd2eb59b888d54636cc2955031189293cc86e96ace96c77ce,False,2026-07-29 08:29:27.699614+00:00
V4-W-00014-S2026072901-R3-Q6,8663,0x28099dad9f55d430959c210cf58dac2234296716c893a3bf7a5abd6a9fd3c62c,False,2026-07-29 08:29:31.510214+00:00
V4-W-00008-S2026072902-R3-Q4,8235,0x739c6d6163c470d228a42e34317541da6202c13f1d4c6c38f129a5101d1f5ed9,False,2026-07-29 08:29:38.642708+00:00
V4-W-00008-S2026072902-R3-Q3,8237,0x33cd4a38ed0ec2749c9bdefc58339f0036b550f335895bbaa3f359d45752c929,False,2026-07-29 08:29:39.031406+00:00
V4-W-00006-S2026072902-R3-Q2,8275,0x5699719f68812be8afb694d61c5f162f9d1e7f8cbff0582aa2474435f87f5917,False,2026-07-29 08:29:44.958242+00:00
V4-W-00006-S2026072902-R3-Q6,8239,0x042f142ccfb6db1eb741e86b7dfa51472406a807aa2f5afaf8cfabab3ee0a3fa,False,2026-07-29 08:29:45.182110+00:00
V4-W-00005-S2026072902-R3-Q3,8588,0x632fb8fcb84351b58a929b20f0610c1c461f0202261bb00f0e0041a35c01f5fd,False,2026-07-29 08:29:58.112462+00:00
V4-W-00026-S2026072902-R3-Q0,8504,0xc837046c3f843e47f285d86a8f2e11afd028640057c908026d6f00696cedaa38,False,2026-07-29 08:30:46.086532+00:00
V4-W-00026-S2026072902-R3-Q5,8269,0x857e29c35d9e9f3dd41ea4ac003c063a29e980cf02bb26e6787c94b4176e1a91,False,2026-07-29 08:30:46.467695+00:00
V4-W-00023-S2026072901-R3-Q1,8590,0xdc66d36557262153e62a8afe4c81a6a7818d068058c5f856953c321402d27241,False,2026-07-29 08:30:49.445797+00:00
V4-W-00023-S2026072901-R3-Q7,8282,0x69d5b769bbf939284b60a98ed52c76814e8c1b665b7ea734a6d668315f85a89f,False,2026-07-29 08:30:49.572292+00:00
V4-W-00022-S2026072903-R3-Q3,8507,0x40cba1eaafffe539645f0e72ce15cc5004fc7847032ac9777edbf0b9fc8e31ff,False,2026-07-29 08:31:00.649106+00:00
V4-W-00009-S2026072902-R3-Q0,8285,0x87862c5cf8e68696fbc982e740ebe67376cda5eb1002f7a0b09a880e0a6aeb65,False,2026-07-29 08:31:17.749732+00:00
V4-W-00009-S2026072902-R3-Q5,8532,0xc127b7097723e1f38a0142c727c6de99fb177f53263dfd5dcc8e5a39b373d3c5,False,2026-07-29 08:31:18.042692+00:00
V4-W-00004-S2026072903-R3-Q2,8366,0x51ff24d7437d3d1e331d91a905ec799e30aee70098e6b77cebafed9c0c49872b,False,2026-07-29 08:31:20.745313+00:00
V4-W-00004-S2026072903-R3-Q7,8312,0x0979767b55d98332626590e6ffe17b95e6b5f25b27c8c4dede7747327dd1797b,False,2026-07-29 08:31:21.003078+00:00
V4-W-00023-S2026072903-R3-Q7,8294,0x725a26d839b8f25a7dae9a84c2f030c98a21000d8e4b1d1f683819343446e269,False,2026-07-29 08:31:35.560853+00:00
V4-W-00025-S2026072901-R3-Q1,8354,0xd7084119aeefb584deaace07b274a94c926a8b33d62346e3ff662c6da0cb6b3f,False,2026-07-29 08:31:38.182064+00:00
V4-W-00025-S2026072901-R3-Q2,8598,0x7b4543e17943db2d017cecafd7775848bbb08888c7849c2933f347a183dbe940,False,2026-07-29 08:31:38.468211+00:00
V4-W-00020-S2026072902-R3-Q3,8385,0x4a81ee559acd33e701e41584462d50d38d262e73cbfa545d0d0f458f3510a682,False,2026-07-29 08:31:49.682749+00:00
V4-W-00020-S2026072902-R3-Q7,8301,0xbed8e564523bbd96f2a59d9763b36a8ca12306f07c682bf224df5c8d7c8857da,False,2026-07-29 08:31:49.801444+00:00
V4-W-00026-S2026072903-R3-Q6,8576,0x4741ac4b2da736c9575df833f4db64785e1aff6f733d381056addf15e8133963,False,2026-07-29 08:31:52.603194+00:00
V4-W-00008-S2026072903-R3-Q5,8308,0x79ab63c054e9f0ec0aed68e8a77ccee2696911364e4049cb0788146e40903a8c,False,2026-07-29 08:32:03.981356+00:00
V4-W-00008-S2026072903-R3-Q6,8430,0xd98e9957259a7ecd36cf7d391e8aca18536743c983078874bdf92761e3fedf24,False,2026-07-29 08:32:04.151538+00:00
V4-W-00023-S2026072902-R3-Q3,8597,0x2907c0613c6039d3c40be0be8f08bd153012e8caff92b3358cc7c6463770bb01,False,2026-07-29 08:32:09.723041+00:00
V4-W-00023-S2026072902-R3-Q2,8438,0x674d9589e0622f37fecf523bd45c54d447c48be7ccc83c87ebcc3cc5306c9347,False,2026-07-29 08:32:09.806533+00:00
V4-W-00009-S2026072901-R3-Q4,8420,0x98704c9182584c7005120450a665845e906fc722ade41f35fb2823bebd1a219d,False,2026-07-29 08:32:21.143311+00:00
V4-W-00018-S2026072901-R3-Q1,8322,0x6b76d053fefa3814613f6c03c46ef9c36e4e02ef38c0ced8fd161ddfd2f2a43b,False,2026-07-29 08:32:32.302802+00:00
V4-W-00018-S2026072901-R3-Q6,8625,0xd6758dab9bad82d34b57033e50d127405043d0427fc9597422aa5a7285e06321,False,2026-07-29 08:32:32.591437+00:00
V4-W-00024-S2026072903-R3-Q2,8620,0x045d41f24cd9a4881aeb1af90466fc856708ff3fbb4f4675ab71e998c4e9d907,False,2026-07-29 08:32:50.041054+00:00
V4-W-00024-S2026072903-R3-Q7,8620,0x045d41f24cd9a4881aeb1af90466fc856708ff3fbb4f4675ab71e998c4e9d907,False,2026-07-29 08:32:50.514904+00:00
V4-W-00015-S2026072903-R3-Q4,8350,0x00b2318b6e6696b5168d6e4e0d294b1cb5bbd0b10be93c9a0105cbd25543f476,False,2026-07-29 08:33:27.967105+00:00
V4-W-00018-S2026072902-R3-Q1,8577,0xd93be692170f666fd47f8523be7c7e9c86b7ccd6586a2d51da92c531022e9a00,False,2026-07-29 08:34:12.645055+00:00
V4-W-00018-S2026072902-R3-Q6,8506,0xd42aa443ebe7b286a579efe65a2394ee6bedd284c062a8b4840e1966d8b93bb1,False,2026-07-29 08:34:12.984595+00:00
V4-W-00011-S2026072901-R3-Q1,8374,0x871c2d5ed1a84a5404d5194282f9f3c4d937bf1c026543c06d0c6e0d42808de3,False,2026-07-29 08:34:15.843322+00:00
V4-W-00011-S2026072901-R3-Q5,8376,0xd82d7c3b11c77232b00c80174b070fed68dfd6f9573e8019777920bec70a7372,False,2026-07-29 08:34:15.987844+00:00
V4-W-00020-S2026072901-R3-Q3,8546,0xf5e63270bdd66b6cb73b3cb0907d592f66ff3fdab44c3ece2ef754eb09f36f41,False,2026-07-29 08:35:21.581580+00:00
V4-W-00006-S2026072901-R3-Q1,8668,0x1409b1c722abc7fec7617446c65572e940c678dffc8771f86af2cc43893ac78d,False,2026-07-29 08:35:25.208025+00:00
V4-W-00006-S2026072901-R3-Q6,8579,0x2b251dba8c03be43a1208d05cc31732cd84e4b0bf07c6cd26fe255b658227e80,False,2026-07-29 08:35:25.594098+00:00
V4-W-00024-S2026072901-R3-Q3,8476,0x2757778572d11871293205253102342317dc4380cdcdb7d6e47f43dffd9e465c,False,2026-07-29 08:35:41.140318+00:00
V4-W-00014-S2026072903-R3-Q0,8450,0x0d72d626d4a079695dd2401eb3e33aac7e9cf448264bb2b8c719d9e6116610d6,False,2026-07-29 08:35:56.416555+00:00
V4-W-00014-S2026072903-R3-Q6,8603,0x469a599a59d849563e3487635a6c90a23a81c26afebb915721746f2ea5d3cb06,False,2026-07-29 08:35:56.846454+00:00
V4-W-00002-S2026072902-R3-Q4,8442,0x5a2fe7ec17ff1092522fe603f86bc1a6f06d216bc04fefc9a9e70e0a3aafee25,False,2026-07-29 08:36:32.255943+00:00
V4-W-00002-S2026072902-R3-Q6,8509,0xca85621a7b4ffc53af3dbeca3941ff972f220ee14a2b1b269124cc09b8a278c8,False,2026-07-29 08:36:32.678645+00:00
V4-W-00000-S2026072901-R3-Q3,8674,0x466b02622fcfd74832d68c6229fdfae10f4fcebec7917b52c39d7d50a33ad18c,False,2026-07-29 08:36:36.426454+00:00
V4-W-00013-S2026072902-R3-Q1,8470,0x90c9cc7e61209eb203c22b6ab735736cb1d989f80a8d7d33a9809b3506ba8153,False,2026-07-29 08:37:28.371161+00:00
V4-W-00013-S2026072902-R3-Q4,8499,0xb5445b4c88f24a855c913e5c64f08bf899624d8b03419955ba3dcaab08adba85,False,2026-07-29 08:37:28.688413+00:00
V4-W-00001-S2026072902-R3-Q0,8542,0xe8554f168410148f35c05cd58b1539181602b03018a9906aebbd7a9ec708db48,False,2026-07-29 08:38:29.923618+00:00
V4-W-00001-S2026072902-R3-Q6,8631,0x8d0eeba0920272b0a26eb28fe57880d52a4e5249f2cf2a540627b2d9a34398a9,False,2026-07-29 08:38:30.178815+00:00
V4-W-00013-S2026072903-R4-Q5,8996,0x662a4729867e13261cc847fa0f37ee5e4457a1c3ee7eb5e36a0d82afe27812f3,False,2026-07-29 08:44:49.267687+00:00
V4-W-00003-S2026072902-R4-Q0,8785,0xea9c868893bcce6f0c03df459305d16ad96c6e8e47db49d78e64173e63d90d4c,False,2026-07-29 08:44:52.605466+00:00
V4-W-00003-S2026072902-R4-Q5,8785,0xea9c868893bcce6f0c03df459305d16ad96c6e8e47db49d78e64173e63d90d4c,False,2026-07-29 08:44:52.912615+00:00
V4-W-00015-S2026072903-R4-Q2,9279,0xe614b5bead547e07ad00c90c3d95210ee5858b46fa3db7833ffc1cd5cf4ddcd7,False,2026-07-29 08:44:56.077070+00:00
V4-W-00015-S2026072903-R4-Q6,8710,0x66b365e6c06e2da874395c80946fe1707d365b75620a2e9149efb9d435e7b1dd,False,2026-07-29 08:44:56.449246+00:00
V4-W-00026-S2026072901-R4-Q5,9220,0xc972b95b1170201694e051a415caeedb52f2188be43957a25157b857f687173d,False,2026-07-29 08:44:59.990517+00:00
V4-W-00001-S2026072902-R4-Q0,8698,0xdc89459637881c2f24a3131b78dd359925a6e871d2670478e4d6d01ae06da4ae,False,2026-07-29 08:45:03.561666+00:00
V4-W-00001-S2026072902-R4-Q6,8698,0xdc89459637881c2f24a3131b78dd359925a6e871d2670478e4d6d01ae06da4ae,False,2026-07-29 08:45:04.036064+00:00
V4-W-00025-S2026072901-R4-Q2,8979,0x104385a03130fbdfffc11e2d0973bc9b9083dd4bcad08b6be000e2356fa6b5d9,False,2026-07-29 08:45:07.704162+00:00
V4-W-00025-S2026072901-R4-Q6,9027,0x2644499e8738d9659cad03de97c623f912f485cc45018cb96eddfb041dcf9255,False,2026-07-29 08:45:07.997399+00:00
V4-W-00021-S2026072901-R4-Q3,9043,0xce3b2de379c58072229e900b09e75b6331c4d60e6b20a03af675a6e70aa5caa6,False,2026-07-29 08:45:11.220271+00:00
V4-W-00023-S2026072903-R4-Q2,8703,0xedafa28262331ede2ab96e66c67972d05443c60f52d9c0d2b43d32fed9fe9c0f,False,2026-07-29 08:45:14.508736+00:00
V4-W-00023-S2026072903-R4-Q1,8821,0x6e8ab8ab0d0550cb982ca9f39a518d41fecc928b1bccc4999a9ef0daf8bf2f9e,False,2026-07-29 08:45:14.937373+00:00
V4-W-00007-S2026072903-R4-Q2,9352,0x712a19f223504dc358044f6794060e3cdf811e2c8e9971fc3c9f04c166b7d0ec,False,2026-07-29 08:45:18.006169+00:00
V4-W-00007-S2026072903-R4-Q7,9376,0xb74eb9457bcbe8168bc356511767efda1a1efbb8fa0efa77d62d98df5005e8ac,False,2026-07-29 08:45:18.420971+00:00
V4-W-00021-S2026072903-R4-Q4,8789,0x9e6f4f59f584979172d83b5be246d5bd0392499af33466dadf8adc71a0d0d4ee,False,2026-07-29 08:45:22.924825+00:00
V4-W-00004-S2026072901-R4-Q0,8812,0x9f4d8d75bf7701a6f1777da93594d699d3bb9d0c6d6cc02a06fb7e9d64fe3545,False,2026-07-29 08:45:32.141799+00:00
V4-W-00004-S2026072901-R4-Q4,8921,0x84be6888276f7071caa34d8656dd0b1bf8e26fc4b3550c707087a048b9743e71,False,2026-07-29 08:45:32.597616+00:00
V4-W-00017-S2026072903-R4-Q3,8751,0xa2bbe98b37d4bbee6f6829e2501cfad7ad0b08482d0c33440c355e1b16413b4f,False,2026-07-29 08:45:37.090831+00:00
V4-W-00017-S2026072903-R4-Q4,9161,0x12f21cf59f850e48fd553c50640d04afb601104d48d00a95fe778fd3843a7655,False,2026-07-29 08:45:37.485208+00:00
V4-W-00020-S2026072902-R4-Q2,9077,0x3c3536325ea5a49d71f5f77cbcfc735fa7df8104f8f8bad8ef1dc820ba26129d,False,2026-07-29 08:45:47.067434+00:00
V4-W-00022-S2026072903-R4-Q3,8722,0xc3c6d5d0b3458850dbc6403e0765cf6482f9f9bd24ab19e9cd5bd5a85a13ea8c,False,2026-07-29 08:45:51.475117+00:00
V4-W-00022-S2026072903-R4-Q6,9005,0x07422b51f25a843862e41e69a31dd8fa082174c47113f82dd361d6061811959f,False,2026-07-29 08:45:51.843111+00:00
V4-W-00025-S2026072902-R4-Q3,9346,0xc00612eb0040fa759e0e81657c451fe308e63baec3a894f6ce092a5908938a3d,False,2026-07-29 08:46:00.637938+00:00
V4-W-00025-S2026072902-R4-Q6,9257,0x340a5408a29badf07c654bb1b29ebd5f6413fe275f015093097e3a5cd5e7984d,False,2026-07-29 08:46:00.984719+00:00
V4-W-00019-S2026072901-R4-Q2,9228,0x48de190743176a3290bf7128e5209c3d66120f9372ced58866e229a2d5874fa8,False,2026-07-29 08:46:05.241609+00:00
V4-W-00010-S2026072901-R4-Q3,9178,0x7db545f4487414dd2e711d46f00775150774debc0868a3d3be5d8ea1a52fd089,False,2026-07-29 08:46:09.415642+00:00
V4-W-00010-S2026072901-R4-Q7,9125,0x5ea0fba7eb30b0f3c7fa4bfc65fb5166865116ad0d11d00e91de2f0ecd29b8f1,False,2026-07-29 08:46:09.849764+00:00
V4-W-00013-S2026072902-R4-Q3,9373,0x2b854140a47d0c1c0af9f7228dfdcc2ebf37e1cda6a3a31ac5ffa36f3e772cd3,False,2026-07-29 08:46:13.788503+00:00
V4-W-00013-S2026072902-R4-Q7,8733,0x6815773b2dc100fbc2bca7f27ba9a6cf1fdac940fc87dda101203e13021cb597,False,2026-07-29 08:46:14.235582+00:00
V4-W-00009-S2026072901-R4-Q4,8970,0x6c642813620964a902256871c44010b7031769abf1f95d5a627992895371d7e0,False,2026-07-29 08:46:18.974158+00:00
V4-W-00016-S2026072903-R4-Q1,8798,0x1b41e65557de79b82a4fcb662c96aedbe84505e156b6796236900185703ebd9a,False,2026-07-29 08:46:23.299117+00:00
V4-W-00016-S2026072903-R4-Q5,8885,0xea2a6c669bf6a862dea180989f0c2187c78ffc53f7959baa4630cf032ab296dc,False,2026-07-29 08:46:23.626792+00:00
V4-W-00006-S2026072901-R4-Q3,9380,0x92749884a462547deb0513152a4e6c3c0097e0f2900aee2799cfbb63d810dc29,False,2026-07-29 08:46:27.682035+00:00
V4-W-00006-S2026072901-R4-Q7,8837,0x1f580bc066fcda288bcfbc1d2adc65504dbb42d42e379f8eb08ed5c001ba6ec5,False,2026-07-29 08:46:28.057297+00:00
V4-W-00024-S2026072902-R4-Q4,8742,0xb16535f9f5461888dba1f628f384dc8c3dee5bc2703c2bafd7abacd2287a5355,False,2026-07-29 08:46:32.420903+00:00
V4-W-00000-S2026072903-R4-Q1,8844,0x9c4a2897194ac5640297039680163bf56f6c64db07b3270906e97a2648776f17,False,2026-07-29 08:46:36.697450+00:00
V4-W-00000-S2026072903-R4-Q6,9075,0x04ac9efc5a39ae5ca3c800f2d229c5484a82f788c521b7b2e571b6606e1875bc,False,2026-07-29 08:46:37.162609+00:00
V4-W-00018-S2026072903-R4-Q3,9105,0x73d4d0720a22a460cfbb6c49a6750d15b0ef32e884a4b05f135f8d5ac5cab8be,False,2026-07-29 08:46:41.390333+00:00
V4-W-00003-S2026072903-R4-Q0,8753,0xb30e9be0d8317c3934729fd978a57f5509c5978fefd516283f07a19c5c2be95b,False,2026-07-29 08:46:54.986607+00:00
V4-W-00003-S2026072903-R4-Q4,8948,0xad5797dbba491d1830e52fd26bf5410d39e43b2bab4bdbdcb5e6e8328376e835,False,2026-07-29 08:46:55.352515+00:00
V4-W-00015-S2026072902-R4-Q1,9054,0x178991c2a5dcf6d8ade9e1c6a2c66e7f064afae5f84a0379ff497d1d4083c0fa,False,2026-07-29 08:47:04.430457+00:00
V4-W-00015-S2026072902-R4-Q6,8758,0x0da51a93bff2c3b0fe0389e6a9537dbca42184c94c8c205f685836219fc45bbc,False,2026-07-29 08:47:04.976682+00:00
V4-W-00001-S2026072901-R4-Q2,9386,0xe85d002f15e44e42392e0946d856bf008418ec5f1429b5ff40c9e84476cfdb08,False,2026-07-29 08:47:13.936723+00:00
V4-W-00002-S2026072902-R4-Q2,9184,0x97e0c1ca900490d65104930071da2e046709eb1a92dae73c1c8eefb404ff49f5,False,2026-07-29 08:47:18.267505+00:00
V4-W-00002-S2026072902-R4-Q4,9184,0x97e0c1ca900490d65104930071da2e046709eb1a92dae73c1c8eefb404ff49f5,False,2026-07-29 08:47:18.854021+00:00
V4-W-00002-S2026072903-R4-Q5,9193,0x85166913e3274c717ac773d1e02a5ed5a2cbee5420f17fefce94b3430fdc71f3,False,2026-07-29 08:47:28.604427+00:00
V4-W-00002-S2026072903-R4-Q6,9193,0x85166913e3274c717ac773d1e02a5ed5a2cbee5420f17fefce94b3430fdc71f3,False,2026-07-29 08:47:29.191809+00:00
V4-W-00006-S2026072902-R4-Q3,9381,0x3901574b20a9ce55b0cc3bb70a2430730a917ad23a45544e6e5f09c6ad6a31cd,False,2026-07-29 08:47:33.661599+00:00
V4-W-00023-S2026072902-R4-Q1,9113,0x8ddec7da1538fde8946eecf4e7579c062c6e1a81dee74f4f7aa4668e722ec70c,False,2026-07-29 08:47:38.026231+00:00
V4-W-00023-S2026072902-R4-Q2,9049,0x278762edbf5ff3a4ab1d508276a9979a5820920c1e4b959ccec89b2f84f12893,False,2026-07-29 08:47:38.529061+00:00
V4-W-00017-S2026072901-R4-Q0,9120,0x337a29c9e64c099f4ee231d64f5a0ed8f86832f542a7105d48ef5ac5b5e36f56,False,2026-07-29 08:47:43.261143+00:00
V4-W-00017-S2026072901-R4-Q3,9120,0x337a29c9e64c099f4ee231d64f5a0ed8f86832f542a7105d48ef5ac5b5e36f56,False,2026-07-29 08:47:43.443891+00:00
V4-W-00008-S2026072902-R4-Q3,9122,0x0d832abb6a0ed2c7ae9606894e4c1411e9a1923450755208397ba89d839840df,False,2026-07-29 08:47:48.000645+00:00
V4-W-00016-S2026072901-R4-Q0,9364,0xe8adafe0fd569a42c7ba007f3a6a8a76bb895fdf4b392a8b10894c8302791cb0,False,2026-07-29 08:47:52.309104+00:00
V4-W-00016-S2026072901-R4-Q5,9364,0xe8adafe0fd569a42c7ba007f3a6a8a76bb895fdf4b392a8b10894c8302791cb0,False,2026-07-29 08:47:52.681869+00:00
V4-W-00007-S2026072902-R4-Q1,9362,0x10d272d7c6e19314ffc4fbe686d5761de4612e5f45ddf46332a4f7d7c429c1d2,False,2026-07-29 08:48:11.070037+00:00
V4-W-00007-S2026072902-R4-Q6,9378,0x975073aa875fae13d6ea67b28b5a6f884e4bb8e66d8cf9e9b36340f02e873779,False,2026-07-29 08:48:11.454191+00:00
V4-W-00019-S2026072902-R4-Q3,9023,0xdf404c47d6f72d486b45a08fb185ef046671fb8d06468866c5faf0670734331f,False,2026-07-29 08:48:28.645601+00:00
V4-W-00019-S2026072903-R4-Q0,8802,0x5f459b2c01dd5938bcf9bba6e8049890cf262f9a86f0d04cdfcb2dbf9a772ce8,False,2026-07-29 08:48:33.143772+00:00
V4-W-00019-S2026072903-R4-Q6,9151,0xe0ae8c07422f27bf496d1b347ea65f1976413ad23861a07256cc09c4aeaed3b9,False,2026-07-29 08:48:33.632771+00:00
V4-W-00004-S2026072902-R4-Q2,9061,0x73b9b5a6250bc1475cb2cd0867398aec12eb11b590d65ed7aa91a20e81e4e811,False,2026-07-29 08:48:38.052628+00:00
V4-W-00004-S2026072902-R4-Q7,9061,0x73b9b5a6250bc1475cb2cd0867398aec12eb11b590d65ed7aa91a20e81e4e811,False,2026-07-29 08:48:38.474629+00:00
V4-W-00008-S2026072901-R4-Q4,9127,0xf32b953dd545bb620290a63a9b37906478ed69dfd7cff2a15fc5c8430e6bba27,False,2026-07-29 08:48:42.859794+00:00
V4-W-00009-S2026072903-R4-Q0,8809,0xf8aa6ef22f1d8d864e03d754721fec1034628ea14954d6053a3e20ce05f0fa5c,False,2026-07-29 08:48:46.880342+00:00
V4-W-00009-S2026072903-R4-Q5,8810,0x8821a4303e5d2a701d7cb17e49473affb33c866b758bfab6bbd6fc094c6e8e31,False,2026-07-29 08:48:47.362528+00:00
V4-W-00022-S2026072902-R4-Q2,9230,0xbbb22e4310ca7c6bb2e551e302380304947882f85328a58229933bd47962d268,False,2026-07-29 08:49:00.953646+00:00
V4-W-00022-S2026072902-R4-Q6,9057,0x83581c386ef3ca692dd3dd026abff528e92a3ec3017f00d003111ccbbbf42293,False,2026-07-29 08:49:01.406107+00:00
V4-W-00006-S2026072903-R4-Q4,9132,0x3d4231381fee5bfbd918d3a53c50a87877ad1ea2dc1166f3d00f4bafa83d5367,False,2026-07-29 08:49:05.596296+00:00
V4-W-00018-S2026072902-R4-Q1,9130,0x2ab256f94d643cde5e09d508243fe285165bffbc2111211462db889866bf8975,False,2026-07-29 08:49:14.284975+00:00
V4-W-00018-S2026072902-R4-Q5,9130,0x2ab256f94d643cde5e09d508243fe285165bffbc2111211462db889866bf8975,False,2026-07-29 08:49:14.625953+00:00
V4-W-00011-S2026072903-R4-Q1,9355,0x0befdd41c92e7c176dcc19f2a64d40f2dbc61a7cfa76829aa3d684c2bfabf26f,False,2026-07-29 08:49:19.420070+00:00
V4-W-00011-S2026072903-R4-Q4,8826,0x6acdacdb8a8babf24e2b08f51a47d568c80fca103250c9778fab1015b5ac178d,False,2026-07-29 08:49:19.598362+00:00
V4-W-00016-S2026072902-R4-Q4,8943,0x3cbb5ff51fc63f0128c0bbd96c909de18876fea765274940ad5b1f59ebf55f9b,False,2026-07-29 08:49:24.201606+00:00
V4-W-00025-S2026072903-R4-Q3,8830,0x7fec9bee9e1e016dc68d83998111d30bbbd1c68c21d64386f6cdc7fa1fba64d0,False,2026-07-29 08:49:28.650172+00:00
V4-W-00025-S2026072903-R4-Q6,9047,0x50885cfd10b8d727c923499ba9669afeec9d19c552175865625c37b3b8091172,False,2026-07-29 08:49:28.960802+00:00
V4-W-00024-S2026072901-R4-Q2,9036,0x1ca1c7fcce5f14696907b48d31760672b23a07354694e936e0ccf8dc646ae557,False,2026-07-29 08:49:33.029677+00:00
V4-W-00024-S2026072901-R4-Q7,8833,0x8293bfdab36e73e13b963db0b242e6678a6456b5e47278ecd378369dcce9a99e,False,2026-07-29 08:49:33.507305+00:00
V4-W-00000-S2026072902-R4-Q4,9250,0xa0b87f8e55bf46943c55eec8bac9eb37911509d759463bf84af69b9b913607af,False,2026-07-29 08:49:37.892934+00:00
V4-W-00004-S2026072903-R4-Q1,8959,0x8740aeaab5d8f735693e6d3a13c7ad4b421763d87453c6f2884d1bef40cfab3d,False,2026-07-29 08:50:05.651207+00:00
V4-W-00004-S2026072903-R4-Q5,8959,0x8740aeaab5d8f735693e6d3a13c7ad4b421763d87453c6f2884d1bef40cfab3d,False,2026-07-29 08:50:06.196792+00:00
V4-W-00003-S2026072901-R4-Q3,9322,0x55f0bf734be94f3e087a1e4e913fe291d1e59b7b94e5b4e5e3a80ea5587f34a9,False,2026-07-29 08:50:15.485898+00:00
V4-W-00003-S2026072901-R4-Q7,9322,0x55f0bf734be94f3e087a1e4e913fe291d1e59b7b94e5b4e5e3a80ea5587f34a9,False,2026-07-29 08:50:15.894721+00:00
V4-W-00008-S2026072903-R4-Q7,9180,0xeb051c3699bc1fea0a16da049b6bc4cd6f06a050edbbf71ac07a5abacc439171,False,2026-07-29 08:50:20.595195+00:00
V4-W-00020-S2026072903-R4-Q3,9191,0xbe1f983767c049895a0900caa2c75471e7a007c2643e196e18f7e2a7e9119822,False,2026-07-29 08:50:24.931385+00:00
V4-W-00020-S2026072903-R4-Q5,9354,0x64250d1b030078e3820298bb77ddc9b19ba67f1bc4b02073c1e1c53534d86680,False,2026-07-29 08:50:25.530744+00:00
V4-W-00023-S2026072901-R4-Q4,9234,0x6769e74fba0af28c63707d02011af29560585e1be8601c11b4659df296de84c9,False,2026-07-29 08:50:39.006672+00:00
V4-W-00018-S2026072901-R4-Q0,9281,0xa116b83711e1958e83c259c46a671eaffc2d039fdbff4ad9b07c751f40513f51,False,2026-07-29 08:50:42.907081+00:00
V4-W-00018-S2026072901-R4-Q4,8868,0xeb77df6aa51dfaab8d867c7dafe8cada2160987e95f623693514c8e1baa2c241,False,2026-07-29 08:50:43.255941+00:00
V4-W-00022-S2026072901-R4-Q3,9263,0x29bad8954804974c6144dee09d040d3c777a91928b1b70816750224894b8b956,False,2026-07-29 08:50:47.505835+00:00
V4-W-00022-S2026072901-R4-Q6,9263,0x29bad8954804974c6144dee09d040d3c777a91928b1b70816750224894b8b956,False,2026-07-29 08:50:47.912560+00:00
V4-W-00007-S2026072901-R4-Q2,9318,0xd5c65c515b990e5fe8969b60d6f539378f5377bfeffb031f79cafa9308612051,False,2026-07-29 08:50:52.383397+00:00
V4-W-00011-S2026072901-R4-Q0,9272,0x9969531d1f1cba28380c3a6c5ccbb263d0c543f0a851189bb19a6fd82a8cf273,False,2026-07-29 08:51:00.943653+00:00
V4-W-00011-S2026072901-R4-Q4,8877,0x242202029ad4b47eb09df6ed585f291270bec18daf75b75c8c799c1511744666,False,2026-07-29 08:51:01.513773+00:00
V4-W-00002-S2026072901-R4-Q4,9268,0x0060423fd0ea37de3e546ae716d3a73a0be1db20dadf93f90eec88cf1d699c1e,False,2026-07-29 08:51:27.080426+00:00
V4-W-00002-S2026072901-R4-Q3,9268,0x0060423fd0ea37de3e546ae716d3a73a0be1db20dadf93f90eec88cf1d699c1e,False,2026-07-29 08:51:27.527832+00:00
V4-W-00012-S2026072901-R4-Q3,9392,0xf29508af084cd6751ce8ea19dc48f27b6fd355f3341b0ecf75b06099bd27b32a,False,2026-07-29 08:51:31.940356+00:00
V4-W-00011-S2026072902-R4-Q2,9200,0xa963d7e67a65822528b80dd454d4f88cbe423bfb94e8e358e9d554875881a921,False,2026-07-29 08:51:36.368249+00:00
V4-W-00011-S2026072902-R4-Q6,9226,0x44460ae8c9966331a3eeee9c05c3551acc01de3793ee38eee2b6a26a7b98a2a4,False,2026-07-29 08:51:36.894805+00:00
V4-W-00014-S2026072901-R4-Q1,8901,0xc53caea6ead5a79d8389ac40fa9a9f6f8f71515e2fc784c5ad88a5954b87bb0e,False,2026-07-29 08:51:50.878818+00:00
V4-W-00014-S2026072901-R4-Q7,9102,0x25835bec330db171f7e466fc3ddb7c098ed21bae25dfa38e3aa7f4f2de2df53b,False,2026-07-29 08:51:51.083599+00:00
V4-W-00013-S2026072901-R4-Q1,8919,0x18cb2dd227d1f02d19541ccf20afbaaebafe7dcb5f7fd5bf6f1476e7b6b52c3b,False,2026-07-29 08:51:59.511571+00:00
V4-W-00005-S2026072901-R4-Q2,8908,0x33475dc9fbcfa2142df22444f96a4493beda8da09ac331f805257731cb415c72,False,2026-07-29 08:52:03.558875+00:00
V4-W-00005-S2026072901-R4-Q6,9207,0x81e04cb523896c672d6ed1803d0187707224142479cb3362e1d6012a04a048d4,False,2026-07-29 08:52:04.033825+00:00
V4-W-00021-S2026072902-R4-Q2,8910,0xf98aec7e36960b2a516c580a82abaae6f78fccb00dcf439940db4a89998fdcab,False,2026-07-29 08:52:08.083859+00:00
V4-W-00021-S2026072902-R4-Q7,8930,0x13d6507eadb16e5cda0227a10245194d9ffbd685bb569cf43207b295afd75b83,False,2026-07-29 08:52:08.505171+00:00
V4-W-00015-S2026072901-R4-Q3,9288,0x793fb901d05d0bd4c4f14d2d7122b3e99564375bdf90dd50fae86fa7725359ee,False,2026-07-29 08:52:12.432801+00:00
V4-W-00014-S2026072902-R4-Q4,9084,0xf33cc0e3d18d5a5930ad324672c86e8e9df2f373fb5f9c23470da2a63c2f677e,False,2026-07-29 08:53:18.999564+00:00
V4-W-00014-S2026072902-R4-Q7,9084,0xf33cc0e3d18d5a5930ad324672c86e8e9df2f373fb5f9c23470da2a63c2f677e,False,2026-07-29 08:53:19.530767+00:00
V4-W-00026-S2026072903-R4-Q6,9170,0x597cb5a94a5bebc425c22ebb8f8552795599e26eb4280d505f504a676dc1b9cd,False,2026-07-29 08:53:29.363469+00:00
V4-W-00026-S2026072903-R4-Q7,8951,0xf65531b6d0a36040be1ef8e5f03a8bfe118f642d6a5fadccf96ada06f0954536,False,2026-07-29 08:53:29.631996+00:00
V4-W-00001-S2026072903-R4-Q3,9285,0x3e287336d735c685093bc5c44dab9ed13c06cee5e4a6825d7f4c056ca27ecddf,False,2026-07-29 08:53:33.671778+00:00
V4-W-00026-S2026072902-R4-Q2,9091,0x2a9e01ca8ccd25db794fc3a93de7fafb60d7bbf2cd276a252b6bb8a917712fe7,False,2026-07-29 08:54:03.847985+00:00
V4-W-00026-S2026072902-R4-Q4,9091,0x2a9e01ca8ccd25db794fc3a93de7fafb60d7bbf2cd276a252b6bb8a917712fe7,False,2026-07-29 08:54:04.344371+00:00
V4-W-00010-S2026072902-R4-Q2,9182,0xdfb2d3fad400846eb63c84c8f3a7f610ea91cdceea6537497307be3c32a08efa,False,2026-07-29 08:54:17.076828+00:00
V4-W-00010-S2026072902-R4-Q7,9344,0x04c9b11d35ee0800e7a396731900696be430bf96ef6c9f62aad0d27196e92d4d,False,2026-07-29 08:54:17.362639+00:00
V4-W-00012-S2026072903-R4-Q4,9384,0xc70cf13df94864110143c692ee5d254a8b397058422f656c14baf2bb555a6eef,False,2026-07-29 08:54:21.393775+00:00
V4-W-00012-S2026072902-R4-Q1,9270,0x9b2a6704db85df0c274d1828dfc324f63617e077317daddc7316dfe1422187c6,False,2026-07-29 08:54:29.583767+00:00
V4-W-00012-S2026072902-R4-Q5,9329,0x46f1061d12faf34d92fc92e0e206319e89a6069e0285119e8a0acd249f473284,False,2026-07-29 08:54:29.903816+00:00
V4-W-00024-S2026072903-R4-Q2,9335,0x43b239c0d999eb538472314e4b622c4807a879c05ac78b2ee99c17a1edbde4bd,False,2026-07-29 08:54:33.996452+00:00
V4-W-00024-S2026072903-R4-Q7,8983,0xa6e783c6c2528cf4f37103f262702b5fd87069f7cd506909a24b19f0cc370b1b,False,2026-07-29 08:54:34.388195+00:00
V4-W-00005-S2026072902-R4-Q6,8985,0x1048b48a4503e29fd83c15d22985a63d9cdc0a30e5dcc35a5e14e0d7d284dc4c,False,2026-07-29 08:54:38.599302+00:00
V4-W-00009-S2026072902-R4-Q1,9144,0x73c63ea029698d7064240c4679e1b4dd1a2a05f21320189127693cd3ef7f4266,False,2026-07-29 08:54:51.143629+00:00
V4-W-00009-S2026072902-R4-Q6,9145,0x7a706a60ed42f2157d8c5d7c6145addf8130c6ff4d8dd546b75e5d5d04308a3b,False,2026-07-29 08:54:51.618924+00:00
V4-W-00010-S2026072903-R4-Q2,9107,0x3c8f6559b1c8c6fe5dd55693dd05f710cb09c6d9e55bf842d0936f7fd952769b,False,2026-07-29 08:55:04.292088+00:00
V4-W-00010-S2026072903-R4-Q6,9296,0xc7f9fa0a92cfdbee40af4c0e9c525a6e807d5edd8a21897f6359366ea72f6405,False,2026-07-29 08:55:04.576780+00:00
V4-W-00005-S2026072903-R4-Q6,9147,0x7133ac8aad93abcaa90d92a4c01bf9b6355a6770af57c5cc313b259cc55377ab,False,2026-07-29 08:55:40.119761+00:00
V4-W-00017-S2026072902-R4-Q7,9082,0xaea707b414ec1069884102897f6802ae8c98c42df7953a3a867c7cdbaf092db5,False,2026-07-29 08:55:44.595823+00:00
V4-W-00017-S2026072902-R4-Q0,9082,0xaea707b414ec1069884102897f6802ae8c98c42df7953a3a867c7cdbaf092db5,False,2026-07-29 08:55:44.784183+00:00
V4-W-00020-S2026072901-R4-Q3,9086,0x92983ef65421dfd9b1301e02b3e179ebcba875bc52c24f234ef363328022435a,False,2026-07-29 08:56:11.339514+00:00
V4-W-00020-S2026072901-R4-Q7,9032,0x7e6a67ae028c90d7505f1a83f55642c69a9e7e82378918c51c19357b260e5a0e,False,2026-07-29 08:56:11.457144+00:00
V4-W-00000-S2026072901-R4-Q4,9163,0x70096f3278920d7d4b268a4fa957f04be5e02a48f61872cfd0039dd02bf0ff10,False,2026-07-29 08:57:28.626661+00:00
V4-W-00014-S2026072903-R4-Q2,9149,0xbb0ca3d9f455a9e4099fb7696402d7e6b7e37ffb4acd24bcca12474d83e48cd5,False,2026-07-29 08:58:24.127665+00:00
V4-W-00014-S2026072903-R4-Q3,9098,0x37a263eea343c612983dc340ec04eaba2e898f142d79dbe12af04e1832153161,False,2026-07-29 08:58:24.455516+00:00
V4-W-00009-S2026072901-R5-Q3,9435,0x2036de01766bdff521823b8f24ab1f89e4781eb9306951c471432ba3649cf8f6,False,2026-07-29 09:08:37.957027+00:00
V4-W-00022-S2026072903-R5-Q0,9584,0xf97154d92a61be0a1cefb7b1c3dfb912ae67a4489d1c0337d184f738b9376dd5,False,2026-07-29 09:08:41.644432+00:00
V4-W-00022-S2026072903-R5-Q4,9927,0x5626c918cec70dedf7bbee2e6f872d51cdb259d556ede46e5830e8d6e8d04ba1,False,2026-07-29 09:08:42.141282+00:00
V4-W-00005-S2026072901-R5-Q4,9674,0x36f81317c0898259464482d7f12d1b8b4b7c715d090c4d880f61fcc70ce1a38a,False,2026-07-29 09:08:46.577558+00:00
V4-W-00005-S2026072901-R5-Q1,9409,0x514b087027d14dd06d2e4ce6ac96d9e7af13843b4e5aa87522ba4a120348f3e0,False,2026-07-29 09:08:46.915034+00:00
V4-W-00014-S2026072902-R5-Q7,9496,0xf2055dc1e41cf03b79e364effc85a3763858f7dfc29ba8523a73b38bb9f4b503,False,2026-07-29 09:08:51.436241+00:00
V4-W-00026-S2026072903-R5-Q3,9805,0x0fd677e29a45e97ad41b26219d6db48148df8d1a13c1fe7022c8e36c1232e8d8,False,2026-07-29 09:08:55.982884+00:00
V4-W-00026-S2026072903-R5-Q7,9816,0x6351a27aa3e4dff97b9f38fc5a87112ea0c9bd0dc4301d615db41bd9ee7c3288,False,2026-07-29 09:08:56.505903+00:00
V4-W-00019-S2026072901-R5-Q2,9757,0xecb4de0f79c65dd29135354a19a18d1aa651a2541370c915001851310aa4c430,False,2026-07-29 09:09:00.851089+00:00
V4-W-00019-S2026072901-R5-Q4,9757,0xecb4de0f79c65dd29135354a19a18d1aa651a2541370c915001851310aa4c430,False,2026-07-29 09:09:01.212924+00:00
V4-W-00022-S2026072901-R5-Q3,9906,0x144de90b4566da72717708ba3fb3113ee3670f048761ae1712336dc4b2b24dda,False,2026-07-29 09:09:05.423867+00:00
V4-W-00023-S2026072903-R5-Q0,9747,0x41b165d34d3194f2f6517a13a8cc34a1ecc90b399d912b72c88aaa4b34fc6c61,False,2026-07-29 09:09:09.702803+00:00
V4-W-00023-S2026072903-R5-Q3,9781,0x7cd5ba7ccd47730ff86ea70fb55b7040783ea15d3ec701b4261fa4aef53dd7fe,False,2026-07-29 09:09:10.065713+00:00
V4-W-00026-S2026072901-R5-Q2,9806,0x00e022016176c13f472ca0ed01dc55688797549b42806fd280b76c5d0743362a,False,2026-07-29 09:09:14.595869+00:00
V4-W-00026-S2026072901-R5-Q6,9806,0x00e022016176c13f472ca0ed01dc55688797549b42806fd280b76c5d0743362a,False,2026-07-29 09:09:14.715282+00:00
V4-W-00006-S2026072901-R5-Q3,9611,0xe019e8b88db0818ec8f5075499558714b317c201f0c42a23a8b48fbadf9b2697,False,2026-07-29 09:09:18.780481+00:00
V4-W-00002-S2026072903-R5-Q4,9814,0x51a743e9ccf05c926adf23fcbb2ad91b71d0c1cfc388eba9cd7fe1faca74c38a,False,2026-07-29 09:09:23.108078+00:00
V4-W-00002-S2026072903-R5-Q7,9428,0x977ec7afdb24510d641a73e70cd9314a48627a888b9267d7ff04479cb22e970b,False,2026-07-29 09:09:23.533436+00:00
V4-W-00001-S2026072901-R5-Q1,9430,0xf5d8075d734c6bd9bac7c2b2d13be642e0af746775b7d97367e30a992a70eae9,False,2026-07-29 09:09:28.193589+00:00
V4-W-00001-S2026072901-R5-Q5,10059,0xb684e75b3c1b4b0cadc40af297e14ae886f82a4068ef2d971ec415afad8882db,False,2026-07-29 09:09:28.687536+00:00
V4-W-00014-S2026072903-R5-Q0,9770,0x35ef15f6390f3be62a2a97d5d0f85c841202ccd52e48866ddf4a9baba4e81141,False,2026-07-29 09:09:43.177007+00:00
V4-W-00019-S2026072902-R5-Q0,9517,0xe2aa80bc33882c92f4473ed5ba21790daea07e7cf0fa9a0ef0bf26504787ea6f,False,2026-07-29 09:09:47.970832+00:00
V4-W-00019-S2026072902-R5-Q5,9440,0x4e6934e673cb37d29722253a834f48b6137bc7611e63df0c682afcf45a29a5a1,False,2026-07-29 09:09:48.555957+00:00
V4-W-00011-S2026072903-R5-Q2,9443,0xb54b50e57cca2316f1406e22c5d67cf881c51fb3a4e35f730fa9797475f94113,False,2026-07-29 09:09:54.094049+00:00
V4-W-00011-S2026072903-R5-Q0,9443,0xb54b50e57cca2316f1406e22c5d67cf881c51fb3a4e35f730fa9797475f94113,False,2026-07-29 09:09:54.281577+00:00
V4-W-00025-S2026072902-R5-Q4,9755,0x859fb40a7883cfa73c344138fd29f54d735919f683df12385b3668bb526989c8,False,2026-07-29 09:09:59.561769+00:00
V4-W-00010-S2026072903-R5-Q1,9448,0x2807d1e21a420d24a12f25bc02f6ad7290fdf75a0dc5fc690471b5a090ca7187,False,2026-07-29 09:10:03.805931+00:00
V4-W-00010-S2026072903-R5-Q5,9833,0x379f67203cb778cf97f1ad15146865e76028b3bf2382f23b180e8abed26285cd,False,2026-07-29 09:10:04.287871+00:00
V4-W-00015-S2026072903-R5-Q2,9455,0xafa5d7348bda4b8232e8f539a16c218e69a10f4b6c9d711c957cd7050b1d186c,False,2026-07-29 09:10:17.358736+00:00
V4-W-00015-S2026072903-R5-Q7,9892,0x7dfed887b13050b8553ecdcc44971d1d646bf586221907e86013da62a34fa2a2,False,2026-07-29 09:10:17.876079+00:00
V4-W-00012-S2026072902-R5-Q4,10039,0xb970a31744e1c98327e1431a54830ec3734e32225fbee6b29ab33acae893067f,False,2026-07-29 09:10:21.957161+00:00
V4-W-00005-S2026072902-R5-Q2,9459,0xf9cb77310ecd15c1c408895b5098a74a4b86240b75b34a263caf785165c47f6a,False,2026-07-29 09:10:26.322297+00:00
V4-W-00005-S2026072902-R5-Q4,9459,0xf9cb77310ecd15c1c408895b5098a74a4b86240b75b34a263caf785165c47f6a,False,2026-07-29 09:10:26.622661+00:00
V4-W-00000-S2026072902-R5-Q2,10027,0x4510fc148d6325cd80ca6c11ea8c3f21005e233ae82788bed9c33f380d114f80,False,2026-07-29 09:10:30.773878+00:00
V4-W-00000-S2026072902-R5-Q7,9522,0xeb3d92aca8d49c000619ba0b572cbfdc7133e9d1b2f2e913ad092cb6877560ac,False,2026-07-29 09:10:31.303436+00:00
V4-W-00022-S2026072902-R5-Q4,9634,0xfbe259ff49b2d63e97586f6bd5f52dd029fea063d5428c9dabad9891e479a2c4,False,2026-07-29 09:10:35.759121+00:00
V4-W-00016-S2026072902-R5-Q1,9498,0xbc9650320f6ab85db8c447018876bb1f58a1786b569f3851527c4a14327ef9d3,False,2026-07-29 09:10:40.072080+00:00
V4-W-00016-S2026072902-R5-Q7,10112,0xc7119042802ec3e4a8d68f1002edb8c2a9482d4eaf94d0994c4cde082a847b89,False,2026-07-29 09:10:40.428066+00:00
V4-W-00004-S2026072901-R5-Q1,10024,0x77e6479c2a63e5d567992301032738e58b0e0430f80eca6a03aa04c21a9318bb,False,2026-07-29 09:10:49.497296+00:00
V4-W-00004-S2026072901-R5-Q6,9961,0x1d6466e43253836a567154f4a417f28de0fc203ed3355564a917f4b027c2935d,False,2026-07-29 09:10:49.858119+00:00
V4-W-00009-S2026072902-R5-Q4,10092,0xd0e3af3ff15a0da191176f9e05a09aff890943f90eb7f1433341a6a493d95732,False,2026-07-29 09:10:58.773930+00:00
V4-W-00024-S2026072902-R5-Q1,10055,0x40132efb0ed4b8e65d58002037be3dedb69287c68a4f07bc040c04f8767ce53a,False,2026-07-29 09:11:02.864203+00:00
V4-W-00024-S2026072902-R5-Q6,9531,0x7d923f83fd1f7d23fedbfcd99e3a57470fe582c4b54f8a84466fa18f59f3f1ea,False,2026-07-29 09:11:03.345168+00:00
V4-W-00002-S2026072901-R5-Q4,9851,0x0ca5b55f7930889b5b388253e437490c7871690681937ccbe91ae70464eb8fbe,False,2026-07-29 09:11:07.784220+00:00
V4-W-00002-S2026072901-R5-Q1,9955,0x48f68efa9d7d820a5bfe1e75584f1b275ea1bd8e9c3aeec0c4c65812466859c3,False,2026-07-29 09:11:07.951655+00:00
V4-W-00024-S2026072903-R5-Q4,9840,0xa9c88393f829b3e87a956ce69ed70eade4a59501a0b360e79d765f6279fb4487,False,2026-07-29 09:11:12.289968+00:00
V4-W-00007-S2026072903-R5-Q2,9669,0xba27440b38f4edfcff09e7c5fa9bd3a673a881c51d3c3b5a4c2bec169a4354c0,False,2026-07-29 09:11:16.563348+00:00
V4-W-00007-S2026072903-R5-Q6,9964,0xb7b9bbd6e9737d681e1987b38ca74af7fc5aa878d8db9330ea77096670a26d63,False,2026-07-29 09:11:17.077165+00:00
V4-W-00018-S2026072901-R5-Q3,9510,0x465cbaf1a90124383ec4290ce49a875553a3a0ef0c456cca76ae5ae043efa19e,False,2026-07-29 09:11:21.538069+00:00
V4-W-00017-S2026072902-R5-Q1,9489,0xb442db2c201fb8673895e70740be69942e43cfa6b46a871ae05b100c33fb5731,False,2026-07-29 09:11:25.945147+00:00
V4-W-00017-S2026072902-R5-Q5,9489,0xb442db2c201fb8673895e70740be69942e43cfa6b46a871ae05b100c33fb5731,False,2026-07-29 09:11:26.465641+00:00
V4-W-00023-S2026072901-R5-Q1,9492,0xbc0a4e0b66be5955f8cabab05c7eba2975cdcaf330bd16313b04f63f95295d23,False,2026-07-29 09:11:31.132857+00:00
V4-W-00023-S2026072901-R5-Q7,9885,0x370a56c27011915b762d47365069deef90da36d8cac386aae8cb220243c039ed,False,2026-07-29 09:11:31.369587+00:00
V4-W-00016-S2026072903-R5-Q2,10007,0xde92206c98379d3ea53e6e747dadf5e5d2890bde75a3704d3a35d0dfe1a548c8,False,2026-07-29 09:11:35.662150+00:00
V4-W-00005-S2026072903-R5-Q2,9501,0x35b3ed0930c13bb43f67a9e58f9edc64146c9747506f119e6f30ec87af422fc2,False,2026-07-29 09:11:49.718605+00:00
V4-W-00005-S2026072903-R5-Q3,9572,0x089dd1752043ddd2da7ae672c4875e485a70ded66768b1dc5ee01e0ed5e4f6a1,False,2026-07-29 09:11:50.036695+00:00
V4-W-00003-S2026072903-R5-Q1,9717,0xa9935ae38218a40753c18c81e29b15dca40224f701a8a642c24857f2954df08b,False,2026-07-29 09:11:54.300034+00:00
V4-W-00003-S2026072903-R5-Q6,9717,0xa9935ae38218a40753c18c81e29b15dca40224f701a8a642c24857f2954df08b,False,2026-07-29 09:11:54.740264+00:00
V4-W-00025-S2026072901-R5-Q2,9622,0x27fd638b3854c981e6c40d3abdae48d0e9e349b767ba12a3645f1d314c550acd,False,2026-07-29 09:11:59.093707+00:00
V4-W-00006-S2026072902-R5-Q0,9512,0x129b735ba282ded99f01bedef7ebce53261f264c7bf2e7082200a5d1b3771ffe,False,2026-07-29 09:12:12.400217+00:00
V4-W-00006-S2026072902-R5-Q5,9512,0x129b735ba282ded99f01bedef7ebce53261f264c7bf2e7082200a5d1b3771ffe,False,2026-07-29 09:12:12.928626+00:00
V4-W-00015-S2026072901-R5-Q2,9783,0xbcc44cd0dc4a100121592abfed9e19ca29cf0b7e86e079679d51eb0407a0ea7a,False,2026-07-29 09:12:17.582177+00:00
V4-W-00015-S2026072901-R5-Q6,9783,0xbcc44cd0dc4a100121592abfed9e19ca29cf0b7e86e079679d51eb0407a0ea7a,False,2026-07-29 09:12:17.949637+00:00
V4-W-00013-S2026072901-R5-Q4,9545,0x5c1939cdbd6fb30d205b1307251a2d0c4cdff0c596c722b0d629e9fe7a219f3e,False,2026-07-29 09:12:27.527501+00:00
V4-W-00010-S2026072901-R5-Q0,9579,0xd1bc16ac9920ce42f471467051686b554953c7063f00dcca67f13cf40435885d,False,2026-07-29 09:12:45.650274+00:00
V4-W-00010-S2026072901-R5-Q5,10048,0x16cdde5414f7139a36b0c14073e335ea5b0f790189958fd18520cec4e6040abb,False,2026-07-29 09:12:46.029195+00:00
V4-W-00012-S2026072901-R5-Q2,9534,0x3fc6e6669f486b84dd362468b0848909d298e673fe26fef2862489c050cf5609,False,2026-07-29 09:12:55.177386+00:00
V4-W-00012-S2026072901-R5-Q7,9534,0x3fc6e6669f486b84dd362468b0848909d298e673fe26fef2862489c050cf5609,False,2026-07-29 09:12:55.605992+00:00
V4-W-00018-S2026072903-R5-Q3,9743,0x2cf97287d3adc10d854d242998a7b2416a6a066351c801523d3f388efefa62f3,False,2026-07-29 09:13:04.533963+00:00
V4-W-00015-S2026072902-R5-Q0,9540,0x2637beea148e52873486d0f83733b2c748007b79bd95bce13daeded3318920eb,False,2026-07-29 09:13:08.755747+00:00
V4-W-00015-S2026072902-R5-Q5,9737,0x4452a655f1847765c59d575152dd6181ed92d8f15b9775326481d889689dad2f,False,2026-07-29 09:13:09.247389+00:00
V4-W-00008-S2026072901-R5-Q3,9641,0x4785c7761ab84fe567d4c341f8498b85b2122ebecec572af41468f5a5dc57f8c,False,2026-07-29 09:13:13.687874+00:00
V4-W-00008-S2026072901-R5-Q6,9730,0x9e328a209e85bed9e45dbc7756eb4b964df7e1a58fc7b52840dd99f9dc664bca,False,2026-07-29 09:13:14.025638+00:00
V4-W-00011-S2026072901-R5-Q6,9548,0x57ec63773ac966e13bb385ea1e420c0ae9b51203375c131e7ef86fce7ee0fa23,False,2026-07-29 09:13:23.195834+00:00
V4-W-00012-S2026072903-R5-Q0,9738,0xfad364751d3614f919c491e5a57efc051550c293d004b3ea406c8fec8c434b1f,False,2026-07-29 09:13:27.221271+00:00
V4-W-00012-S2026072903-R5-Q5,9550,0x74bc98cba5c4f044fd318fbb912f9eeea8c55284e5e603fd379434764d3a0ac7,False,2026-07-29 09:13:27.639613+00:00
V4-W-00003-S2026072901-R5-Q2,10082,0x89ac6442e2c85e778a9a0b10dc1501d860f11da3fdcccde0bb93aaa8b4a93571,False,2026-07-29 09:13:36.363227+00:00
V4-W-00003-S2026072901-R5-Q7,9937,0xf8298b4d5c36fdb57cbbb1dbf2bd571ce8a5da3cb6648620e0b4d0796595c1bc,False,2026-07-29 09:13:36.834223+00:00
V4-W-00020-S2026072901-R5-Q4,9798,0xe7f81447bcd57f02eaf8f1dbd7ac0e9c2e8632b383690388903ec15903177da4,False,2026-07-29 09:13:41.369868+00:00
V4-W-00014-S2026072901-R5-Q1,9870,0x1c94ad30e7fb9bce19eb3fd9679c29da9cdaa8189ca097f2728c746ea5859268,False,2026-07-29 09:13:45.802697+00:00
V4-W-00014-S2026072901-R5-Q5,9559,0xca28ff8d460a98f31b7fcd8de8ea8909b22dbe1ca41ba18ab1f2f4e5b191c9e5,False,2026-07-29 09:13:45.913078+00:00
V4-W-00017-S2026072901-R5-Q2,9803,0x5491fbecb5460b066962e5ad7774cbd6153fea797634f322eabfc913456f52dd,False,2026-07-29 09:13:50.541544+00:00
V4-W-00017-S2026072901-R5-Q0,9802,0xbd771fea75cf91968ada7c63bebd7992945b294c1376149eea1a5d09742dbf1c,False,2026-07-29 09:13:50.741132+00:00
V4-W-00025-S2026072903-R5-Q7,10013,0x64176da9b55e13c07dc8e7b06c59e6f4213465aa17b305201a18785ffc5e2d55,False,2026-07-29 09:13:59.630529+00:00
V4-W-00024-S2026072901-R5-Q1,9568,0x20bc5d8e24f11ede7b9f520231372dba1542cd692e286d959091073fb21e9461,False,2026-07-29 09:14:03.880788+00:00
V4-W-00024-S2026072901-R5-Q6,9597,0x5961f7e68dd9afa835d8f1b8cd487d8a157cbc47713e782b22a00afba8b60377,False,2026-07-29 09:14:04.326177+00:00
V4-W-00017-S2026072903-R5-Q0,9883,0x6ef5a46e92607f4b9a7159bda751a6048d14d4bd0b6b3517801bfa8094abdbfa,False,2026-07-29 09:14:22.693013+00:00
V4-W-00017-S2026072903-R5-Q7,10011,0x70e5c6845e59829d2384a43fc2a6c055a63e8fa5a8ffd4a6748e19bdbff33cf7,False,2026-07-29 09:14:22.954201+00:00
V4-W-00007-S2026072901-R5-Q5,9923,0x6e959924022140fe2de6000257e78f12c93ca6948251062992af0aa862ac2d1f,False,2026-07-29 09:14:42.092079+00:00
V4-W-00000-S2026072901-R5-Q1,9592,0x6c2d69ad3905635fa41da0960189aa81cc88ee6948a3bb900540fea6a8c50c0a,False,2026-07-29 09:14:52.329109+00:00
V4-W-00000-S2026072901-R5-Q6,9968,0x3a9c989bc458a6783969f814a4e4e9d089a2635725e2487f94b098bc11610efb,False,2026-07-29 09:14:52.823552+00:00
V4-W-00009-S2026072903-R5-Q3,10052,0xa11666bcddb0cc69ac8ff98d5e500c1e8629b786472549ab74aa2e751f7c138c,False,2026-07-29 09:15:07.230539+00:00
V4-W-00009-S2026072903-R5-Q7,9942,0x5342b679b24eb724bcb126ba44fad8432dad45d5a6240524c283263bb394b45a,False,2026-07-29 09:15:07.563520+00:00
V4-W-00026-S2026072902-R5-Q7,9779,0xaa89b2862a5905d5a799f821c31135b17668005f579c871d15dece3435264b74,False,2026-07-29 09:15:12.386909+00:00
V4-W-00010-S2026072902-R5-Q1,9827,0x4e4e77de3944e1d1323a6b71ae39b808b58c14a13ae7b21740d6af82c98f72d7,False,2026-07-29 09:15:26.138874+00:00
V4-W-00010-S2026072902-R5-Q6,9759,0x06589646b8e8a40a2101c278e2b7ffdb67a203be8013c28d6a712f6bbcd26f49,False,2026-07-29 09:15:26.532559+00:00
V4-W-00003-S2026072902-R5-Q3,9614,0x6c1421dbb5c01f0d4a5f3b2d99758d2bbde3051c673ec6f97346d39cf73bfb3e,False,2026-07-29 09:15:35.509594+00:00
V4-W-00021-S2026072903-R5-Q0,9664,0x4bcf2c177e03e2ac9a7a691b9e658474a0fe3140594e056edc87eb406fedeb7a,False,2026-07-29 09:15:39.893855+00:00
V4-W-00021-S2026072903-R5-Q4,9706,0x3bb3fe791c41464b369273eb7558fcb5588ad759ef7319902c38bb550bc001b7,False,2026-07-29 09:15:40.257781+00:00
V4-W-00018-S2026072902-R5-Q1,9618,0xc7ac49a3e071330e9c082e0dc672949571a902549f7808572c013a3b78460282,False,2026-07-29 09:15:44.518402+00:00
V4-W-00018-S2026072902-R5-Q6,9660,0x45c91a9647ccea7223e2b1286bc71ae8fa7e567c1168a6734a79311f27322064,False,2026-07-29 09:15:44.921091+00:00
V4-W-00008-S2026072902-R5-Q3,10079,0x1e36c272165442dc99bf6d229c9f8b401f9fb8330c2a2fad18672a5f9dcf4d49,False,2026-07-29 09:15:49.065301+00:00
V4-W-00007-S2026072902-R5-Q0,9629,0xb705bd2ca51c23ea331e9f5397c8c2ae826f3b9aeade18148f36d913da08e74e,False,2026-07-29 09:16:05.562680+00:00
V4-W-00007-S2026072902-R5-Q5,9835,0x08a655f895e15faee7200a0b56974806c8ad1abde9360d34c610eded508a3509,False,2026-07-29 09:16:06.109177+00:00
V4-W-00013-S2026072902-R5-Q3,9667,0xb9811a74d9ab03ed6253e7308823715e07f0eba7ad0e768d00c3eb2f771c280b,False,2026-07-29 09:16:25.452510+00:00
V4-W-00013-S2026072902-R5-Q5,9662,0xda5630ddbe3d7080470a12036a25ef497bd5090acc25bac376a43bccfc581cca,False,2026-07-29 09:16:25.866648+00:00
V4-W-00020-S2026072903-R5-Q1,9650,0x35d15707208c3f36fe0c9ebfc9add56b4ba77b3b9697e717c8c06dd9f4a207f9,False,2026-07-29 09:16:48.784317+00:00
V4-W-00023-S2026072902-R5-Q5,10061,0x0b58a53fecfb4e47c8a50660b741c705213b9560ef681c98d628e7e4409fb7d0,False,2026-07-29 09:16:58.475272+00:00
V4-W-00023-S2026072902-R5-Q3,10015,0x20c508a3f2a3160830d84d09ad212d7d4e84cc22ac63084677bd94eafd4096be,False,2026-07-29 09:16:58.958074+00:00
V4-W-00021-S2026072902-R5-Q2,9911,0x563c3bbe8d098c36b1a977e271682faf32bf245d57c59d9b055fefc1d4ca97c4,False,2026-07-29 09:17:40.807123+00:00
V4-W-00021-S2026072902-R5-Q6,10094,0x909db0ebc876c847b0b7e112888a6b58a44e9e4cf0999e44dfd7aa2f1b5e39d5,False,2026-07-29 09:17:41.237515+00:00
V4-W-00001-S2026072902-R5-Q4,10017,0x3d164339b18b6d139436238924ccb6445976593bb96fee8ffad977e0a75daf8c,False,2026-07-29 09:17:54.166613+00:00
V4-W-00013-S2026072903-R5-Q0,9774,0x1e0ae816b34c5fce741d8c6eeff09094fc391b88f39f41a84672957fd151834f,False,2026-07-29 09:19:15.353766+00:00
V4-W-00013-S2026072903-R5-Q6,9801,0x3631d8ce3ca5c28bce83944c364bf75700c34bdfc4ebde745f1d79aeea2a2fb1,False,2026-07-29 09:19:16.103986+00:00
V4-W-00006-S2026072903-R5-Q2,9772,0xaae8dee6cd13ead5fff40d8dd5f5146b51aca3923e79c4c9336e9bc81647f256,False,2026-07-29 09:19:32.739535+00:00
V4-W-00006-S2026072903-R5-Q7,10043,0xb2e44da5b37b520e33fed55084e140be0b817aa4d7414c162d622d0355b9c407,False,2026-07-29 09:19:33.144862+00:00
V4-W-00021-S2026072901-R5-Q3,9958,0xc6d441c7c2835c1f5a6c28db1d435e6646f4d073697beda35561d9b827a10ba4,False,2026-07-29 09:19:49.224364+00:00
V4-W-00016-S2026072901-R5-Q3,9823,0x2de6f05cce245c25d617b3a9bf4a360cd227c9a93da177593da264ba70c62b13,False,2026-07-29 09:20:10.094112+00:00
V4-W-00016-S2026072901-R5-Q4,9916,0xc9478ad7007418469908650f4001538337130c14d7a48ef78fde54b2de36bbe8,False,2026-07-29 09:20:10.447331+00:00
V4-W-00001-S2026072903-R5-Q2,10004,0x891aaba10a8ea811de9cbd2a7f12ef2325363402619c70c799ed0a2d9cd08720,False,2026-07-29 09:20:14.357303+00:00
V4-W-00001-S2026072903-R5-Q7,9753,0x82c6b7ff20743634e0d73427810372982398eb7ca52dde6fc11941322bcfe6bc,False,2026-07-29 09:20:14.680152+00:00
V4-W-00004-S2026072902-R5-Q3,10102,0xd981b242744542d6fc28896d08bb05e10c93957c13653fc9d0dd6bda16d471de,False,2026-07-29 09:20:35.610913+00:00
V4-W-00000-S2026072903-R5-Q0,10037,0x6ee0d94a3b73fd473da33ccd24e10d1023d408004357fe4d2bea659f4c722177,False,2026-07-29 09:21:17.954522+00:00
V4-W-00000-S2026072903-R5-Q5,10037,0x6ee0d94a3b73fd473da33ccd24e10d1023d408004357fe4d2bea659f4c722177,False,2026-07-29 09:21:18.451413+00:00
V4-W-00004-S2026072903-R5-Q2,9913,0x7d5e497575fb2f71a68ed786e9c601017dbd63d629a217d8aeff10550714f409,False,2026-07-29 09:22:12.778092+00:00
V4-W-00004-S2026072903-R5-Q7,9952,0xb6ef4ec076579e16caa391f76d17222229e9d3f2d2a9998740ee9ba12f77f68c,False,2026-07-29 09:22:13.124459+00:00
V4-W-00002-S2026072902-R5-Q4,9831,0x4908d69b90553e09c0b9f37155a16ca9f405f8e1e1bc64f0675f68ea7d24980e,False,2026-07-29 09:22:50.672916+00:00
V4-W-00008-S2026072903-R5-Q4,9918,0x2524e08286b83343d30d8d18197b5fdb74e18694f37206c424f67392c13fd35a,False,2026-07-29 09:23:03.429404+00:00
V4-W-00008-S2026072903-R5-Q1,9918,0x2524e08286b83343d30d8d18197b5fdb74e18694f37206c424f67392c13fd35a,False,2026-07-29 09:23:03.691190+00:00
V4-W-00011-S2026072902-R5-Q7,10088,0x3fd6f3122e6f514bd493453316c28ee91ea84a6f20389704a5e6b6ee1a9ef98d,False,2026-07-29 09:24:24.969571+00:00
V4-W-00011-S2026072902-R5-Q1,9878,0xabbb80e2e33409e553dbd15620086de107172074a9e10861e69fe6fa60ec12ac,False,2026-07-29 09:24:25.204265+00:00
V4-W-00019-S2026072903-R5-Q4,10104,0xfb9262c7143955ab063a66b667dc941eb825a6660486518ab0f8d2ca7777d1c6,False,2026-07-29 09:28:22.161529+00:00
V4-W-00020-S2026072902-R5-Q5,10002,0xb0b347b76acaf73689df51044c92ace1c56508218c97bfc24e1b2a192b8c1912,False,2026-07-29 09:28:27.444576+00:00
V4-W-00020-S2026072902-R5-Q6,10002,0xb0b347b76acaf73689df51044c92ace1c56508218c97bfc24e1b2a192b8c1912,False,2026-07-29 09:28:27.684786+00:00
V4-W-00023-S2026072903-R6-Q2,10125,0x3166efb2efc617ddf4b3895555f03f44c5fddf4b0b4e13e81155eb751d36137e,False,2026-07-29 09:32:38.913144+00:00
V4-W-00023-S2026072903-R6-Q1,10221,0xd4b50a7e24d7876a59a05d1b66f08d15a3753e5d089e5e68e7193321d6e79fe2,False,2026-07-29 09:32:39.090719+00:00
V4-W-00016-S2026072902-R6-Q4,10318,0x4f853f037c936e6e71c1d0d352c046564d5e42e8f21bb52498645e328f0aab8b,False,2026-07-29 09:32:42.857629+00:00
V4-W-00001-S2026072902-R6-Q1,10530,0xa3ba5f7cd1914ec3078bbac23a9c367e63af2415fae1548f453a742420b50b9b,False,2026-07-29 09:32:46.374526+00:00
V4-W-00001-S2026072902-R6-Q6,10530,0xa3ba5f7cd1914ec3078bbac23a9c367e63af2415fae1548f453a742420b50b9b,False,2026-07-29 09:32:46.765923+00:00
V4-W-00026-S2026072902-R6-Q5,10335,0x611309b8f4d8906453de4cf94a75aca1a3cb77c2aad6955da9b8757b7d43693b,False,2026-07-29 09:32:50.978481+00:00
V4-W-00026-S2026072902-R6-Q2,10131,0x7e488311992a25504b5594723cea882b50a579a484a3c89e0ecbdec5545449df,False,2026-07-29 09:32:51.146636+00:00
V4-W-00015-S2026072903-R6-Q4,10609,0xe72a92f372684e3e103786387b5535f7488400790ea157ffdf9465d125a7a27f,False,2026-07-29 09:32:54.933590+00:00
V4-W-00015-S2026072902-R6-Q1,10135,0x6cbc013ff3c7bb2381390f9d54a9795f9958f115d8b959bf9091e08666530e3d,False,2026-07-29 09:32:58.815625+00:00
V4-W-00015-S2026072902-R6-Q6,10420,0x7da1e2928d9bd3ae6f0ecd0447eca561138e972e2ead121f1032ebf6e214f056,False,2026-07-29 09:32:59.271914+00:00
V4-W-00008-S2026072901-R6-Q1,10137,0xa2087b66bd76a7d2c703d0db492088bd2cb0441c6999f6919b40ad1d55cfcecd,False,2026-07-29 09:33:03.434870+00:00
V4-W-00018-S2026072903-R6-Q0,10140,0x8068f23da9d92ada22c72f3f5492de2b9641d8b188fffeb54de9f729651cd243,False,2026-07-29 09:33:07.254196+00:00
V4-W-00018-S2026072903-R6-Q4,10329,0x820d4ba93c165da82cecd9827d11769a3aede3038156870f60198b1075568f37,False,2026-07-29 09:33:07.585634+00:00
V4-W-00004-S2026072902-R6-Q1,10568,0x1476191f3e8f45f921a93ae42cd870e5dcf1edd656aadb047a4e989d0925a4c5,False,2026-07-29 09:33:11.468984+00:00
V4-W-00004-S2026072902-R6-Q5,10200,0x810d2cb771537ee152984f03f4068de8c8899ba03bc99d41e46ce35157268cd2,False,2026-07-29 09:33:11.779917+00:00
V4-W-00016-S2026072901-R6-Q1,10144,0x9c51de09443ccfe97c9ba88f8a24fd40df49af182c2a9b480f90999e087776c4,False,2026-07-29 09:33:15.648564+00:00
V4-W-00022-S2026072902-R6-Q0,10146,0xeb13a90ae556683e61f492864d3044226b3c7c4b9feb9e311340f080602c4a62,False,2026-07-29 09:33:19.604219+00:00
V4-W-00022-S2026072902-R6-Q4,10614,0x0c8851fe80cc76dd96cc7ca8f029e9797806e68cd9add82e02e5cf7e4d0b8e8a,False,2026-07-29 09:33:19.859034+00:00
V4-W-00017-S2026072902-R6-Q5,10546,0xe1f673e154e3b3a4c44fb0609ad67749cf19601a6b5b1e5442d88dd82799b222,False,2026-07-29 09:33:23.553795+00:00
V4-W-00017-S2026072902-R6-Q3,10546,0xe1f673e154e3b3a4c44fb0609ad67749cf19601a6b5b1e5442d88dd82799b222,False,2026-07-29 09:33:23.777576+00:00
V4-W-00013-S2026072903-R6-Q5,10551,0x3e953c42f2c4eab6e7f8fc3541c311a0c2bc19817acfde5b09c46d11e3c1c6a5,False,2026-07-29 09:33:27.698825+00:00
V4-W-00017-S2026072903-R6-Q3,10353,0xb12270ee16ab9770ec898f0b1276faf535e9974de81a0d95878a7addc5a1c1df,False,2026-07-29 09:33:31.200594+00:00
V4-W-00017-S2026072903-R6-Q2,10151,0xa6a4a61cf8ac66d961e1d02d5e004289892b27ba8c698322f8c6ef4078717086,False,2026-07-29 09:33:31.393969+00:00
V4-W-00010-S2026072903-R6-Q0,10153,0xef514a0fa355f2f9b61961ad3179b872626810e32c0414aa6ea64e2b2456701c,False,2026-07-29 09:33:34.687156+00:00
V4-W-00010-S2026072903-R6-Q7,10475,0x0df274aed446f9795942658aee982f9d9963cda3c251b6d807e68ed794b2cdd9,False,2026-07-29 09:33:34.884975+00:00
V4-W-00008-S2026072902-R6-Q2,10471,0x0a389e5608374867cffde497e7589c57f45492726dc66f9acf9da5b13dcccda2,False,2026-07-29 09:33:37.757061+00:00
V4-W-00006-S2026072903-R6-Q0,10156,0x7dab608e463206b9117749b2269e1c486f058f98fc93893d1787debc324a8a7c,False,2026-07-29 09:33:40.421060+00:00
V4-W-00006-S2026072903-R6-Q5,10381,0x7b512095f74ce895c4a76871ba5b6d88db106221037bddf173909fe0f5d857b5,False,2026-07-29 09:33:40.809362+00:00
V4-W-00002-S2026072903-R6-Q7,10158,0x89db40a8f5d958bd005dee350a931eddac0980e43cadb5a7c79cf78335e8e735,False,2026-07-29 09:33:44.446836+00:00
V4-W-00002-S2026072903-R6-Q2,10158,0x89db40a8f5d958bd005dee350a931eddac0980e43cadb5a7c79cf78335e8e735,False,2026-07-29 09:33:44.670652+00:00
V4-W-00017-S2026072901-R6-Q2,10369,0x6bee657e761988b1b2a14756c49647c945ffbd1ff54ebc450573d614baf137e7,False,2026-07-29 09:33:47.908060+00:00
V4-W-00007-S2026072903-R6-Q0,10434,0x8900e2fc418b6a7d962727b48af0a8e879d69c389c3475cc2e02fb60883c526f,False,2026-07-29 09:33:50.855384+00:00
V4-W-00007-S2026072903-R6-Q4,10434,0x8900e2fc418b6a7d962727b48af0a8e879d69c389c3475cc2e02fb60883c526f,False,2026-07-29 09:33:51.091757+00:00
V4-W-00025-S2026072902-R6-Q4,10590,0x4029a51f06f62ff14ad9f89721ee73647eb88a42fe93176db21dbf4676e23927,False,2026-07-29 09:33:53.952762+00:00
V4-W-00025-S2026072902-R6-Q5,10163,0x386d51ca91f1a25977468edaab46907d896c63b99e6543ccdacef4612178aab5,False,2026-07-29 09:33:54.166935+00:00
V4-W-00012-S2026072902-R6-Q4,10166,0xf3a851cf104022a473a70006a4bc83c09bdf1ad3fb073f8369d1e26357ba4370,False,2026-07-29 09:33:59.931847+00:00
V4-W-00021-S2026072903-R6-Q0,10307,0xb9441aa008f394bd73602750ee395974cd13ab2fbfbe86ae315b632f629f122b,False,2026-07-29 09:34:03.422414+00:00
V4-W-00021-S2026072903-R6-Q5,10168,0x7fc19bab8459a83758d53004d9546c66acc374361e19fed39c222cf6b5d87cf2,False,2026-07-29 09:34:03.788272+00:00
V4-W-00023-S2026072901-R6-Q1,10411,0x512c167fde1e089e034d91f5d3fbee802f4ec610e071d8a8bbb9f7c9562ea2b7,False,2026-07-29 09:34:09.912497+00:00
V4-W-00023-S2026072901-R6-Q5,10171,0x91af91f460f667cdc40ce918ee90779b7d820622391b85ff3f1435dcc7dacc4c,False,2026-07-29 09:34:10.039650+00:00
V4-W-00009-S2026072903-R6-Q4,10617,0xca1c2f11ef842089400dddea4f1460e3faff18755d6697ff74187d58639daed8,False,2026-07-29 09:34:13.100606+00:00
V4-W-00000-S2026072902-R6-Q1,10176,0x32a6a5274fd64a4e7f3da05e6e53cfc0461007105399978745c70a6d9898d2d7,False,2026-07-29 09:34:19.405844+00:00
V4-W-00000-S2026072902-R6-Q5,10593,0x61b6acede03eed4730a8aa6c4fb76ca82fa602b160c3b30c5dd994d90149aeda,False,2026-07-29 09:34:19.683622+00:00
V4-W-00000-S2026072901-R6-Q2,10493,0xe8ccf83e653be6fb70327d49c51f2d75b063b0e4c52317df82b909218f923542,False,2026-07-29 09:34:22.437959+00:00
V4-W-00000-S2026072901-R6-Q7,10233,0x0e5b98cadd832c11c2b22bd5d2428b743b49894af4a75087c590c3d597c5e894,False,2026-07-29 09:34:22.763394+00:00
V4-W-00004-S2026072901-R6-Q0,10179,0x80111f2a865632ebde8ba65038827c99397255858f1645ccde01b9405e999954,False,2026-07-29 09:34:26.006692+00:00
V4-W-00008-S2026072903-R6-Q3,10181,0x9317d4e1d65d888cd49f769d402a609aca0b6c40fbac23f22a11db2a961676a8,False,2026-07-29 09:34:29.443691+00:00
V4-W-00008-S2026072903-R6-Q6,10384,0xa5cd59acdfee46e57789a5f02659a4a44b5a68864fb2e0d409a23aea9bd139e2,False,2026-07-29 09:34:29.888929+00:00
V4-W-00012-S2026072901-R6-Q2,10351,0xfd72622ccfb03a334ac3b1f3fccc752092b1bec1b160cf0b6455b78ff936bfdd,False,2026-07-29 09:34:35.655166+00:00
V4-W-00012-S2026072901-R6-Q7,10239,0xeb304b5a84046bca605c35c66739094a705a9a06f7c3b5cfeb09124961e388ad,False,2026-07-29 09:34:35.998053+00:00
V4-W-00019-S2026072901-R6-Q5,10225,0x9992b2823e982868421a79cf64899063b83158e39729e36f53acad4c70bd889c,False,2026-07-29 09:34:40.166766+00:00
V4-W-00001-S2026072901-R6-Q1,10373,0xf2cf6fa9f5691f09f2aa4216dfe468b9e884e0381226559291c810b23b5b2a69,False,2026-07-29 09:34:42.976416+00:00
V4-W-00001-S2026072901-R6-Q6,10277,0xddf46b96bbf0a47ea6bb035d5803d91b0551e47f9ee9632fec92fe974cd51c4f,False,2026-07-29 09:34:43.233548+00:00
V4-W-00003-S2026072901-R6-Q3,10375,0xf33bd4694f7b6d450eaa1a5bbdadc24f805c4478f0b4b6b88f271cc898f93508,False,2026-07-29 09:34:56.646688+00:00
V4-W-00003-S2026072901-R6-Q7,10194,0x32364c02b8fe7039133cfe96e6396cd978b96fb3b93190e1aca77355ec6c1625,False,2026-07-29 09:34:56.870532+00:00
V4-W-00009-S2026072902-R6-Q4,10450,0x229a117fcfaeaf9ff5a37f7072fe50eec22831222400de68157218ce1feb4d25,False,2026-07-29 09:34:59.828991+00:00
V4-W-00015-S2026072901-R6-Q1,10215,0x9ffa5adba05b1db2eb9c13c0889fec60b379904bcd5d62ef73cc1400923ac48b,False,2026-07-29 09:35:02.499150+00:00
V4-W-00015-S2026072901-R6-Q6,10320,0x95418c909d255f3484cedbbaf057150df1d4ee46ff9fe67cb815839dbf15b02d,False,2026-07-29 09:35:02.857469+00:00
V4-W-00020-S2026072903-R6-Q3,10571,0xb3227e76b6b3bb7bca5f4f240e9de0c05f4b14d52b69b48731d9bba8c8a973c2,False,2026-07-29 09:35:12.042527+00:00
V4-W-00026-S2026072901-R6-Q3,10292,0x55e1b2a1241d495c89215d63ff515b68500640cf840ac802545c2da6a226e1af,False,2026-07-29 09:35:22.424123+00:00
V4-W-00026-S2026072901-R6-Q0,10474,0xe7ab0e21fc3c54b4e0fac37f5c39eae3a51cfa0b9e00d2514891d7fb21dac5f4,False,2026-07-29 09:35:22.814471+00:00
V4-W-00018-S2026072902-R6-Q1,10395,0xa061c15f208711a97816a5eeec4830da633e285b4e3e8c606d4a6370b6638448,False,2026-07-29 09:35:25.974267+00:00
V4-W-00018-S2026072902-R6-Q6,10436,0x0c1422b0fda794766ab97c179b70b8f283efa2bf89fc08f5072b23bd2d61bc96,False,2026-07-29 09:35:26.339000+00:00
V4-W-00014-S2026072902-R6-Q1,10321,0x99ce8ea135d2320a34281b94cf58034415bb9914af84338ab5944c7da75a153f,False,2026-07-29 09:35:33.701028+00:00
V4-W-00021-S2026072901-R6-Q0,10504,0x516952a7ea95dc255747b18dcff56699e7f6af57625d9ec592777bd2f367a1d5,False,2026-07-29 09:35:43.265968+00:00
V4-W-00021-S2026072901-R6-Q5,10218,0x8caee43de577d5827a927529ad53fe465f9e7c9ac0b8ae87e95c6b3ee95e6b87,False,2026-07-29 09:35:43.625912+00:00
V4-W-00021-S2026072902-R6-Q1,10219,0x15cdfbd403b57fcb8338b1637ec5ffb07695725757a7b3fa6eadcb1c58371a11,False,2026-07-29 09:35:46.827962+00:00
V4-W-00021-S2026072902-R6-Q6,10582,0xbda87554a478f912d5645fd9a26a0edd0627017cc3f81a174a0689c6c8cc60c8,False,2026-07-29 09:35:47.124574+00:00
V4-W-00001-S2026072903-R6-Q3,10223,0x87a02bc5a04929326d8545568346c4bb57c6657c2ddb2dbc2c7d0d859e9c8f3e,False,2026-07-29 09:35:53.884951+00:00
V4-W-00020-S2026072902-R6-Q2,10228,0xe24cedf1d9d8f33cbf9c54c95a81efcd49fb1fe83a9fca9758e7970cf141ca22,False,2026-07-29 09:36:03.428300+00:00
V4-W-00020-S2026072902-R6-Q0,10513,0x52f64f6eb50af42e800644ea74d8c16d302b4947d3be2175cad004df3ac1d499,False,2026-07-29 09:36:03.855859+00:00
V4-W-00023-S2026072902-R6-Q2,10597,0xc9e68340e060fd46725cebf9aa26a25edff9a87a2570e0a64330b7d0adddbbd9,False,2026-07-29 09:36:06.853757+00:00
V4-W-00023-S2026072902-R6-Q7,10229,0xb8e1ac9fe3ff406da43d56162e2bd0e2d5796deb16a7e91774942562ebfaa9fd,False,2026-07-29 09:36:07.101307+00:00
V4-W-00018-S2026072901-R6-Q3,10421,0x0cb364bc8606a998dd87c44e84ffe80dced59a5ff412e75dba178538cbd6770d,False,2026-07-29 09:36:16.536789+00:00
V4-W-00003-S2026072903-R6-Q0,10276,0x12aa65c5f50a3ffd238defca30fee8b852980715ff5841d47b6373c2f5aabe21,False,2026-07-29 09:36:33.079814+00:00
V4-W-00003-S2026072903-R6-Q5,10470,0xb9c4e23a26e44e27c3cd7bbb3e533e280ebdbd2729e747e3e94aaa7c884e9a01,False,2026-07-29 09:36:33.464781+00:00
V4-W-00007-S2026072902-R6-Q3,10245,0x159fd53aa601d1e181fa1e85e8058cd12cd97497c416ed02333cdfbbd991891a,False,2026-07-29 09:36:37.809973+00:00
V4-W-00007-S2026072902-R6-Q6,10547,0x00337af51f6579970229c1fe1d2f4294c39b5dea2e0176e0b7c3f342ee99e592,False,2026-07-29 09:36:38.055342+00:00
V4-W-00002-S2026072901-R6-Q3,10401,0x738347243b5cccfaebdedc9dde19ac43843b45c5f3d88898242f17d1998431de,False,2026-07-29 09:36:41.647008+00:00
V4-W-00014-S2026072901-R6-Q4,10408,0x007a9c97b87326541d1e001d395ace31a4b69b368e70ee15d3fc43fce4fc7f1e,False,2026-07-29 09:36:44.317104+00:00
V4-W-00014-S2026072901-R6-Q6,10248,0x99c85c703836299e1348fb4f47f37703b38f29a572e5bac16acef700db44a878,False,2026-07-29 09:36:44.608971+00:00
V4-W-00025-S2026072903-R6-Q3,10466,0x000303dff4067686fb36e305efca153f79f7168eaea52d80d7cf21efe785abf4,False,2026-07-29 09:36:47.332459+00:00
V4-W-00025-S2026072903-R6-Q5,10250,0x95f0a7a2a5b11242b6ebe53f65b8fa05c9fc646bd1e1406d5fb6841f6b3b35a9,False,2026-07-29 09:36:47.547229+00:00
V4-W-00024-S2026072903-R6-Q4,10333,0xd8452a3b0980b90de3f13b6f6ea9212484608f7f4888f73d99b6ee3dee42d83e,False,2026-07-29 09:36:56.600418+00:00
V4-W-00011-S2026072903-R6-Q0,10363,0xbdb5360abe22629965dbd8292350ba48be23376869db40858ff33a55d7fa9df7,False,2026-07-29 09:37:06.543807+00:00
V4-W-00011-S2026072903-R6-Q7,10473,0x660e950e7be30086f5c036f9652fce9d816c892b554693d95bbf5c101bd73e6a,False,2026-07-29 09:37:06.971950+00:00
V4-W-00016-S2026072903-R6-Q1,10347,0x7c31b3bfe0ca99ca294b6400d96793bc121461c3786f15f4040214a9a95615de,False,2026-07-29 09:37:11.094795+00:00
V4-W-00016-S2026072903-R6-Q7,10262,0x01121d3261d1bf19c88d9f5e8318ae9f807a32faec109c18560e97a5cdc58745,False,2026-07-29 09:37:11.454333+00:00
V4-W-00011-S2026072902-R6-Q7,10462,0x7896755e2c0d2ad866568b2a3e43bafb3d1d5da7846bd747e81a71bb8afdbbfc,False,2026-07-29 09:37:15.372703+00:00
V4-W-00025-S2026072901-R6-Q2,10265,0xf816f6d40336594d90cd819b5cd4269745b70a56f2b660bde181d1926c966579,False,2026-07-29 09:37:18.916608+00:00
V4-W-00025-S2026072901-R6-Q5,10266,0x844b5a54ec5b0ed3712500968699688fd67d101d132484a0e46db79b6f77408f,False,2026-07-29 09:37:19.299912+00:00
V4-W-00013-S2026072901-R6-Q2,10431,0x0c955e7f444c674e5e3e2270fb411c1893ccf2bf7ad971c96121f7bb9cb72d26,False,2026-07-29 09:37:23.241847+00:00
V4-W-00013-S2026072901-R6-Q7,10615,0xb5cfeb670c2a49618fb696f93a9b8cb778ccd3d82b5ae5aff37319cd8c67294a,False,2026-07-29 09:37:23.599614+00:00
V4-W-00024-S2026072901-R6-Q4,10324,0x4a12967772e2523673c4f996b016eb909e826d7dc61d41032422fefd4782b130,False,2026-07-29 09:37:33.296521+00:00
V4-W-00005-S2026072903-R6-Q6,10282,0xeb5f38e1052df1071b4228ad23a21dd077bc66ac3107dc37cde7a44c09bd4e55,False,2026-07-29 09:37:52.308084+00:00
V4-W-00005-S2026072903-R6-Q7,10592,0x1b169b1de339d48ad9254ad843be5c02ecbf5a965e521c5188fbd2f5bccaa8a9,False,2026-07-29 09:37:52.567989+00:00
V4-W-00022-S2026072901-R6-Q4,10286,0xfc9fda0031d344ecec64d4d7dd70d40d128a130fce6debe208d5c9bb9b2227b8,False,2026-07-29 09:38:00.891853+00:00
V4-W-00022-S2026072901-R6-Q6,10620,0x4a72598947bd0d89590cc7295f7428fb3b5aabf17123cc36f422f80c2628f730,False,2026-07-29 09:38:01.213038+00:00
V4-W-00014-S2026072903-R6-Q6,10419,0x0374dd6e59e373e8297413b282ec667d34ec0b5536589d3b2497a363875ebc7d,False,2026-07-29 09:38:04.515251+00:00
V4-W-00007-S2026072901-R6-Q0,10413,0x41cdce2259b58b3d80a8748c1b16508f7d054ef29401dac89900e8492534374f,False,2026-07-29 09:38:15.136053+00:00
V4-W-00007-S2026072901-R6-Q6,10413,0x41cdce2259b58b3d80a8748c1b16508f7d054ef29401dac89900e8492534374f,False,2026-07-29 09:38:15.527406+00:00
V4-W-00005-S2026072902-R6-Q1,10304,0xe1f3442b29eefc0b98964168b29f0e9656c28ffa88487ea1812302fe02999b9e,False,2026-07-29 09:38:36.522158+00:00
V4-W-00005-S2026072902-R6-Q6,10566,0xd8401737aa4a28b5f7944d009819949455d4d789579f7e4d5f382d03178e8d23,False,2026-07-29 09:38:36.710597+00:00
V4-W-00002-S2026072902-R6-Q6,10309,0x3598f8b38c2149885a6d104ad9c929d8441221f961739b6c4d438a18ab7462bf,False,2026-07-29 09:38:46.291935+00:00
V4-W-00013-S2026072902-R6-Q0,10310,0xf97d3f5910da0800fb417a8f717236c3370119a74a18f6b97ec1746ef110ebf7,False,2026-07-29 09:38:48.933307+00:00
V4-W-00013-S2026072902-R6-Q7,10406,0x279b94be707d89a1998d234c62624f4f6f27a128155afcc475565e1aa08a6044,False,2026-07-29 09:38:49.220735+00:00
V4-W-00019-S2026072903-R6-Q0,10541,0x1957992c4d823f582930566557227ab1429614500095628c8e4ae7a63287e08f,False,2026-07-29 09:38:51.958004+00:00
V4-W-00024-S2026072902-R6-Q0,10441,0x40c59e28d6631007804966b9fcc57435df14a42edd76ef9394f0ed2e52e1c5f5,False,2026-07-29 09:38:54.569524+00:00
V4-W-00024-S2026072902-R6-Q4,10441,0x40c59e28d6631007804966b9fcc57435df14a42edd76ef9394f0ed2e52e1c5f5,False,2026-07-29 09:38:54.768897+00:00
V4-W-00020-S2026072901-R6-Q4,10392,0x004dd388df11b6ba7b5c37881920d865c10d3e97066cecd2de60e45352d85649,False,2026-07-29 09:39:22.373379+00:00
V4-W-00020-S2026072901-R6-Q2,10502,0x4721ff5da54a143d825333b1b9989346f3ac71d20f092023a44ce9888ab8228b,False,2026-07-29 09:39:22.565089+00:00
V4-W-00026-S2026072903-R6-Q4,10330,0x93411bc18875a9a06896abf450fc7998a5dce44925b0556ff1884dbc8ceb39ed,False,2026-07-29 09:39:28.430936+00:00
V4-W-00006-S2026072902-R6-Q0,10336,0xe253143dd9de99ab9d04e14d2001cc9e6b5ff6c50d3467f75e9218e7f9af3ad7,False,2026-07-29 09:39:40.294271+00:00
V4-W-00006-S2026072902-R6-Q5,10443,0x94be4a11a48773dae5c84f3928bf82b5efb805df5beea22ab35c1752c2e70658,False,2026-07-29 09:39:40.591611+00:00
V4-W-00019-S2026072902-R6-Q1,10348,0x6f647fb05a3faad5747c5cf3f0478b3927b39940e4e1c49952995c5261a4fbc8,False,2026-07-29 09:40:04.983224+00:00
V4-W-00019-S2026072902-R6-Q7,10465,0xe8d48dfb0f469c4c640198b456eadf364565f4f885aa336aec4f20dfc575e15f,False,2026-07-29 09:40:05.233319+00:00
V4-W-00012-S2026072903-R6-Q3,10563,0xcc7f58ba34e8252d40e0b57ffb138b12f6aec7b4e8e41c6b41a5f2d0a40eb04d,False,2026-07-29 09:40:20.259874+00:00
V4-W-00005-S2026072901-R6-Q0,10485,0xa2d2951628dd460c2420068fa7ecdf2da0a801e901c35f98f65ff69648ca8532,False,2026-07-29 09:40:22.905128+00:00
V4-W-00005-S2026072901-R6-Q7,10485,0xa2d2951628dd460c2420068fa7ecdf2da0a801e901c35f98f65ff69648ca8532,False,2026-07-29 09:40:23.102793+00:00
V4-W-00011-S2026072901-R6-Q4,10403,0x5389e287ec79148fd006921cd8b7c420bb7e0dfbf3859c56491cdc6d9aaed626,False,2026-07-29 09:40:28.653084+00:00
V4-W-00011-S2026072901-R6-Q1,10403,0x5389e287ec79148fd006921cd8b7c420bb7e0dfbf3859c56491cdc6d9aaed626,False,2026-07-29 09:40:28.819269+00:00
V4-W-00010-S2026072901-R6-Q0,10409,0xfb5ead3cfb62616a7f47b7b9396f33e582c11cdb38875f2f70bee9bbe979c9b4,False,2026-07-29 09:40:36.568054+00:00
V4-W-00003-S2026072902-R6-Q0,10365,0xaf51e5f03943e15d224f59f9c2d4847330b155d3e52f3ab72cecbdda7b175d8d,False,2026-07-29 09:40:39.037163+00:00
V4-W-00003-S2026072902-R6-Q5,10477,0x1bed2abe3877a85beed36b336f5969572e9567b9a23eb9ce8b8b69f29774a324,False,2026-07-29 09:40:39.304627+00:00
V4-W-00010-S2026072902-R6-Q0,10536,0xdbaeca8c6f52a0551a79d99754bfcd3a067ea30fe8c1e239284893cf5b0d6c37,False,2026-07-29 09:40:41.755866+00:00
V4-W-00010-S2026072902-R6-Q7,10430,0xa173bc39485068166304a17533dd35887482351d86752ac4a1348a96fb17ece3,False,2026-07-29 09:40:42.007581+00:00
V4-W-00006-S2026072901-R6-Q3,10595,0xde5633a6b4dca956a10d4ae90d68abd5bd2fd9799061179fc68e0a1b375b4cf7,False,2026-07-29 09:41:05.600859+00:00
V4-W-00022-S2026072903-R6-Q1,10423,0x19c62c28a83cf2ce26d60f606d3fe9de5f6787b320edb442373b0b1787f2f027,False,2026-07-29 09:42:33.619523+00:00
V4-W-00022-S2026072903-R6-Q5,10518,0x61923f666a9f15ec2c99cacf704fb4fcc90f899a67b22c30d920e0dc69dea1c1,False,2026-07-29 09:42:33.859660+00:00
V4-W-00004-S2026072903-R6-Q0,10491,0xaf8dc9c67c63f760cf2fd50cbc39bae9d50278b4bb81be75932991a6096b2906,False,2026-07-29 09:42:36.346754+00:00
V4-W-00004-S2026072903-R6-Q6,10424,0xd3a2ace832b4650dd158c993bfe825fe99620f3b4496966f85e3d23a06fd0562,False,2026-07-29 09:42:36.601028+00:00
V4-W-00000-S2026072903-R6-Q4,10558,0x08c8f7eb3439f2baddf52e76d604a4012355163c16c7ac6d02fac8198b5d7b48,False,2026-07-29 09:43:03.281410+00:00
V4-W-00009-S2026072901-R6-Q0,10519,0xb7cb8b5ebb2edc8e04aab1b2b7649aecb0aec6d7b8caff9846c98342af82d46e,False,2026-07-29 09:44:02.347429+00:00
V4-W-00009-S2026072901-R6-Q5,10467,0xb3d575fc56b3a822898dafd1fb09550722c561966758c480ce5dcf90fb70634a,False,2026-07-29 09:44:02.591431+00:00
V4-W-00020-S2026072902-R7-Q2,10915,0xde80fb1f4c6c85361dab8d52a7ab7f10e0418d559d939ee3e68ca82be65cdaee,False,2026-07-29 09:49:16.805288+00:00
V4-W-00020-S2026072902-R7-Q5,10915,0xde80fb1f4c6c85361dab8d52a7ab7f10e0418d559d939ee3e68ca82be65cdaee,False,2026-07-29 09:49:16.915509+00:00
V4-W-00022-S2026072903-R7-Q6,10691,0x58ff5ebe31d99df3dee0f43d82c12954401d54e30b9c3273524b264785c1ea14,False,2026-07-29 09:49:19.872604+00:00
V4-W-00010-S2026072902-R7-Q1,10664,0x53d112cb505c04431a2bbe219fcdf6bd3798210d1ef0da75135e1654c74a2fd4,False,2026-07-29 09:49:22.482394+00:00
V4-W-00010-S2026072902-R7-Q7,10664,0x53d112cb505c04431a2bbe219fcdf6bd3798210d1ef0da75135e1654c74a2fd4,False,2026-07-29 09:49:22.668966+00:00
V4-W-00016-S2026072902-R7-Q4,10755,0xdddc6c584f8cd23508b16295ec777e2a206e3ef9621bf91737c6c0f38be96e68,False,2026-07-29 09:49:25.125391+00:00
V4-W-00016-S2026072902-R7-Q7,10782,0x647ae1ef42dfe884cc802e99d36602b82c4a6555579bbe7a63f1a511658172ff,False,2026-07-29 09:49:25.381386+00:00
V4-W-00013-S2026072902-R7-Q4,10992,0x1b27da4146a10965d3c33d7744f7649616729e2e3c018f1c98245c7d7624157b,False,2026-07-29 09:49:27.848519+00:00
V4-W-00014-S2026072901-R7-Q0,10631,0x355924e735e9d3207bb5e762d471c0430181f0168bf57402561968b8e8c0f821,False,2026-07-29 09:49:30.492289+00:00
V4-W-00014-S2026072901-R7-Q4,10988,0x766b4b6c685901ed1ae7ee869ca427eaa8cd72861675f8dec1057300bc1e89bb,False,2026-07-29 09:49:30.611860+00:00
V4-W-00000-S2026072901-R7-Q2,10924,0x6599dae45de9dc2fb1c5f46d1c0fbdfb2f8bda12a7872ed82b7998a4cfc2d022,False,2026-07-29 09:49:32.989847+00:00
V4-W-00000-S2026072901-R7-Q7,10799,0xf238c86891a81e6f46a9040b6cd569a8dbb89f8514daa6fce5f22a2e61cae50f,False,2026-07-29 09:49:33.246125+00:00
V4-W-00011-S2026072902-R7-Q4,10654,0x7b2032187440951e7c191df9aadbff58d8f4580237a435719b647ee3c44a448f,False,2026-07-29 09:49:35.582927+00:00
V4-W-00026-S2026072903-R7-Q0,10909,0xd92f0145a41bc31c0e9591cb9d89a7b16b029fb204285d494d21deaebd13fc22,False,2026-07-29 09:49:38.032436+00:00
V4-W-00026-S2026072903-R7-Q7,10739,0xe5e39d51ac26c2c978bea6d09240c1d7d874584565206dde6ba755c16eac25c4,False,2026-07-29 09:49:38.246027+00:00
V4-W-00004-S2026072903-R7-Q5,10961,0xed6d524991c85a4465d4a6239e0355685e814306df682caa0b736f80073a1813,False,2026-07-29 09:49:40.545916+00:00
V4-W-00004-S2026072903-R7-Q7,10961,0xed6d524991c85a4465d4a6239e0355685e814306df682caa0b736f80073a1813,False,2026-07-29 09:49:40.699475+00:00
V4-W-00002-S2026072901-R7-Q5,10921,0xf2bac91d749c4935d6cfff3920d4321607ffb54014bdb7a555fe4400a89d9475,False,2026-07-29 09:49:43.173084+00:00
V4-W-00013-S2026072903-R7-Q0,10972,0xe1b618c306061290f6dd9cbbd903ca47f405178b0dc5b949d23f348551e965ed,False,2026-07-29 09:49:45.567580+00:00
V4-W-00013-S2026072903-R7-Q6,10931,0x4cb64dfd86b4189245a45334f0ef05a481fe67c5bc0f96cff08c1c07c9eaa7aa,False,2026-07-29 09:49:45.834714+00:00
V4-W-00008-S2026072902-R7-Q7,10948,0x93d233cb51637d2f54cca38618ee6853b0b71b14660764bac0edfe54e0ca8838,False,2026-07-29 09:49:48.151827+00:00
V4-W-00007-S2026072901-R7-Q2,10736,0xd952574f8b0bddb527658b21a88052121bdb9580b6d38b21852e6675c2d1e887,False,2026-07-29 09:49:50.401591+00:00
V4-W-00007-S2026072901-R7-Q0,10641,0x325473c4f901912b1135ca3a1ed4a24483937f3354941694f8c948006de31d6b,False,2026-07-29 09:49:50.561626+00:00
V4-W-00021-S2026072903-R7-Q1,10658,0x0eb11f2f634d98b46bba1c87dd0512a31ddadf6dd2990c335d79bf0c6d03897f,False,2026-07-29 09:49:52.906605+00:00
V4-W-00021-S2026072903-R7-Q6,10843,0x41dc8a267fb0150767b1560954c7f26252f2c7548b2e6326f0c337fb3415fa0c,False,2026-07-29 09:49:53.163224+00:00
V4-W-00025-S2026072903-R7-Q3,10752,0x49429b27011ef7ec8583e3f049434a0844f4e1ec97aeecd173a5ea33a142f0e2,False,2026-07-29 09:49:55.535508+00:00
V4-W-00012-S2026072902-R7-Q0,10704,0x7f2dbe581ab88ce15572de85c3f90d007ec1fb06f14358701d04803c2125c8d8,False,2026-07-29 09:49:57.945942+00:00
V4-W-00012-S2026072902-R7-Q5,10645,0xd3b49978e05bed41fbbb3180bf768e1f5267375d045c836e22f7e82736500ba8,False,2026-07-29 09:49:58.180748+00:00
V4-W-00014-S2026072902-R7-Q0,10703,0x3f0043076b28bb9b886b3a0b99992b935adcac938f3b679fb9e6eac82fa0f95d,False,2026-07-29 09:50:00.553896+00:00
V4-W-00014-S2026072902-R7-Q7,10802,0x2684c7ded2db9f9213819ab3f5ae5b71b065d8093db45cf037f38f8fe12c7dd6,False,2026-07-29 09:50:00.779010+00:00
V4-W-00023-S2026072902-R7-Q4,10734,0x36cec8c83debbb6235809f9f508c607f280721cfa4425b12b0cebecd4b1f22cf,False,2026-07-29 09:50:03.210148+00:00
V4-W-00006-S2026072902-R7-Q0,10649,0x4e925cf08316c19d2f7abfde98d96c926b980c27691506da2a7e341fa616fb5c,False,2026-07-29 09:50:05.439324+00:00
V4-W-00006-S2026072902-R7-Q5,10903,0x2fc22b04381a6a40d9be43613aab7818bc6c9f0d3c05b9645a735e1e5dcc2fd7,False,2026-07-29 09:50:05.679510+00:00
V4-W-00003-S2026072902-R7-Q2,10856,0x88c863e0249b51662989a1e58f5f120c846c29407b8cfdfb2aed2a355a6fc6ff,False,2026-07-29 09:50:08.088216+00:00
V4-W-00003-S2026072902-R7-Q6,10856,0x88c863e0249b51662989a1e58f5f120c846c29407b8cfdfb2aed2a355a6fc6ff,False,2026-07-29 09:50:08.290508+00:00
V4-W-00014-S2026072903-R7-Q3,10962,0x79144ebd9601fc164bf1a7d1f923c044b71e2687f8ccfa792789d191c76b5e16,False,2026-07-29 09:50:10.780526+00:00
V4-W-00005-S2026072902-R7-Q1,10687,0x01068e0dd21f09c87527f663e8d1a7c0f080e70fea92b370bf7beffe514babe3,False,2026-07-29 09:50:13.061817+00:00
V4-W-00005-S2026072902-R7-Q3,10795,0xc77274ba154712523a117b281cfa8cec7edb9c1324a9a1b2d7ac44c22b2eb8a1,False,2026-07-29 09:50:13.407919+00:00
V4-W-00018-S2026072903-R7-Q2,10861,0x8ce3e7ceb02e601cc164dfa7a8e2a855d88aeda7608e6e2bb96e4cfd94fe6e87,False,2026-07-29 09:50:18.207702+00:00
V4-W-00018-S2026072903-R7-Q7,10655,0x5cbaf5413b9df17c5ee3e112f8de51d8140e9a56112fdf5547f238ff83c5a57b,False,2026-07-29 09:50:18.445147+00:00
V4-W-00003-S2026072901-R7-Q3,10767,0xc4322b93b98bcf2d652be6da0267eb5a17b6df86318497a79db5004729371b40,False,2026-07-29 09:50:20.730088+00:00
V4-W-00025-S2026072902-R7-Q0,10659,0x308e52759daeaf4b868a8c8b4672ee289ff157a181e214dfcaa6c18d98445c8f,False,2026-07-29 09:50:25.732592+00:00
V4-W-00025-S2026072902-R7-Q7,10689,0x0c8da32acba0a4b1baf29b16131fcbd0a31993923cc38f0341929e15bf5a5aca,False,2026-07-29 09:50:25.950056+00:00
V4-W-00015-S2026072902-R7-Q2,10660,0xa16279aaf0d892a9eef6a536ceb90621b1ff6581e61b290d7bf2a6a01d31e157,False,2026-07-29 09:50:28.272258+00:00
V4-W-00015-S2026072902-R7-Q7,10814,0xb87eeac0b55b72bf425e4bc18e565c6b010bd789d334edcc8e0aab07aa825484,False,2026-07-29 09:50:28.515962+00:00
V4-W-00022-S2026072901-R7-Q7,10686,0xeec6dc53922d69f1e1f24a76d6c39805ae2654e30ec9db38edaaf01149ea3ce4,False,2026-07-29 09:50:33.475195+00:00
V4-W-00001-S2026072901-R7-Q0,10665,0x081c44b87afba86054a59c90daf6f55c1e227d5b45282bf149ab0a2df2ea0f58,False,2026-07-29 09:50:38.227729+00:00
V4-W-00001-S2026072901-R7-Q5,10837,0x8be00be0bae2501aa76aea67ad54fd839f7bc43afebc8ee00a791da4527eb434,False,2026-07-29 09:50:38.536597+00:00
V4-W-00000-S2026072903-R7-Q2,10764,0x9c32d78009136b19d2bdaf66151c49967bfabe877f43afc6e17d630fd2cec371,False,2026-07-29 09:50:40.808092+00:00
V4-W-00000-S2026072903-R7-Q7,10783,0x0cad54aa85e1864230dc9957e1d0a86c0aeb664384eafdb77317866e7a63dc48,False,2026-07-29 09:50:41.159778+00:00
V4-W-00020-S2026072901-R7-Q4,10771,0x3acc2115cbbad182cfb0dba5ab67ad694307fb3794d473b02444c9d6b638504c,False,2026-07-29 09:50:43.534720+00:00
V4-W-00019-S2026072901-R7-Q1,10929,0x7597a7573cc2bbcca9ae2dbd170d4dec00f7ba8e1f172743e9eab4b7d83f1463,False,2026-07-29 09:50:45.906020+00:00
V4-W-00019-S2026072901-R7-Q6,10811,0xf66557a192bc1f028a0ebbf249bbee584a79c3bdee2500102e2b0331c19596f3,False,2026-07-29 09:50:46.083005+00:00
V4-W-00000-S2026072902-R7-Q2,10979,0xc20214fef40f44c8f4cae57f9b810dd1f7a08459675f5a35730f8ecf04418aa1,False,2026-07-29 09:50:48.363158+00:00
V4-W-00000-S2026072902-R7-Q7,10979,0xc20214fef40f44c8f4cae57f9b810dd1f7a08459675f5a35730f8ecf04418aa1,False,2026-07-29 09:50:48.605853+00:00
V4-W-00009-S2026072903-R7-Q4,10763,0x0f6be26bd95d591e9216d0487736db0ea4183926d3a2a606b2610a3edc176ee9,False,2026-07-29 09:50:50.877975+00:00
V4-W-00022-S2026072902-R7-Q0,10758,0xe16b489d51b6ec6c11f5bbfa4f5b1b966674fd5068d875b82d92b04ced55054f,False,2026-07-29 09:50:55.741151+00:00
V4-W-00022-S2026072902-R7-Q5,11005,0x38d8705afd3db443a40c5b5a156532e96f9ab16f0871719e9dc79144bebb7fbd,False,2026-07-29 09:50:55.962510+00:00
V4-W-00025-S2026072901-R7-Q2,10991,0xb1ba685e3c8f5e5dd2d0305f66022f9fded556a0569d41d8966c61186b38f6b3,False,2026-07-29 09:50:58.165073+00:00
V4-W-00025-S2026072901-R7-Q6,10991,0xb1ba685e3c8f5e5dd2d0305f66022f9fded556a0569d41d8966c61186b38f6b3,False,2026-07-29 09:50:58.398404+00:00
V4-W-00008-S2026072901-R7-Q7,10707,0x44c550c92ad4c8bccfb98ad11f4078711539ad9201136774c552c0ffabd0790b,False,2026-07-29 09:51:00.726871+00:00
V4-W-00009-S2026072901-R7-Q1,10677,0x249885964dd152a6f3a6c9dafec1482c463e752107da1f9c8edaae6fc9b61f14,False,2026-07-29 09:51:02.957542+00:00
V4-W-00009-S2026072901-R7-Q6,11008,0xdef7235ec650221256db74c6e6de6da792c9579564083e96a73d2bef14f06290,False,2026-07-29 09:51:03.260154+00:00
V4-W-00001-S2026072903-R7-Q3,10867,0x9cd3aabbccd861b4db690f7c3ed992a7bfd7f8dde7026dcbf7f82bd2a9213c80,False,2026-07-29 09:51:05.611929+00:00
V4-W-00001-S2026072903-R7-Q4,10679,0x4c930c2d488c51afe43710f69ef3dbd73e8520198b8afde9c9574e41ceaa728d,False,2026-07-29 09:51:05.801498+00:00
V4-W-00024-S2026072902-R7-Q4,10733,0x3054f9be2fa9041d8281c81942c1a92b601e98e93b8b2e1327d4f20d367fe9d2,False,2026-07-29 09:51:08.064325+00:00
V4-W-00018-S2026072901-R7-Q1,10696,0x9c3f42ef845b73683ee75b911a0a6991fe982b9350ad9375b237ba7c8d9d1d24,False,2026-07-29 09:51:10.302007+00:00
V4-W-00018-S2026072901-R7-Q6,10887,0x77cc20e9f31d993fdeba1e09c77d7bae11f15ec70038dc79703d5cd8ed6de12f,False,2026-07-29 09:51:10.546521+00:00
V4-W-00016-S2026072903-R7-Q3,10808,0x4e052e018961bd978006e411ad672d9366235703519067cff6a9140858b8d0ef,False,2026-07-29 09:51:17.660523+00:00
V4-W-00023-S2026072901-R7-Q5,10692,0xb701271b8ad4fb1b1f28f69cbc55144fa2d4454e015e0f34ab58e1a27fbdbbaa,False,2026-07-29 09:51:32.114736+00:00
V4-W-00023-S2026072901-R7-Q3,10974,0x3052700118a394a25070cb9f7ba434d33aff2d39dc57297031b5600e4fcaee9f,False,2026-07-29 09:51:32.194389+00:00
V4-W-00012-S2026072903-R7-Q1,10693,0x4910273ce4fbf55abac1ced84ca30c00f4f9c299ca07a62a7d4debfbd1b01766,False,2026-07-29 09:51:34.360064+00:00
V4-W-00012-S2026072903-R7-Q6,10693,0x4910273ce4fbf55abac1ced84ca30c00f4f9c299ca07a62a7d4debfbd1b01766,False,2026-07-29 09:51:34.613808+00:00
V4-W-00015-S2026072901-R7-Q3,10698,0x9b96cb806af30321150d8a31911e0c9ee69f9e1c9c087fcde9d530dd01caae87,False,2026-07-29 09:51:36.863506+00:00
V4-W-00009-S2026072902-R7-Q0,10927,0x67e57f4703fc5b2fd5661b98f610046009a3a34fdf60bf0cbc95f9b2eba346ad,False,2026-07-29 09:51:49.268035+00:00
V4-W-00009-S2026072902-R7-Q5,10928,0x7e376cfcdc0c382c58257b3ac388ea633d75e5e86872fb6c115965d91d04000e,False,2026-07-29 09:51:49.526454+00:00
V4-W-00013-S2026072901-R7-Q3,10702,0x29ce10c360b8d0636ff1b5ce1ffc86080aac7896bda1e7c0145371f5dd794c0c,False,2026-07-29 09:51:51.837641+00:00
V4-W-00013-S2026072901-R7-Q6,10716,0x0741fd129d4bced2212a0ae42462544fdb90a61ef67a008fba465203fdc09acc,False,2026-07-29 09:51:52.119083+00:00
V4-W-00008-S2026072903-R7-Q1,10706,0x53a0267c4cb7e371700657e6a4df5b644754ad0af01fb9524f76f7d1f5a61e68,False,2026-07-29 09:51:59.489059+00:00
V4-W-00019-S2026072902-R7-Q2,10821,0x116fd653eae023a69177d20ccaf213b6aa975021d2c605a3ea090a3c8a84ac92,False,2026-07-29 09:52:04.857108+00:00
V4-W-00019-S2026072902-R7-Q4,10709,0xc8e5d7046588f8209bbfcaf7f0356f8730cb22a761c52aea085ab6198a5894e1,False,2026-07-29 09:52:05.225509+00:00
V4-W-00026-S2026072901-R7-Q0,10831,0x351bde53f475bec4ef4853e7bf4735698aa7b35ac0ab8f4c31e4416e7399dec3,False,2026-07-29 09:52:07.760947+00:00
V4-W-00026-S2026072901-R7-Q6,10827,0x29a33c84c172675efc73510974ae391932bf4a83e049dbeb537e79349ef4d1f6,False,2026-07-29 09:52:07.868910+00:00
V4-W-00004-S2026072902-R7-Q3,10721,0x35eebc1712e1a2c8a78ca6fd7cf613288110aa27c56e4fcddb334d14e9c48512,False,2026-07-29 09:52:10.206152+00:00
V4-W-00001-S2026072902-R7-Q0,10797,0xeb6f796b78cd0805bb977696ebd5670b5684bbc274b54aae037ee87ce6c7b47d,False,2026-07-29 09:52:12.585453+00:00
V4-W-00001-S2026072902-R7-Q5,11017,0x6e051a32225c2c21075d3ad5dd5a44ff603dd5546fb95581086f1432eb262b09,False,2026-07-29 09:52:12.848887+00:00
V4-W-00005-S2026072903-R7-Q6,10714,0xe99fb627d0c504ba9396be96ecc26dc5263e83b68ba345097598fedb681e3e12,False,2026-07-29 09:52:15.256566+00:00
V4-W-00005-S2026072903-R7-Q4,10967,0xc44da08507d7647e1737fcfca5352b3cf22a89eb6c0384278c3687e2f9e03e39,False,2026-07-29 09:52:15.519834+00:00
V4-W-00019-S2026072903-R7-Q0,10868,0xa0ee779957f90683ca147446bf005f1c852c4b8e3f8e2f0653b9c82f1385274b,False,2026-07-29 09:52:22.819175+00:00
V4-W-00010-S2026072901-R7-Q0,10776,0x3c459a925327d50bb28de7ffb6912e34e15b668768c504a543287177d0bfdae0,False,2026-07-29 09:52:25.253557+00:00
V4-W-00010-S2026072901-R7-Q5,10944,0x8e09a77337aba0eb5cd8dee307579c168ffd41f6f78cf5915f2c7b5472cfa9df,False,2026-07-29 09:52:25.524484+00:00
V4-W-00015-S2026072903-R7-Q2,10787,0x9937952ede90627bba5a10face1237adc8f4ae734bca4510f2153a1bff235aa0,False,2026-07-29 09:52:27.807509+00:00
V4-W-00015-S2026072903-R7-Q7,10720,0x1dc4c7ee417d8da4351d0a616b6a0db33d5355603fe30af078193b21a9cd3498,False,2026-07-29 09:52:28.039576+00:00
V4-W-00002-S2026072902-R7-Q3,10723,0xa0cde56e40d897c870627a593d2c3b11c670adfa59a2fb38d6430db4d0010d43,False,2026-07-29 09:52:33.213315+00:00
V4-W-00018-S2026072902-R7-Q0,10725,0x2b63cb9dbcc33388b1f6486e18b4150ab6f23b420fadeac8436aea6804d26e5b,False,2026-07-29 09:52:37.924481+00:00
V4-W-00018-S2026072902-R7-Q5,10725,0x2b63cb9dbcc33388b1f6486e18b4150ab6f23b420fadeac8436aea6804d26e5b,False,2026-07-29 09:52:38.162119+00:00
V4-W-00006-S2026072903-R7-Q2,10731,0xb5c676e17359040f0218d6ad0ba54b3c6d43c480ce8e221cfdf01ab5acab843b,False,2026-07-29 09:52:50.614458+00:00
V4-W-00006-S2026072903-R7-Q7,10731,0xb5c676e17359040f0218d6ad0ba54b3c6d43c480ce8e221cfdf01ab5acab843b,False,2026-07-29 09:52:50.856329+00:00
V4-W-00017-S2026072902-R7-Q6,10760,0xaebb5a354dfc376f6817185d1f5525907f9d09fe8a3a82090391543a5a81ebc1,False,2026-07-29 09:53:11.102120+00:00
V4-W-00024-S2026072903-R7-Q1,10845,0x4d226db3b01df9731ffad1dbfbb9425ae625c7d1259a8a57e352f423967613c6,False,2026-07-29 09:53:13.294535+00:00
V4-W-00024-S2026072903-R7-Q5,10845,0x4d226db3b01df9731ffad1dbfbb9425ae625c7d1259a8a57e352f423967613c6,False,2026-07-29 09:53:13.495022+00:00
V4-W-00016-S2026072901-R7-Q2,10975,0xb6e574cea92764afecd7fc40287eb33042f6aa8ce38fdbe788e4d1c83bd3eb79,False,2026-07-29 09:53:15.724743+00:00
V4-W-00016-S2026072901-R7-Q5,10744,0xcc57c90f2357ba8413c88357a0e2c8be71431ab94b62717bf6ba158806beefcf,False,2026-07-29 09:53:15.929055+00:00
V4-W-00021-S2026072901-R7-Q4,10745,0x0a2281990b08b937a18a5fd193c929bb719b36d2a57475d87001df79a6f6dcb0,False,2026-07-29 09:53:18.149641+00:00
V4-W-00007-S2026072903-R7-Q1,10968,0x3ca76fdaa8fa644a1afae78e0bcb5b0f637815b06081f936d940af4e8e0f55c8,False,2026-07-29 09:53:25.172279+00:00
V4-W-00007-S2026072903-R7-Q7,10968,0x3ca76fdaa8fa644a1afae78e0bcb5b0f637815b06081f936d940af4e8e0f55c8,False,2026-07-29 09:53:25.443651+00:00
V4-W-00007-S2026072902-R7-Q1,10774,0x6b1bbb108d481e6107c0a0029e3a93995314946ff8d2847a0181ada1f5288f1e,False,2026-07-29 09:53:27.568303+00:00
V4-W-00007-S2026072902-R7-Q7,10774,0x6b1bbb108d481e6107c0a0029e3a93995314946ff8d2847a0181ada1f5288f1e,False,2026-07-29 09:53:27.789303+00:00
V4-W-00017-S2026072903-R7-Q3,10840,0x2d2509521e6ac97ab05f472897c490d8d2a9b2571e5fdabf2159e9f627c4720e,False,2026-07-29 09:53:30.030693+00:00
V4-W-00011-S2026072903-R7-Q5,10753,0x5b86a2aba0bfcbcb4c557905d773dbaab374a32b69674a3b2ba8b8b02d54a6a6,False,2026-07-29 09:53:34.872524+00:00
V4-W-00011-S2026072903-R7-Q7,10945,0xf2409375b7a96af039beffa6325b0833c619f08f6ea1f0c1269138c690a5dbc7,False,2026-07-29 09:53:35.029094+00:00
V4-W-00010-S2026072903-R7-Q3,10762,0xefa4e33cb07110f13cab3367772aafebdab49639fac2f6fd508894d41750ae2d,False,2026-07-29 09:53:46.521262+00:00
V4-W-00010-S2026072903-R7-Q7,10759,0xf83155d0dfc309ac0f203fe48dfdc39a6da7946316b8f699ff85bcede4e699bf,False,2026-07-29 09:53:46.732986+00:00
V4-W-00011-S2026072901-R7-Q2,10820,0x9b2d45b2f099c628843b5b7e7e269d62fb33c40d7599c5fbd9dad7eec4e3bd85,False,2026-07-29 09:53:58.838611+00:00
V4-W-00004-S2026072901-R7-Q3,10784,0x24377f62e12ee8cf6031ccc48a9862cdb040376a4f40290a3a8865bffd5783b2,False,2026-07-29 09:54:36.737416+00:00
V4-W-00004-S2026072901-R7-Q5,11010,0x9b2f06eb97e5f784c65d9717dec7e6118ee020d0b3246c6d19ab81b28603180d,False,2026-07-29 09:54:36.959646+00:00
V4-W-00026-S2026072902-R7-Q3,10826,0x606679e629506583aaac9bb974ed1d6facc5a4cdf35f658da368682a8ecbdc7d,False,2026-07-29 09:54:39.289965+00:00
V4-W-00017-S2026072901-R7-Q1,10788,0xd9caf23193051a89d543ae8ffb480ae0acadd2221de8619c516a2ed9fcbfa4a2,False,2026-07-29 09:54:43.814809+00:00
V4-W-00017-S2026072901-R7-Q3,10788,0xd9caf23193051a89d543ae8ffb480ae0acadd2221de8619c516a2ed9fcbfa4a2,False,2026-07-29 09:54:44.042133+00:00
V4-W-00012-S2026072901-R7-Q1,10846,0x6e8ebd65b09687b5989bd35b167320d942c93b3b1e8b9ba4a2284edd36bab0fa,False,2026-07-29 09:55:00.366647+00:00
V4-W-00012-S2026072901-R7-Q6,10871,0xa54764a4b685b58f6f10da8afab183a35291a0199d138bb417e03a7ddc669778,False,2026-07-29 09:55:00.625948+00:00
V4-W-00002-S2026072903-R7-Q0,10805,0xd3f636cdec86841287ab534ca005a5728d5a350b8c59282fbd14510926771a2e,False,2026-07-29 09:55:17.319914+00:00
V4-W-00020-S2026072903-R7-Q1,10938,0x09778e20810a4b494a339b24b98fa9fc1eba16608d873deb9af7fd6c8f4e06c2,False,2026-07-29 09:55:19.541118+00:00
V4-W-00020-S2026072903-R7-Q3,10938,0x09778e20810a4b494a339b24b98fa9fc1eba16608d873deb9af7fd6c8f4e06c2,False,2026-07-29 09:55:19.889880+00:00
V4-W-00003-S2026072903-R7-Q1,10825,0x7633ac4d397ce51e7674b744a427622eec0a95991f0ba369f58c4f618caf07ba,False,2026-07-29 09:55:57.714737+00:00
V4-W-00003-S2026072903-R7-Q6,10825,0x7633ac4d397ce51e7674b744a427622eec0a95991f0ba369f58c4f618caf07ba,False,2026-07-29 09:55:57.966402+00:00
V4-W-00005-S2026072901-R7-Q4,10851,0x41f66f2819a34c364aaa98bbc42fb4c39156ada87027dcaa3db3fc75974c6fa8,False,2026-07-29 09:56:50.667754+00:00
V4-W-00021-S2026072902-R7-Q0,10907,0x3eb1b15d452a80cfd7e8db39cd6f3f7553b433715568e1e910e7f3142d14bb06,False,2026-07-29 09:56:52.753435+00:00
V4-W-00021-S2026072902-R7-Q5,10852,0xca62e8f05e3e83154940712c45663dc0adf8a1bedd840e61cf9857be22bfa6ca,False,2026-07-29 09:56:52.985323+00:00
V4-W-00023-S2026072903-R7-Q1,10854,0xf813d2a55656464da82176a16f46cec10910db1851ced0db25b76f4e1bec069c,False,2026-07-29 09:56:55.255172+00:00
V4-W-00023-S2026072903-R7-Q7,10965,0x00231cdfd095af264749d20f11b90523875251587b9a35660ef45169fc3a6cc3,False,2026-07-29 09:56:55.438926+00:00
V4-W-00024-S2026072901-R7-Q3,10895,0x1d7b3e575d3b12102b0ee6b021ce691e29fef4a3a3fccba62482885722e0d32e,False,2026-07-29 09:57:14.560256+00:00
V4-W-00006-S2026072901-R7-Q0,10873,0x624f394e3902c1e5199e1613d993535818483cf35e42c072418f1da45def7741,False,2026-07-29 09:57:33.729164+00:00
V4-W-00006-S2026072901-R7-Q5,10873,0x624f394e3902c1e5199e1613d993535818483cf35e42c072418f1da45def7741,False,2026-07-29 09:57:33.957252+00:00
V4-W-00023-S2026072903-R8-Q6,11084,0xdc5b78ce3126d47f37098f84e7c02f3d27ec143c99018d0a617fa3ce0c41329a,False,2026-07-29 10:02:27.441654+00:00
V4-W-00023-S2026072903-R8-Q4,11348,0xc6606b095bd2458218da620eb04f2f69a8718cb6dd57330baada486dfdb92bd8,False,2026-07-29 10:02:27.623509+00:00
V4-W-00020-S2026072903-R8-Q3,11069,0x09ac3ae5659f76263b162e2fd7727c951a35c2c832cd0204b6a40c83a0508134,False,2026-07-29 10:02:30.092548+00:00
V4-W-00003-S2026072903-R8-Q0,11022,0x54869d8e0bae618b96fec3098b882d53ef38d542049e40ab63be963e882eb84c,False,2026-07-29 10:02:32.309272+00:00
V4-W-00003-S2026072903-R8-Q5,11246,0xa5521f3a6efd7578398fb87fae9b4397fa9e27e215b3399609a4d98711bdb220,False,2026-07-29 10:02:32.613443+00:00
V4-W-00010-S2026072902-R8-Q1,11023,0xc9a5abb722358660751d05482c3f5e28f105c2481fd82611a3fc6f32d765eea4,False,2026-07-29 10:02:35.023654+00:00
V4-W-00010-S2026072902-R8-Q5,11024,0x7863fc259a6e7fce856686e6f9d0f57bf00c7baf87f986c1ce548d8df53a345e,False,2026-07-29 10:02:35.258836+00:00
V4-W-00001-S2026072901-R8-Q6,11143,0x6cb6614c8d12f32e52c84d0a533aafe4004e67bc3e7c8dcc2830a5364911b42c,False,2026-07-29 10:02:37.607971+00:00
V4-W-00007-S2026072901-R8-Q2,11225,0xeca9ed037fb1c471b5bcca8b03ca94cdfb7913084311505c530bd4f404bd48f6,False,2026-07-29 10:02:39.856736+00:00
V4-W-00007-S2026072901-R8-Q4,11026,0x206c724cc5088819211b9c0ebc6bc031c43a5cf5e1578a890b5cf9a465cdf173,False,2026-07-29 10:02:40.087252+00:00
V4-W-00026-S2026072903-R8-Q6,11027,0xae3288d4604adec6367d6cf48fd108013e19bba3ff33eaa84c89f6acee4b3921,False,2026-07-29 10:02:42.517950+00:00
V4-W-00026-S2026072903-R8-Q4,11188,0x62fcacd54a7fdeb99dc9a40a56a7e7ce3cd9c0c4b2055e6d0cf0b0f76dd2c329,False,2026-07-29 10:02:42.694718+00:00
V4-W-00002-S2026072902-R8-Q4,11029,0x2da48191b8c6beb890601f66207ea1c6a75440525b632683332ee7c987739e22,False,2026-07-29 10:02:45.160200+00:00
V4-W-00015-S2026072903-R8-Q1,11154,0x8039a2070f382ede4acd72861cc2e612070583952c735af92f0f3ec12b363129,False,2026-07-29 10:02:47.470087+00:00
V4-W-00015-S2026072903-R8-Q5,11154,0x8039a2070f382ede4acd72861cc2e612070583952c735af92f0f3ec12b363129,False,2026-07-29 10:02:47.658346+00:00
V4-W-00025-S2026072901-R8-Q2,11169,0x209415418ccf231bb047a6437165943ae86e5ee32567e06ce5c8cf12e5511494,False,2026-07-29 10:02:50.019000+00:00
V4-W-00025-S2026072901-R8-Q7,11314,0x5bcbf789d80653ece2681043a4c97de8b814770bd1d2fb8a55269e7144b5586c,False,2026-07-29 10:02:50.220812+00:00
V4-W-00015-S2026072902-R8-Q4,11275,0xc00d8200300af1df4a9e7a5a03ef6c9d530df8734f5bc44eb70358bb1f289891,False,2026-07-29 10:02:52.567814+00:00
V4-W-00019-S2026072902-R8-Q3,11074,0x3e1f1f948755e61ebd33716b7a48a3983eebcf3b9b239157fbc2f95068931e46,False,2026-07-29 10:02:54.903151+00:00
V4-W-00019-S2026072902-R8-Q4,11034,0x218acb33c097364494fc3da13f8ae97b20699fe71b6cae97549ad4bf05ee5030,False,2026-07-29 10:02:55.179595+00:00
V4-W-00004-S2026072903-R8-Q1,11411,0xaff66a6ef9c2047be9d29cdf38bd85b422db8428a55f9c6a0fc293d2a1cf3878,False,2026-07-29 10:02:57.435738+00:00
V4-W-00004-S2026072903-R8-Q4,11411,0xaff66a6ef9c2047be9d29cdf38bd85b422db8428a55f9c6a0fc293d2a1cf3878,False,2026-07-29 10:02:57.684141+00:00
V4-W-00011-S2026072901-R8-Q7,11357,0xfee6f1bd051f74ddb3b8da53b8bbb1182a3b41ce3f1f55efafb054c51f3e657c,False,2026-07-29 10:03:02.709354+00:00
V4-W-00010-S2026072903-R8-Q1,11251,0x3605123d2185abce07ac71362192eba1305a09c0d9e1b18f9dbeb058fe39ad76,False,2026-07-29 10:03:05.196705+00:00
V4-W-00010-S2026072903-R8-Q6,11159,0xf571bdc686fd146c6e445cc8b7dd09c19294fa41d3003f8f01a62b86150076b7,False,2026-07-29 10:03:05.560433+00:00
V4-W-00016-S2026072902-R8-Q5,11223,0x276084d0b7deb33f678010d3b23ef126b088de1a99ad0e438f5a06042ec21cc3,False,2026-07-29 10:03:07.973666+00:00
V4-W-00016-S2026072902-R8-Q7,11408,0x1999a5c1d3199b1a98d7fa687385116619f0d0e3050428e00f9eb81d4fcafbb1,False,2026-07-29 10:03:08.099220+00:00
V4-W-00018-S2026072901-R8-Q4,11124,0x8cc1f3706cb237ebf932082404a0be079d9a840f4d2fe0ce5a7eb8986413d6fc,False,2026-07-29 10:03:10.474002+00:00
V4-W-00004-S2026072901-R8-Q2,11391,0x259637fa127c92c2390a8ad67633dc6f573c1b2dde0540fabe8dcb6be6b4c125,False,2026-07-29 10:03:12.995508+00:00
V4-W-00004-S2026072901-R8-Q5,11205,0x3e82106785be33cc910617ee81de929a7a4af98ae3d47b6b3b2b4b6923ab8d4e,False,2026-07-29 10:03:13.199108+00:00
V4-W-00021-S2026072902-R8-Q3,11068,0xe33a8432784ec391282a1fb8d0f7728a9f5f95d05c632fa040fbb32cbe6eedaa,False,2026-07-29 10:03:15.656888+00:00
V4-W-00008-S2026072902-R8-Q0,11389,0xae6a9e1f24cfa76188d063144d891dec510381c67f32e004eec05f95acf993cf,False,2026-07-29 10:03:18.048701+00:00
V4-W-00008-S2026072902-R8-Q4,11389,0xae6a9e1f24cfa76188d063144d891dec510381c67f32e004eec05f95acf993cf,False,2026-07-29 10:03:18.302032+00:00
V4-W-00009-S2026072903-R8-Q1,11046,0xf8a705317785cc5059c46cc2f70ec86412a122a80f8d5c926d52f1f681622b72,False,2026-07-29 10:03:20.548753+00:00
V4-W-00009-S2026072903-R8-Q6,11405,0xd2b209def319bb8cc9930027f42d4f313ecc983d0b011a01575bc15514ddd782,False,2026-07-29 10:03:20.787811+00:00
V4-W-00022-S2026072902-R8-Q3,11156,0x1e847707eaf4ef76f4d6f80fdeea1bca25cf109710fafbfc01f7234bf5f7c507,False,2026-07-29 10:03:23.190910+00:00
V4-W-00025-S2026072903-R8-Q0,11050,0xaad9d7e751cbdb8c29f979f299dc1bde31313b2bcb7b8d192c43be7d7ec73dcf,False,2026-07-29 10:03:28.047112+00:00
V4-W-00025-S2026072903-R8-Q6,11345,0x6c334fd601e723e7c94dd57d19cff6f464aa32a54f2080d265e8cde40d73ca51,False,2026-07-29 10:03:28.332905+00:00
V4-W-00008-S2026072903-R8-Q2,11346,0xb4941f743f45357911538222119318ebe4b311eeb0a35c71a395125001a2e5a2,False,2026-07-29 10:03:30.755988+00:00
V4-W-00008-S2026072903-R8-Q6,11113,0xd81d513765e2a89e4289cd237e95703c04a9ddbc08934264f8e8e7138c113f0b,False,2026-07-29 10:03:30.921800+00:00
V4-W-00006-S2026072903-R8-Q3,11365,0x965df6523fccc4233ed409cceb1026ade208cbf439b7a11d4c4f3e762648672e,False,2026-07-29 10:03:33.286078+00:00
V4-W-00017-S2026072902-R8-Q2,11368,0xccb3c9b88d45f4c70ec0d3eb662109a2b9231e31b548e6d4e32aca1815e9fe65,False,2026-07-29 10:03:35.707059+00:00
V4-W-00017-S2026072902-R8-Q6,11392,0x78dd459da69d178923f0c7fae951cc0b4b2c602eb9cdc49f5c3ba8f6b631807c,False,2026-07-29 10:03:35.963291+00:00
V4-W-00021-S2026072901-R8-Q2,11326,0xd2bd8e844f02ed914f33d93c6a9a2c159ae6a688a637a0687492fc86726ee6f2,False,2026-07-29 10:03:38.199827+00:00
V4-W-00021-S2026072901-R8-Q6,11327,0xef3105fbf162f0a68df15b5ea084edf95012fbc7c9cc5edf516c249e39caa41d,False,2026-07-29 10:03:38.408474+00:00
V4-W-00018-S2026072903-R8-Q3,11337,0x30eb8fb84baca645aa815d681dd8e3e6eb268cebbaefe053d3aa17c86c4a4b08,False,2026-07-29 10:03:43.371264+00:00
V4-W-00010-S2026072901-R8-Q1,11199,0xdab50e1ff68871cf287d07547a51225c08dd2c39fb89b1b86f5bf40eb8560532,False,2026-07-29 10:03:45.858405+00:00
V4-W-00010-S2026072901-R8-Q5,11199,0xdab50e1ff68871cf287d07547a51225c08dd2c39fb89b1b86f5bf40eb8560532,False,2026-07-29 10:03:46.028986+00:00
V4-W-00005-S2026072901-R8-Q1,11185,0xa07087e48e70844b46bab3ddd019772a4df9019d5027e3826f29fcbc844b27f5,False,2026-07-29 10:03:48.341051+00:00
V4-W-00005-S2026072901-R8-Q2,11096,0xfa81c861eee6bc5b3981dcd9ca6bae6ab3fa7855337a09e8027d5b536a1f8659,False,2026-07-29 10:03:48.549201+00:00
V4-W-00004-S2026072902-R8-Q3,11330,0xf44ce88d4a565a53e0128376e86026d9014dc7ea93316904d471ea2c66cbda37,False,2026-07-29 10:03:58.477835+00:00
V4-W-00026-S2026072902-R8-Q0,11066,0x17b5ab5d59bc1fec62cdfee97171329cfbff41c3755cf4d3ac27288cf8a1cd9c,False,2026-07-29 10:04:00.944276+00:00
V4-W-00026-S2026072902-R8-Q4,11072,0x7e8e36f9d1b622bca41d61c192ed2f78f436ca45ff473609907a6566b4ebad94,False,2026-07-29 10:04:01.115380+00:00
V4-W-00020-S2026072902-R8-Q0,11173,0xb0158f3b4696674d420acda191237883a3dc9341382332263fae4eb99257cf9e,False,2026-07-29 10:04:08.686759+00:00
V4-W-00020-S2026072902-R8-Q6,11173,0xb0158f3b4696674d420acda191237883a3dc9341382332263fae4eb99257cf9e,False,2026-07-29 10:04:08.816387+00:00
V4-W-00016-S2026072903-R8-Q2,11384,0x7ce995e488c45806cd7a3d3c346d9966e5faaea0c80e16968ad8d48f1fee077c,False,2026-07-29 10:04:13.937437+00:00
V4-W-00016-S2026072901-R8-Q0,11077,0x8093f3cbc37a0fb80f65da745bc49e4db9d819b416797f34ef34ebb46ffd1eea,False,2026-07-29 10:04:21.846977+00:00
V4-W-00016-S2026072901-R8-Q5,11215,0x8561a007b09d26ff59e1f15629454f6cafb1ee4c835202dbbbc209fb7bf64201,False,2026-07-29 10:04:22.002433+00:00
V4-W-00017-S2026072903-R8-Q3,11079,0xe73eb65653cca7ddd5c6c2e00ac35f033cec46692337ac2c5a87655879cbdb52,False,2026-07-29 10:04:27.099035+00:00
V4-W-00017-S2026072903-R8-Q7,11353,0xc13ed9c764aeacde9d3944adbcdb974aff83dddbb775e24f92244b0452361518,False,2026-07-29 10:04:27.192325+00:00
V4-W-00024-S2026072901-R8-Q4,11393,0x9c1a3987f07d71bb262dc0bad559d2b09920b61d5cb16049d73385bbe691f953,False,2026-07-29 10:04:39.671784+00:00
V4-W-00006-S2026072902-R8-Q1,11164,0xcfa1d6e463f2e484e167cdea837730c45634074949a71ec49c46d27c867ceb22,False,2026-07-29 10:04:44.663610+00:00
V4-W-00006-S2026072902-R8-Q5,11088,0xc2522036dcac67a69529fafad97e5c55c813e41dd331c22f8a58911c7ce886a3,False,2026-07-29 10:04:44.938179+00:00
V4-W-00001-S2026072903-R8-Q0,11178,0xe9770bd49d4c634c1a63ff04e20447e8ce96a4f32a0447a5d36c52295518535c,False,2026-07-29 10:04:47.270696+00:00
V4-W-00001-S2026072903-R8-Q7,11130,0xb6d280eee3674afead504751a2277dd323944009d6379612dea37136c9e4d621,False,2026-07-29 10:04:47.520041+00:00
V4-W-00014-S2026072901-R8-Q3,11401,0x9fde644eaa24db120e7ea39d50f57695ed947c7baf853a61b9f2e04f19a7cc89,False,2026-07-29 10:04:49.967929+00:00
V4-W-00011-S2026072903-R8-Q3,11332,0x7157edbccd6509dd073077074c708eca8c9594fac80635a2a38dc345c11aced6,False,2026-07-29 10:04:52.472493+00:00
V4-W-00011-S2026072903-R8-Q1,11097,0x5cd5090c492620fe9a3544af384ec2c99154deed3a3de5960425f66435f580b2,False,2026-07-29 10:04:52.562120+00:00
V4-W-00014-S2026072902-R8-Q6,11406,0x02b7a18147a69fa39643f0622e35e44215c83d23019c011f829c6236520e9d55,False,2026-07-29 10:04:55.062918+00:00
V4-W-00014-S2026072902-R8-Q5,11094,0xcf431f3aa7af4f80bd03c897cf60290dddcfd402c2d9333dcf66360cfe0065f0,False,2026-07-29 10:04:55.217607+00:00
V4-W-00009-S2026072901-R8-Q4,11319,0x6c96acb5eaab8158ded1fd0cf53e38a6cc92d84f7e93321aeec8eeb3eecc076f,False,2026-07-29 10:04:57.626582+00:00
V4-W-00022-S2026072903-R8-Q1,11102,0x4b519754ccfe3fb60c6572e909a9cb60b969914e425a6776f00d9f60fc623ef4,False,2026-07-29 10:05:13.057803+00:00
V4-W-00022-S2026072903-R8-Q6,11321,0x3159536a6deb66ded7bc67a6ce6d002a466ee6539d0e169794ff671e593d6dde,False,2026-07-29 10:05:13.315167+00:00
V4-W-00012-S2026072903-R8-Q3,11105,0x00a834585efa3925c5eba7cab8072f09a2a52ea09357c88e0d27a714a3e85427,False,2026-07-29 10:05:18.187514+00:00
V4-W-00012-S2026072903-R8-Q7,11147,0xbee2b8a905b3342ab84ee76a9c6d4acfac6435903706bf9d458f29af847f4f8a,False,2026-07-29 10:05:18.382467+00:00
V4-W-00024-S2026072903-R8-Q4,11250,0x0fb58c1cc67d42cde4d651f7e3414e7fab46b3fb7d61d7fab015352f7c0100a7,False,2026-07-29 10:05:20.896849+00:00
V4-W-00002-S2026072901-R8-Q0,11312,0xb0443ac8bfd07f1b880858de86320198331b06052920109b08d74f29d9133db7,False,2026-07-29 10:05:26.086968+00:00
V4-W-00002-S2026072901-R8-Q5,11312,0xb0443ac8bfd07f1b880858de86320198331b06052920109b08d74f29d9133db7,False,2026-07-29 10:05:26.299688+00:00
V4-W-00012-S2026072901-R8-Q3,11379,0x9aaf0552340a0d7558030b918dbdcd944a72a79bc68bdc690bf487b4333ed700,False,2026-07-29 10:05:28.650071+00:00
V4-W-00013-S2026072903-R8-Q0,11269,0x0d715df51319e57a77b787d0b4d4872638d07f1278a1139cf6c57986a2cff201,False,2026-07-29 10:05:31.059372+00:00
V4-W-00013-S2026072903-R8-Q3,11112,0x67790e69416e70521bce392bb9c0d46d9000f723dac31afceeea71bde464d35f,False,2026-07-29 10:05:31.298627+00:00
V4-W-00023-S2026072901-R8-Q4,11118,0xca429bf6ddecb288044d3829917b1f46f73ae39f3ab248bc912cfbf0ba5d361b,False,2026-07-29 10:05:43.943934+00:00
V4-W-00023-S2026072901-R8-Q2,11343,0xe57fb1e93c03dc31a98fbf82643af5b22b16fd57e37fe422d9e4677a59fda993,False,2026-07-29 10:05:44.171111+00:00
V4-W-00014-S2026072903-R8-Q3,11325,0x472ca1db21bb2fbbbfd3b99a13909dd0f94a4653ca1cb5a299dd8031503731b8,False,2026-07-29 10:05:46.660999+00:00
V4-W-00000-S2026072902-R8-Q0,11328,0xc6deccb8cacc860824cd7a154664bb4914cfdc2f4267f02a8d5aac107694f65f,False,2026-07-29 10:05:51.574332+00:00
V4-W-00000-S2026072902-R8-Q5,11328,0xc6deccb8cacc860824cd7a154664bb4914cfdc2f4267f02a8d5aac107694f65f,False,2026-07-29 10:05:51.830021+00:00
V4-W-00011-S2026072902-R8-Q2,11123,0xccf4f5aee4fb7873083cff7e913dab5b7509ee88fe375c6b0b06f20a5fb62da9,False,2026-07-29 10:05:54.271116+00:00
V4-W-00011-S2026072902-R8-Q4,11318,0xeefd66f7467547d296aba6ab053d6b5aef5a5716cc9ebafcda736f1ead08ac38,False,2026-07-29 10:05:54.444619+00:00
V4-W-00023-S2026072902-R8-Q3,11339,0x874f043027660560621291de0692efe5048e8407972786cc22e5548afbe1f2ba,False,2026-07-29 10:05:59.445812+00:00
V4-W-00003-S2026072901-R8-Q0,11422,0xcd73ee0ae4df1a72d5935076cd116411d5e19a5592a8676ff3950cde6049a87c,False,2026-07-29 10:06:04.169795+00:00
V4-W-00003-S2026072901-R8-Q5,11128,0x99f8b84c9ed0b124d2e892715f280cc3fcfe78e8706e43fbf6745862c7d3cabc,False,2026-07-29 10:06:04.402533+00:00
V4-W-00002-S2026072903-R8-Q3,11179,0xc4533527fb07736922c40e9b43b106439d857c28fd8122113c2acd037ca85ba3,False,2026-07-29 10:06:11.870061+00:00
V4-W-00002-S2026072903-R8-Q2,11283,0xd0ad55a9c1a1837110c6deb5f073fd8402c3b044ea84cf4517920b5c9c162e82,False,2026-07-29 10:06:12.105182+00:00
V4-W-00007-S2026072902-R8-Q2,11167,0x061bc0a937bcdc9061dc33a19057cd939e604d0e60c413060a82bfc699597945,False,2026-07-29 10:06:19.702973+00:00
V4-W-00000-S2026072903-R8-Q0,11333,0x40bfe3c5c5d93387ea856e5d003c71564f678b7c52b91c03107bbbf6e84b6732,False,2026-07-29 10:06:27.201384+00:00
V4-W-00000-S2026072903-R8-Q5,11370,0x475607ce31d27e0aaa7941c2efcb148b661659d948abc98ede726193552d352b,False,2026-07-29 10:06:27.432240+00:00
V4-W-00012-S2026072902-R8-Q2,11358,0x49b6b613465cc68fac0f200bd2bede1f0f03c285e3d745234efb05f102b67869,False,2026-07-29 10:06:32.323125+00:00
V4-W-00012-S2026072902-R8-Q7,11320,0xdc72fc35c40a66ae42b530715eba2267eb317ed81f25c03f29664272942c0c17,False,2026-07-29 10:06:32.570841+00:00
V4-W-00000-S2026072901-R8-Q3,11356,0x5a4888c9d549b99d5136eacc7bd7b2ca377ca31b47d37d38e6e81cb08e0ed327,False,2026-07-29 10:06:40.035392+00:00
V4-W-00018-S2026072902-R8-Q0,11189,0xa3c9cf22881736ad4fb234486d1878009c4bc899f3615d3b0d13fb48f71356f1,False,2026-07-29 10:06:47.468448+00:00
V4-W-00018-S2026072902-R8-Q5,11189,0xa3c9cf22881736ad4fb234486d1878009c4bc899f3615d3b0d13fb48f71356f1,False,2026-07-29 10:06:47.735606+00:00
V4-W-00019-S2026072901-R8-Q0,11323,0xd3a920ff7597182b8280ffd1c7163fe7d3d13ffcbd02e8f939972d9468a8282c,False,2026-07-29 10:06:52.612782+00:00
V4-W-00019-S2026072901-R8-Q4,11152,0xc5cdcde6b67c05dcd6d57f765e85697a523ed70b4d74658934348b6ad745fd8d,False,2026-07-29 10:06:52.852086+00:00
V4-W-00019-S2026072903-R8-Q4,11203,0xafd9234182fdddef50805b13468a6cbaf9cff71853d6a6ca6514d9929f96a5bb,False,2026-07-29 10:06:57.886281+00:00
V4-W-00026-S2026072901-R8-Q2,11160,0xe9c67bcb57c97a8cdbb8e35214f8c32c99d63ac44623ecb011127f8e33233a9e,False,2026-07-29 10:07:07.868627+00:00
V4-W-00026-S2026072901-R8-Q6,11267,0xb812177c0ae328a14c2a292e41d1aeadea256cd09cd739aa54789ef99e928567,False,2026-07-29 10:07:08.027820+00:00
V4-W-00015-S2026072901-R8-Q2,11162,0xb86ec4cf99658f592e7f008a7b20b776ef48c02b683a8d85bbe34c9ea98a9e79,False,2026-07-29 10:07:12.859635+00:00
V4-W-00015-S2026072901-R8-Q7,11329,0x9a425e7e63a73ed8d0636b367d7b03270728761d24684627609eb91de2221000,False,2026-07-29 10:07:13.137957+00:00
V4-W-00013-S2026072901-R8-Q4,11265,0xb68d51487aa3fa47f7d650180edbbe862e0ef4af72f267b5482ace750cdcf1c5,False,2026-07-29 10:07:18.020619+00:00
V4-W-00005-S2026072903-R8-Q3,11296,0x5436e7677a27a592d11f1e5ba491dc11a219d5188220c58ba4c3b3a744e76036,False,2026-07-29 10:07:28.209630+00:00
V4-W-00005-S2026072903-R8-Q5,11272,0xa79730d9700126c546918fbc836cdda281ce6c1721650ddf09e949b2f0f9222b,False,2026-07-29 10:07:28.477732+00:00
V4-W-00001-S2026072902-R8-Q1,11171,0xceafb9bf05d15dbe5db1abb0f70a3ba246dcfe8bbddefbf3096f73639e86b657,False,2026-07-29 10:07:31.043532+00:00
V4-W-00001-S2026072902-R8-Q7,11172,0xf9135a329b8045ec1235987dab211e340fb6e6312ee4d963bf40c5b55b0f4912,False,2026-07-29 10:07:31.287900+00:00
V4-W-00021-S2026072903-R8-Q4,11174,0xd502fd32b5bb7ec8381ef7823ab926134c4d6c3c8f3dd09a1d80d944d1b08a46,False,2026-07-29 10:07:36.164812+00:00
V4-W-00007-S2026072903-R8-Q4,11355,0x5ee379ff3554929cd075b12f21cd6a94175774c16f9d9fae68a3727dc89b1438,False,2026-07-29 10:07:38.605918+00:00
V4-W-00007-S2026072903-R8-Q5,11217,0x4f6cadfe05f33bc74215f7f380b019424f29d9ab97c4321fd5e925d216f2e207,False,2026-07-29 10:07:38.795563+00:00
V4-W-00024-S2026072902-R8-Q2,11305,0xbf8a1a2b881fe409f5221827f3dfa84eb2392a3ecb8b14c69c1d72abd4eb066c,False,2026-07-29 10:07:48.815729+00:00
V4-W-00024-S2026072902-R8-Q7,11305,0xbf8a1a2b881fe409f5221827f3dfa84eb2392a3ecb8b14c69c1d72abd4eb066c,False,2026-07-29 10:07:49.115124+00:00
V4-W-00005-S2026072902-R8-Q5,11334,0xe8d8ecf8362c80e3356e359950887dbae4ad1668200f02bd17df196b4aeb0f86,False,2026-07-29 10:07:54.053422+00:00
V4-W-00006-S2026072901-R8-Q1,11213,0x661cc0afe669aaab4eb5c672edf93b0ea2bae4525777a5587e55726f1bbb01d0,False,2026-07-29 10:08:01.351314+00:00
V4-W-00006-S2026072901-R8-Q6,11213,0x661cc0afe669aaab4eb5c672edf93b0ea2bae4525777a5587e55726f1bbb01d0,False,2026-07-29 10:08:01.589079+00:00
V4-W-00025-S2026072902-R8-Q3,11218,0x3e859b70ad1d1b3c9b02c3930d5439cc35be370bf762a780928d8fe5e48f944a,False,2026-07-29 10:08:11.409905+00:00
V4-W-00025-S2026072902-R8-Q7,11421,0xfcd00d8aaba35bf3f326ab16b027105924387ec28ebddc96e6a4934a3e782716,False,2026-07-29 10:08:11.566549+00:00
V4-W-00020-S2026072901-R8-Q3,11413,0xf0e9de74b79403d25bb476fa3e5cec1558d4b3d6d77fed15ec433e17953b5ff9,False,2026-07-29 10:08:31.410622+00:00
V4-W-00008-S2026072901-R8-Q7,11259,0xa3a5ea971b3d97f706f07d11ebb0f3ebfdabad7128d0f8426e78f90078af234b,False,2026-07-29 10:08:41.084074+00:00
V4-W-00008-S2026072901-R8-Q5,11231,0x963a298e46f83eabd1072925095d73a2e53b6fa9931648b780d77a7ba81fc3c0,False,2026-07-29 10:08:41.344947+00:00
V4-W-00003-S2026072902-R8-Q3,11229,0x2c22b9e7fac40675d379592c0565fefe0c08f7101369731febf1e0ea388d3c04,False,2026-07-29 10:08:51.217968+00:00
V4-W-00017-S2026072901-R8-Q6,11235,0x959027e8bf0e1b1c61d0a8bc25f63b41b35310800d036a090e26e35363fa317b,False,2026-07-29 10:09:39.054923+00:00
V4-W-00017-S2026072901-R8-Q2,11236,0xf18e35f4e72ebde006bd38afd5040bc173f44fb9613d889d2a17273d9bd8b289,False,2026-07-29 10:09:39.204389+00:00
V4-W-00013-S2026072902-R8-Q1,11290,0x94d7d3714336ed51c55566b5b1bba2b4a1892f8ce43629549f8de25b2450d5c6,False,2026-07-29 10:10:04.374865+00:00
V4-W-00013-S2026072902-R8-Q6,11300,0x0bbb6cf58849c850b4cdf2c38daecd02f47c0867b0a12f6f7700ae12cfb8517f,False,2026-07-29 10:10:04.646123+00:00
V4-W-00009-S2026072902-R8-Q3,11430,0x6bafe18b15a525955b32c7e16e38d87a56a340e5d0e50b1b1d02167ad656012d,False,2026-07-29 10:11:08.475973+00:00
V4-W-00022-S2026072901-R8-Q2,11375,0x5f2127457c2ef12fd1fce9a251916eaaca7ce8ccf8cab99500e81c74816721a8,False,2026-07-29 10:12:07.369139+00:00
V4-W-00022-S2026072901-R8-Q5,11310,0xe8b9873d72915109c20820e48f209e164494cc8d7b811fcf30b4cfa7635e26e1,False,2026-07-29 10:12:07.649854+00:00
V4-W-00010-S2026072903-R9-Q4,11704,0xd6684e2a149b30ec1b1ac9aa2c1ac8181d65c9f21488193809f8e4868f0cd640,False,2026-07-29 10:16:10.389454+00:00
V4-W-00010-S2026072903-R9-Q6,11611,0x479a633f97e29bd174fb472cc97d4b8b1ea1a6cb1ba49a09f98b630b001865a6,False,2026-07-29 10:16:10.689822+00:00
V4-W-00005-S2026072901-R9-Q5,11520,0x36dbac4c36c15c2580b770d9be433d20ed0eeb27aa933c95c5c6c037999e7a01,False,2026-07-29 10:16:13.133701+00:00
V4-W-00009-S2026072903-R9-Q0,11434,0xaa51a54a658731bf3b7ddc42d78bdaa7b8af291c79edfb3c4e4d5b384347ec35,False,2026-07-29 10:16:15.438809+00:00
V4-W-00009-S2026072903-R9-Q5,11646,0xe40e2f31eb9d8f0f1ff9a10875ea4f32ec75389e622de18ed67530b9702faf86,False,2026-07-29 10:16:15.745121+00:00
V4-W-00022-S2026072903-R9-Q3,11435,0x5ba16c0cf60cfa200e755470a97a258dd241306796b80cff70e17f106a4753ff,False,2026-07-29 10:16:18.186506+00:00
V4-W-00022-S2026072903-R9-Q6,11555,0xedc29636ec1005fb61733e774141bd73b821d52504975002aebc505c6536bd89,False,2026-07-29 10:16:18.373784+00:00
V4-W-00025-S2026072901-R9-Q1,11762,0xe4f638638008c5281db57e2a08205644a72e1b0b87652d8cf803bac424761dff,False,2026-07-29 10:16:20.785895+00:00
V4-W-00009-S2026072902-R9-Q0,11438,0x722f11e3d1d787874d4796325ee7958cd0f0506b24823a28fcd483e44f55fbf2,False,2026-07-29 10:16:23.203745+00:00
V4-W-00009-S2026072902-R9-Q5,11836,0x549021292edbf1b5ee2028e416a57414feed1f4fccf4b19b0461a61595b22f12,False,2026-07-29 10:16:23.506138+00:00
V4-W-00001-S2026072901-R9-Q2,11536,0xb9c2f68766113bddb8b03e40f5fbdc2e3c6321d94ba0ec1c84c357a485d36812,False,2026-07-29 10:16:25.931498+00:00
V4-W-00001-S2026072901-R9-Q6,11782,0xb1d277c43e9f1a32a1e32abe089a3c2c6c40ba5502054200e08a879e03b765fe,False,2026-07-29 10:16:26.157209+00:00
V4-W-00024-S2026072901-R9-Q3,11440,0x2c46365de422eb0143809fffeca5117b277c66b3ec6f86a4fc0e0e136194ff6f,False,2026-07-29 10:16:28.398972+00:00
V4-W-00010-S2026072901-R9-Q2,11770,0xa5814151da0f336bd52860c6431213cf161fba8f3c9fce1313e764831f5122cd,False,2026-07-29 10:16:30.838934+00:00
V4-W-00010-S2026072901-R9-Q4,11447,0x1cb8f4a554e34a17c0f043169d845d9df1a98834d541549ddceff716ebf4220a,False,2026-07-29 10:16:31.091521+00:00
V4-W-00017-S2026072903-R9-Q2,11702,0x8bf8fc95cf3d048a1eaae467b89e6c49ec41c943b22491bf684270d7d980eb27,False,2026-07-29 10:16:33.613689+00:00
V4-W-00017-S2026072903-R9-Q7,11723,0xa2b6e0ddebd4690755fcceb2449b1241156f69d685606d2cbd6baeecec27aaa7,False,2026-07-29 10:16:33.718850+00:00
V4-W-00025-S2026072902-R9-Q4,11444,0x5d64c8776aa562cf312d8b8c46d30bd172bae86cfa8eb6d62956e49df7d1110a,False,2026-07-29 10:16:36.136894+00:00
V4-W-00025-S2026072903-R9-Q0,11445,0x7fa3eaf8eff47b49170df53d6c490c3a8aeb7e3d4f165ddd5710d204bf41b798,False,2026-07-29 10:16:38.470721+00:00
V4-W-00025-S2026072903-R9-Q7,11445,0x7fa3eaf8eff47b49170df53d6c490c3a8aeb7e3d4f165ddd5710d204bf41b798,False,2026-07-29 10:16:38.759877+00:00
V4-W-00015-S2026072901-R9-Q2,11815,0x45a2a69399695bac8a78311200909262e7b131757ce898b47bfd2099cb085626,False,2026-07-29 10:16:43.679302+00:00
V4-W-00015-S2026072901-R9-Q7,11548,0x45956aa9d89ce0a724d15ce9a0e3b9bc1b91f8ee1075545397ac31ae60942876,False,2026-07-29 10:16:43.912656+00:00
V4-W-00001-S2026072903-R9-Q4,11660,0x38b614a309852c8ddb1cccf8c35bfd58d8d84444f900be81b10f1e70ee412b12,False,2026-07-29 10:16:46.278753+00:00
V4-W-00002-S2026072901-R9-Q0,11471,0xc8924299b461699b02b95d38cf02c5e011012ea356e48f2447d1b480acf14d76,False,2026-07-29 10:16:48.901209+00:00
V4-W-00002-S2026072901-R9-Q7,11792,0x3383ce9b5943361358659fb5d8f45d88111508f3970a6472eaa3589c1ddb8adb,False,2026-07-29 10:16:49.001344+00:00
V4-W-00023-S2026072903-R9-Q0,11780,0xa97a3f3da8d6b9ff273d3526dbf8eb5e813ae1edf924194f3b1530ac3a609146,False,2026-07-29 10:16:51.474286+00:00
V4-W-00023-S2026072903-R9-Q7,11780,0xa97a3f3da8d6b9ff273d3526dbf8eb5e813ae1edf924194f3b1530ac3a609146,False,2026-07-29 10:16:51.667596+00:00
V4-W-00019-S2026072901-R9-Q7,11621,0xc55d10ff92a0ec1dad82c5f221fe728d924409bcafb5fdc9cc4d52ff89234f6f,False,2026-07-29 10:16:54.179624+00:00
V4-W-00020-S2026072901-R9-Q3,11794,0x18476965a22d3670dff62f9d167e75a3c95fd6cfdc7c252798df699082feb837,False,2026-07-29 10:16:56.335446+00:00
V4-W-00020-S2026072901-R9-Q1,11473,0xa1511b797285a76b12a148da2c9382e687f428c79a02b8385fba30c6b1427360,False,2026-07-29 10:16:56.672404+00:00
V4-W-00007-S2026072901-R9-Q3,11647,0x39d39537d9bad9f00c50c4fb9b02a975d413e1b0c17e35ba49a372a6ba4d24e8,False,2026-07-29 10:16:58.920078+00:00
V4-W-00007-S2026072901-R9-Q1,11647,0x39d39537d9bad9f00c50c4fb9b02a975d413e1b0c17e35ba49a372a6ba4d24e8,False,2026-07-29 10:16:59.189652+00:00
V4-W-00012-S2026072903-R9-Q4,11458,0x85571a6d6aa0d896ca92750587cc4fa5d08849a4f261b4f2eaf39cb181389dae,False,2026-07-29 10:17:04.086078+00:00
V4-W-00010-S2026072902-R9-Q3,11686,0xf7f4265c693f921258e11cd32012034b45f10ffe3403f64ac2fe3d201dd3e0e4,False,2026-07-29 10:17:06.607979+00:00
V4-W-00010-S2026072902-R9-Q6,11731,0x0852f7fe4b8fa2fa5ffda51f77dce8ffab941a959a9b22f5589ce71592cff5e2,False,2026-07-29 10:17:06.814181+00:00
V4-W-00015-S2026072902-R9-Q3,11461,0x10c854a49b7ddf2ca8efc44b98ab8ca8c40eb6b1de99f06cc845af60b07408ed,False,2026-07-29 10:17:09.201790+00:00
V4-W-00015-S2026072902-R9-Q7,11461,0x10c854a49b7ddf2ca8efc44b98ab8ca8c40eb6b1de99f06cc845af60b07408ed,False,2026-07-29 10:17:09.402372+00:00
V4-W-00018-S2026072901-R9-Q4,11479,0xbc935c32f1f2b8cb356340a3028a02fc3ac58846f629e4ad3f178793108926a4,False,2026-07-29 10:17:11.842426+00:00
V4-W-00016-S2026072902-R9-Q1,11630,0xf74862dc019d045b802128a9403a4d49b94d9cda2708ffe197cc4cc56728b050,False,2026-07-29 10:17:14.267705+00:00
V4-W-00016-S2026072902-R9-Q6,11563,0xf1d3448603364f1ee68e187c3e73a49280567e1a1561a16c2a3dd744649a6aa4,False,2026-07-29 10:17:14.445325+00:00
V4-W-00015-S2026072903-R9-Q3,11607,0x533f59a0fd1d50d27d493ed59b31bc2b979689839d50ce2cec487d4f1ab36daf,False,2026-07-29 10:17:16.897475+00:00
V4-W-00021-S2026072903-R9-Q0,11481,0xd1ef2842aef842421022bf1f210e6d9582ae54f1f3a8d9230468a46637e33452,False,2026-07-29 10:17:19.337288+00:00
V4-W-00021-S2026072903-R9-Q4,11516,0x05059e5e395dc8333b8847b40e76e99f82a98ee7c577548a6531da6715450e57,False,2026-07-29 10:17:19.529500+00:00
V4-W-00022-S2026072902-R9-Q2,11467,0xb4af1ff5e575d6f4fa94aa209761392c29a9e8e75990e895b826683360bd046d,False,2026-07-29 10:17:22.004697+00:00
V4-W-00022-S2026072902-R9-Q4,11629,0x64072db14e974b6fbd509a73dc87ca4a23528739e33bebedf6c164b294810e9d,False,2026-07-29 10:17:22.212647+00:00
V4-W-00019-S2026072902-R9-Q4,11510,0x0792466ad6402948f98de8b4236945ec44250442e324eb9d4c956108a5229ed4,False,2026-07-29 10:17:24.558065+00:00
V4-W-00014-S2026072903-R9-Q4,11829,0xc20ef1c5e498fb3a6cb65b0f1e5af3ca6aab3c2aa58d5e7473a1ee0ecfa9f2db,False,2026-07-29 10:17:26.968790+00:00
V4-W-00014-S2026072903-R9-Q7,11829,0xc20ef1c5e498fb3a6cb65b0f1e5af3ca6aab3c2aa58d5e7473a1ee0ecfa9f2db,False,2026-07-29 10:17:27.205212+00:00
V4-W-00000-S2026072903-R9-Q1,11744,0xfc8eece3c7e0f06d8ae8cf371a91caf35c9ccc88754711035d940f7b7d9d49da,False,2026-07-29 10:17:32.080008+00:00
V4-W-00000-S2026072903-R9-Q6,11745,0x685a5afa838c05b2888a71aa29c134c69a3b3cc64c9ec07b1ed99fe9454ac03d,False,2026-07-29 10:17:32.314418+00:00
V4-W-00004-S2026072901-R9-Q3,11743,0xcd8e0fb14c2b49b8d2f5c3a16418b7f69909188bc2ce142521e7f3a2567cbd3b,False,2026-07-29 10:17:39.930113+00:00
V4-W-00023-S2026072901-R9-Q0,11718,0xe155beb184e5307165e5a39034d066b79521f201e363bdf15f01591ad411e5f8,False,2026-07-29 10:17:42.485898+00:00
V4-W-00023-S2026072901-R9-Q5,11477,0x2b7b6b920c7b46c2a32302a3d267a693f13d75b0f44cff951b324d9dd53c3d1e,False,2026-07-29 10:17:42.583295+00:00
V4-W-00007-S2026072902-R9-Q1,11725,0xab70bc6b6f6cf65ff47efd126ce6e5817ca9c57a57e0460c1a82d2378ab28ffa,False,2026-07-29 10:17:47.525923+00:00
V4-W-00007-S2026072902-R9-Q7,11809,0xd1fd4e2b65419bfcef5d68b738c874edff6d4dcf5e242d4ebea89f6885fa0342,False,2026-07-29 10:17:47.784543+00:00
V4-W-00005-S2026072902-R9-Q1,11778,0x22fe164e96a60b90ea1c7dfc29d75055dd03e0fe515885e8b1749bca59d79017,False,2026-07-29 10:17:52.758148+00:00
V4-W-00026-S2026072903-R9-Q2,11489,0x1f5b6f80072b65f98af752c3b9bca3eb0dd74596ea4bf0e2d67d0606f0f6da6c,False,2026-07-29 10:17:55.101774+00:00
V4-W-00026-S2026072903-R9-Q7,11521,0x5391a21f23e72648a4bb3556ce541a0d53bd6ca9628f9cfd4646e722bfbaa06c,False,2026-07-29 10:17:55.351920+00:00
V4-W-00022-S2026072901-R9-Q1,11485,0x0f598e5bedcc5a14db4f0962d4aa44cf4c3937f681f480ef6756792b0c6b0fbc,False,2026-07-29 10:17:57.768054+00:00
V4-W-00022-S2026072901-R9-Q6,11717,0xee1e53d698055b2fa155e394c85ba8fea7555d7cb583b3b31f8633b60e01adb3,False,2026-07-29 10:17:57.943727+00:00
V4-W-00007-S2026072903-R9-Q2,11841,0x167ea31252e4a86f9b76d96f80e54d5120b71cc7b9747e71500ac8ca04f20fad,False,2026-07-29 10:18:00.272602+00:00
V4-W-00003-S2026072903-R9-Q0,11727,0xf976505d5ac714d94c07940d0f6a9f749ddde373ec5adc0d7f02f77923cd1c38,False,2026-07-29 10:18:02.606863+00:00
V4-W-00003-S2026072903-R9-Q5,11627,0x8bd04ce2e2d995b08c0280577448dfc34dc66f80fcc37c70f1f9ba304eb1ca97,False,2026-07-29 10:18:02.916674+00:00
V4-W-00011-S2026072902-R9-Q1,11738,0x489f533ad772fcede63e4ebfe522e122fd6a06641c6f5ab9d79ae7b831a85824,False,2026-07-29 10:18:10.557421+00:00
V4-W-00011-S2026072902-R9-Q2,11518,0xa56e4d6c2db7a097f4862f477a2fe25e99074dc359c60a7cfb054d98f0ed7c2f,False,2026-07-29 10:18:10.699779+00:00
V4-W-00003-S2026072901-R9-Q4,11619,0x3946dd475b8414a60dd01246f9eb3f0610df910c4e0eb20148cbdb5c15fa986c,False,2026-07-29 10:18:13.184436+00:00
V4-W-00008-S2026072902-R9-Q0,11602,0xbaf28cc3f28d23f0b2a552ad885aafea26bc07886b31935da0565c6d3bac41cf,False,2026-07-29 10:18:15.523813+00:00
V4-W-00008-S2026072902-R9-Q2,11494,0xb4a4f092d15773092a204bdbbdb87ebf74f309cbd7350e9d12a1cdfe1b63a795,False,2026-07-29 10:18:15.864585+00:00
V4-W-00000-S2026072901-R9-Q2,11544,0x87b3b105771868329ec98f3fcbc9c91410d5b1f00301857cd276f7016187072b,False,2026-07-29 10:18:25.882663+00:00
V4-W-00000-S2026072901-R9-Q7,11742,0x88d1a92def04f6a5fd5714bacfb5d0eee72d54a06f40b4cde467606dbd7e42f2,False,2026-07-29 10:18:26.145075+00:00
V4-W-00002-S2026072903-R9-Q3,11537,0x0e030b673d94c897c6a53a0236b9d805c8469217b655e6499525409960d16d5e,False,2026-07-29 10:18:33.699879+00:00
V4-W-00017-S2026072901-R9-Q2,11504,0x980b5b15b8411046e4d57001ffa67216f1cda30d05caa2fe21d14888a63bac5a,False,2026-07-29 10:18:36.162441+00:00
V4-W-00017-S2026072901-R9-Q5,11530,0x936e289d383054f4ec655bfc26a0cf800375869a4263ae04a0cf66534169cce8,False,2026-07-29 10:18:36.329369+00:00
V4-W-00008-S2026072903-R9-Q2,11549,0xd4a09caab088946418e1653742d5d49f23cac6f09abc3c32b52945fe9b946173,False,2026-07-29 10:18:38.812264+00:00
V4-W-00008-S2026072903-R9-Q4,11509,0x330716080d7181d855a78bd82f21baaee3c0dc764af95f129892309ac3d374df,False,2026-07-29 10:18:38.958271+00:00
V4-W-00000-S2026072902-R9-Q4,11751,0x08fae749b912fecc352c77e562697fd9099415b068e322d2347e25e16f4c2393,False,2026-07-29 10:18:41.425896+00:00
V4-W-00020-S2026072902-R9-Q7,11669,0xe67b5edf6a2fd03faddd58de9c8afadb4fab221ecacef5f9a435a1678a8ce8f8,False,2026-07-29 10:18:43.734041+00:00
V4-W-00020-S2026072902-R9-Q1,11669,0xe67b5edf6a2fd03faddd58de9c8afadb4fab221ecacef5f9a435a1678a8ce8f8,False,2026-07-29 10:18:43.995099+00:00
V4-W-00018-S2026072902-R9-Q2,11711,0xdeec017d080cb30fab9aed6f9d599b9c902b03af5d20b49c66aaad31e0460ca3,False,2026-07-29 10:18:53.707545+00:00
V4-W-00018-S2026072902-R9-Q7,11823,0x047b1d7d1d4fc06300627700e1e8cd53c7925c3838bb99f14249a062ed4c161a,False,2026-07-29 10:18:53.986790+00:00
V4-W-00012-S2026072902-R9-Q4,11722,0x2e4539754cca4fcb4eb630562af2aabfb350b5311e5ac9f78a35f8a399b8d055,False,2026-07-29 10:18:56.186711+00:00
V4-W-00013-S2026072902-R9-Q1,11556,0xb3c6cdc71eb9ac945e3e95794cc7585a59d454542a4ba229f7bec00a481eb737,False,2026-07-29 10:19:15.365253+00:00
V4-W-00013-S2026072902-R9-Q6,11556,0xb3c6cdc71eb9ac945e3e95794cc7585a59d454542a4ba229f7bec00a481eb737,False,2026-07-29 10:19:15.565599+00:00
V4-W-00009-S2026072901-R9-Q3,11554,0x665d9328f3b9476b15cecc2f703c2440e7dcdc6c782b3ef868d4c4fdd826783b,False,2026-07-29 10:19:17.759103+00:00
V4-W-00009-S2026072901-R9-Q7,11525,0x825a3bc0b6ebab5ddb7373bfaad7470b5a520dc739b73da2644e764e02c63f2f,False,2026-07-29 10:19:17.961741+00:00
V4-W-00013-S2026072903-R9-Q7,11626,0x858550621d1b6790e9a4eef43c35fb9c0dcc09e12f4ee9f08f5413762235edaa,False,2026-07-29 10:19:22.686081+00:00
V4-W-00017-S2026072902-R9-Q4,11532,0xaefde4cae3a98424cb5b41ded051eac9b1fb48679f9dc1a82e1df8de0ec89fc6,False,2026-07-29 10:19:32.039672+00:00
V4-W-00017-S2026072902-R9-Q1,11679,0xea458a3cc05ba70141a8572b9247b354117859ad53bc01e753fe9f07a3d63b42,False,2026-07-29 10:19:32.335756+00:00
V4-W-00013-S2026072901-R9-Q2,11728,0xd8e03d1dadb9e58836430c5d98ee2d8de5e956197a1bf9fae2f3eb3e470f9ec3,False,2026-07-29 10:19:34.625461+00:00
V4-W-00019-S2026072903-R9-Q0,11648,0x24d501cc148aa3120a27bdd15690f7bac937a34a75f67430959f3991aed6782a,False,2026-07-29 10:19:44.007238+00:00
V4-W-00019-S2026072903-R9-Q3,11538,0xae708ae5c299277e76091549f35cdac6568f30662210b475840741fbf1c42227,False,2026-07-29 10:19:44.238139+00:00
V4-W-00011-S2026072903-R9-Q0,11539,0x1531b5ab2ff6698c9e7be7ed768073b3b03b412557d2b46b47b3ced8e413d915,False,2026-07-29 10:19:46.541715+00:00
V4-W-00011-S2026072903-R9-Q6,11758,0x4396a9186ed1e24596e0466c3dcff3b26abe51a240edb2a5fbdd6785455ba0a4,False,2026-07-29 10:19:46.655459+00:00
V4-W-00008-S2026072901-R9-Q5,11613,0xd7600322966409940537732b3d7ec61553933c4544b4c4809bd5de23e8db3d5b,False,2026-07-29 10:19:49.031855+00:00
V4-W-00002-S2026072902-R9-Q0,11565,0x77edd0cf20b66b21b8990edac9cea6cdb3fcf7d637a02c756c46327582cb0796,False,2026-07-29 10:19:53.541769+00:00
V4-W-00002-S2026072902-R9-Q2,11763,0xa3ce47c842a769146e5013c174d03b85171b3dcc6527e8746bbc90a04707030e,False,2026-07-29 10:19:53.852638+00:00
V4-W-00026-S2026072901-R9-Q3,11652,0xf2cfe9c69e22f670bc40e73147bf39838709a3834369e50ddca26c64cebeb365,False,2026-07-29 10:19:58.363716+00:00
V4-W-00026-S2026072901-R9-Q6,11652,0xf2cfe9c69e22f670bc40e73147bf39838709a3834369e50ddca26c64cebeb365,False,2026-07-29 10:19:58.625975+00:00
V4-W-00024-S2026072902-R9-Q3,11550,0x7c714fc7eabc84da56abd5412d77464a7b5343b07bc54fcbe78255b0924ece6a,False,2026-07-29 10:20:08.080967+00:00
V4-W-00026-S2026072902-R9-Q3,11551,0x62a02fad4b90edde5532dd9d619e8bd0f7c85ae18a785e58249ee58b8024dff1,False,2026-07-29 10:20:10.349788+00:00
V4-W-00026-S2026072902-R9-Q1,11592,0xd3ae99cec60f64c8f1fc411461442aea05d9decd0681725b661510b02217ceca,False,2026-07-29 10:20:10.567587+00:00
V4-W-00016-S2026072901-R9-Q2,11552,0x702ebaf45f876a5d5523b8282e6f248a82711ade092796434273bb0a96a02d33,False,2026-07-29 10:20:12.826259+00:00
V4-W-00016-S2026072901-R9-Q4,11557,0x5e1413c7ba982aa39ef61a1c48eac02eeefc9812c39206c16d1f821ed90d5421,False,2026-07-29 10:20:13.044179+00:00
V4-W-00001-S2026072902-R9-Q1,11678,0x0b3e3e10da1b868ec801ae778f7481d0e0dba9ed2e6061f89cc595f9d7755347,False,2026-07-29 10:20:25.423087+00:00
V4-W-00006-S2026072902-R9-Q0,11590,0x434f6ac19be96d6d6ad9f0b31e58fd35d806169b8c34371d4de940ad1b534c3f,False,2026-07-29 10:20:40.488223+00:00
V4-W-00006-S2026072902-R9-Q5,11666,0x11ece4e2ee6dd308956fae6b6f68b1e169def1cfeeb0e50d5db0636b5106bb5c,False,2026-07-29 10:20:40.753999+00:00
V4-W-00005-S2026072903-R9-Q7,11640,0x7a0bb51163c41797b3fa649ed87ede01ed5516471685010ec20a162997b27586,False,2026-07-29 10:20:43.109190+00:00
V4-W-00005-S2026072903-R9-Q1,11816,0xf3ba10426213b42b9198dd91c916bd5967d210a0c19a5574966a31420065fd20,False,2026-07-29 10:20:43.329729+00:00
V4-W-00024-S2026072903-R9-Q3,11784,0x478795cbeb5bf7f728aef661543213f105efa34f76c73e8c00bcd88ed0e3fc20,False,2026-07-29 10:20:55.700353+00:00
V4-W-00006-S2026072901-R9-Q0,11581,0x72c342c1ffc0c65102292898efddc20e49deb29c2c3cee8162e3ba9f79e7ee33,False,2026-07-29 10:21:10.661205+00:00
V4-W-00006-S2026072901-R9-Q5,11736,0xf1d83441781bf78fd10c31315bc2a26b013d19bc893df70c9adc6fd6f892de0b,False,2026-07-29 10:21:10.900485+00:00
V4-W-00014-S2026072902-R9-Q0,11598,0xc689f7a7022e00169c4280b4e11e74d8dc54d7cb5b13d70e87a5612d0bfae60d,False,2026-07-29 10:21:20.870250+00:00
V4-W-00014-S2026072902-R9-Q6,11675,0xbd4ac954c82d67f09a7093b3bf61df251fb18b2415478c174b8932e7b5d9af64,False,2026-07-29 10:21:21.039371+00:00
V4-W-00014-S2026072901-R9-Q3,11594,0xad17804700d321075b27db789ad7b2f926a92ac762c11eb53520ffd36386a6e3,False,2026-07-29 10:21:36.290303+00:00
V4-W-00004-S2026072903-R9-Q0,11688,0xf95e106dd35694a336df84372faa30d81137b0719c18df7fc1058515e6ee20db,False,2026-07-29 10:21:41.050160+00:00
V4-W-00004-S2026072903-R9-Q7,11825,0xdfafe11c6bee9d8f6a59a5bc17ca4d857b5897630c68c26132b5f6f6b0418d93,False,2026-07-29 10:21:41.367405+00:00
V4-W-00012-S2026072901-R9-Q2,11708,0x0a67841632ba57cd96cbf465a29b0d3683aea2b31d8d794205bb83645e3451c9,False,2026-07-29 10:21:46.186891+00:00
V4-W-00012-S2026072901-R9-Q7,11811,0x7836121b3793b04191cd321e3ad6b98e248a4f4292e4d3c5364d6908e6cc6793,False,2026-07-29 10:21:46.491498+00:00
V4-W-00003-S2026072902-R9-Q4,11805,0x056b9b58e645b6b861136a589d0364061b5eac0aa58f22942cc4eb4b3726327a,False,2026-07-29 10:22:24.521079+00:00
V4-W-00006-S2026072903-R9-Q1,11665,0x10beb9716050333ce0f749dbbc75c34a54c0ebc65fd7da1440c8d00d957f7e56,False,2026-07-29 10:22:34.681031+00:00
V4-W-00006-S2026072903-R9-Q5,11803,0x0bf638a4aebb0f7eed4a2fc2e2a41ff639454837af3266a4e2998f6af12409d1,False,2026-07-29 10:22:34.871779+00:00
V4-W-00016-S2026072903-R9-Q2,11746,0xbc51d06466a78a40d0cf0231095748329fd240789be1feed65deb4554a575090,False,2026-07-29 10:22:55.171802+00:00
V4-W-00016-S2026072903-R9-Q6,11746,0xbc51d06466a78a40d0cf0231095748329fd240789be1feed65deb4554a575090,False,2026-07-29 10:22:55.464996+00:00
V4-W-00023-S2026072902-R9-Q6,11817,0xc99bcaf8bc86cd2a927dbf729e9343bea32fef49e18a67e480f564971643d54b,False,2026-07-29 10:23:00.488475+00:00
V4-W-00018-S2026072903-R9-Q1,11637,0x8b5ede98cd60d20f4f4a851c24b9d21e67c2439b30d260fc5e0f1e898e33a18e,False,2026-07-29 10:23:02.752689+00:00
V4-W-00018-S2026072903-R9-Q6,11637,0x8b5ede98cd60d20f4f4a851c24b9d21e67c2439b30d260fc5e0f1e898e33a18e,False,2026-07-29 10:23:02.987814+00:00
V4-W-00020-S2026072903-R9-Q1,11801,0x3701aadb6192950ee3032f768bf96ede5f47abc935555492d5a4087dd2b78bfc,False,2026-07-29 10:23:34.316794+00:00
V4-W-00020-S2026072903-R9-Q6,11834,0xa605dc8501abf929be4df42aa95a20a6d7a558a0103909b37a01947bbfd75cc7,False,2026-07-29 10:23:34.434636+00:00
V4-W-00021-S2026072901-R9-Q4,11661,0xe1407225c618d45e5cf675cb0376a15682dd370d169f63e805931f7cd1aa0466,False,2026-07-29 10:23:50.159167+00:00
V4-W-00011-S2026072901-R9-Q3,11715,0xc8c581d5e6e62c85a5b533e55249d6612009027d74d5063f3358c8101e8fdc32,False,2026-07-29 10:24:33.373127+00:00
V4-W-00011-S2026072901-R9-Q5,11766,0x46c12b6a0cfab00fb09ec2388611d4defdff89f307f87684d53e5627d5857e42,False,2026-07-29 10:24:33.675568+00:00
V4-W-00021-S2026072902-R9-Q3,11756,0x2e71a6e2ac5560546ef4b68f857cb4f35a83ca212ed15dcca3ff3df22d8cb6d8,False,2026-07-29 10:24:46.188662+00:00
V4-W-00021-S2026072902-R9-Q7,11756,0x2e71a6e2ac5560546ef4b68f857cb4f35a83ca212ed15dcca3ff3df22d8cb6d8,False,2026-07-29 10:24:46.374755+00:00
V4-W-00004-S2026072902-R9-Q4,11753,0x04b48ed14b1ef305ca484a429cf30c8feef61c4cbffac515ed6bbd0b58d537e4,False,2026-07-29 10:26:06.803762+00:00
V4-W-00007-S2026072903-R10-Q0,12002,0x3737b96b9501ce66f5880cc8ec61fda6fbc90a47e2e7cbde7b8d6797c75558bb,False,2026-07-29 10:29:51.871243+00:00
V4-W-00007-S2026072903-R10-Q6,11842,0xa679fa250e3799a60579d8b98e7071ba151f4e88a3fe807865143408aa143ef7,False,2026-07-29 10:29:52.098293+00:00
V4-W-00020-S2026072901-R10-Q1,12063,0x8993ce6f43f9c9c214b258618a09963c0258ababaf5db35184eb838a167e9a63,False,2026-07-29 10:29:54.504691+00:00
V4-W-00025-S2026072902-R10-Q2,11936,0x933b37e5da1c6539ca64af9406f2bb5c22bf4c8383750f2dc51316d8d2cd589d,False,2026-07-29 10:29:56.824363+00:00
V4-W-00025-S2026072902-R10-Q4,12126,0x3d48ae68c600576068611744ab7a37b92b6f8bda41b01258dc68b0b744138d23,False,2026-07-29 10:29:57.025001+00:00
V4-W-00018-S2026072903-R10-Q1,11933,0x526a8cc3add3b3549f5a149feca5e420d1aff704fe1050493273afab6452b918,False,2026-07-29 10:29:59.131656+00:00
V4-W-00018-S2026072903-R10-Q6,11891,0x2cb78ae47850a20a762216f9dc035069586de05d58c8152830426ec3962cc9e5,False,2026-07-29 10:29:59.393394+00:00
V4-W-00004-S2026072902-R10-Q3,12191,0x8eaf131348b7678636448b1dcfa8b70e58d590cac3f9767532ae4a07b0f48f28,False,2026-07-29 10:30:01.646105+00:00
V4-W-00006-S2026072902-R10-Q0,12158,0x65e308c67f6a5f1add8979085d5c3d397ed439efe80d0acee894bbf9daf85ef1,False,2026-07-29 10:30:03.913365+00:00
V4-W-00006-S2026072902-R10-Q5,11848,0x0a05f695b0cd8eca48a88013003e78ebdeab8d500360843960dee12652555b7f,False,2026-07-29 10:30:04.164999+00:00
V4-W-00000-S2026072903-R10-Q1,12076,0xa8680aea1fdf4d7be83bf8907c0c140bf20e5a0dc8c8bd9ca35b93b26b879f29,False,2026-07-29 10:30:06.378037+00:00
V4-W-00000-S2026072903-R10-Q6,11882,0xc5121e0f99c457002c8a6382507868423c6486bae59ccf2fdcf1315285f24acb,False,2026-07-29 10:30:06.633587+00:00
V4-W-00013-S2026072901-R10-Q3,11940,0x093c7927345c2ad806b746b2a7732c463c8af7880d9f53a2e6164a23f79153fc,False,2026-07-29 10:30:08.837835+00:00
V4-W-00002-S2026072902-R10-Q5,12189,0x289fa126f84c7c0a3de750dbf0803109bb349ea78b6deae504503715e5946b96,False,2026-07-29 10:30:11.232698+00:00
V4-W-00002-S2026072902-R10-Q6,12087,0x25a04bb4958f823a73e7e1b258e3719312e5cc61992ab70433cd5f5cc64994ed,False,2026-07-29 10:30:11.456874+00:00
V4-W-00026-S2026072902-R10-Q1,12068,0x2d7714e9e1acac187e612e1fc8ded2ad27e96406e5f3e5ff686e1e3d3189b252,False,2026-07-29 10:30:13.849741+00:00
V4-W-00026-S2026072902-R10-Q3,11874,0xa9e013ec23fc98c97e24201633b8dbe84f0ea0d3eb33bd6741d8f2ea74d94e4b,False,2026-07-29 10:30:13.948589+00:00
V4-W-00019-S2026072901-R10-Q1,11859,0x412725b4641cc00b8ef9b576f3569e9ceb26b3eb0f764742faac735d9441ac6a,False,2026-07-29 10:30:16.227974+00:00
V4-W-00025-S2026072903-R10-Q0,11997,0x796921a86811c5782f179255b9bc3625126798c00a54e4cdac5858ba87f7a232,False,2026-07-29 10:30:18.448732+00:00
V4-W-00025-S2026072903-R10-Q5,11855,0xa8d4ca2cf6b3065cbbf4efd72c8fdb0998758c4a8daea61deef2915266aa1bcb,False,2026-07-29 10:30:18.751047+00:00
V4-W-00011-S2026072902-R10-Q1,11865,0x0b8b02237bbff41e7b5a0726f6d52868ec2191351c8d886ea70c1a88f80ea3c8,False,2026-07-29 10:30:21.152891+00:00
V4-W-00011-S2026072902-R10-Q6,11857,0x3e6837f85b2c3e6dd6479c29f37b6e5ffcde890b50a14926ebd37bd68a76ad28,False,2026-07-29 10:30:21.263599+00:00
V4-W-00011-S2026072901-R10-Q3,12070,0xa3fbae7db255f633872b22ee739abb9be32228d19ad0b98f33869422d83571d2,False,2026-07-29 10:30:23.545729+00:00
V4-W-00001-S2026072903-R10-Q3,11860,0xa69f8eb8852f7dc7c69b91ec6b1f81763a2ba38cde145a1b22a2450a3cfdc138,False,2026-07-29 10:30:28.207490+00:00
V4-W-00001-S2026072903-R10-Q6,12034,0x58300b9fc47bad0150f1010082d4427eb7312f1d013a007ffc04ac67a77d4b7d,False,2026-07-29 10:30:28.374645+00:00
V4-W-00003-S2026072901-R10-Q2,11861,0x6302c5c2ad29206b876d0cf422a00f90ff197dd021962d5bdd1ba9ff95195708,False,2026-07-29 10:30:30.643621+00:00
V4-W-00003-S2026072901-R10-Q7,11861,0x6302c5c2ad29206b876d0cf422a00f90ff197dd021962d5bdd1ba9ff95195708,False,2026-07-29 10:30:30.898952+00:00
V4-W-00023-S2026072903-R10-Q6,11863,0x58262dd8ff02de56ebb8b11888b280afa3b8f1f97fcbece74d1e748f790bb81f,False,2026-07-29 10:30:33.325262+00:00
V4-W-00000-S2026072902-R10-Q0,12103,0x31a51c01299cd5c15bc6ef283d9afd3c0c8f602fbfc0b1a7304091d1e75b7b82,False,2026-07-29 10:30:35.397840+00:00
V4-W-00000-S2026072902-R10-Q5,11864,0x072642f4bd7b7d682f5a4e26b1adb37f1bd774307b2dc558cbcd6f4e6bd4fdb3,False,2026-07-29 10:30:35.676187+00:00
V4-W-00019-S2026072903-R10-Q2,12148,0xd557491ce9418e85a12ce74255425e6824d614660d42ae916b06e80a8615c303,False,2026-07-29 10:30:40.400526+00:00
V4-W-00019-S2026072903-R10-Q7,12148,0xd557491ce9418e85a12ce74255425e6824d614660d42ae916b06e80a8615c303,False,2026-07-29 10:30:40.607691+00:00
V4-W-00016-S2026072902-R10-Q5,12198,0x2f8ffb56658d55ea3716904249dd79e66e02c300b33c015ceb898415237b80dc,False,2026-07-29 10:30:42.920568+00:00
V4-W-00021-S2026072902-R10-Q1,12077,0xf7fd91f09d8e9cdd3ba48583e09c265c96fdc72bb2b984fddab9ae464eb09f5c,False,2026-07-29 10:30:45.182497+00:00
V4-W-00021-S2026072902-R10-Q5,11869,0x4f2d9672f8566673ab275e769e1b040e959054948ec6b1522c62ea56c06609f2,False,2026-07-29 10:30:45.400447+00:00
V4-W-00026-S2026072901-R10-Q2,12108,0xbee90de33a6b67a32ab66136fcfb76602204658838dd437ab10f1e3f36601d07,False,2026-07-29 10:30:50.298674+00:00
V4-W-00026-S2026072901-R10-Q7,12067,0x9f5106cfeaa181597f204b4103db14a4cace9571c81911270bcbb6449dfef44a,False,2026-07-29 10:30:50.384589+00:00
V4-W-00018-S2026072901-R10-Q4,11875,0xb7c6276e36bc87fb1340e3f4b3477ca538b7f5b0cefd8415302b3e2c09ba97ee,False,2026-07-29 10:30:57.445449+00:00
V4-W-00009-S2026072902-R10-Q1,11880,0x9552bcdc1f152587d3d3cd57dfe81dfebe08fa81dc46507c66f02340673f1c50,False,2026-07-29 10:31:07.181573+00:00
V4-W-00009-S2026072902-R10-Q6,12008,0x174916a3b12fd0d169347ac933a90b76bcfe262c8132d907047f730e2c437ba7,False,2026-07-29 10:31:07.459649+00:00
V4-W-00004-S2026072901-R10-Q2,11881,0xdf3de238cb151290c3cd03e79de23f7cb204e0cea9ba4d56e2d9573d9d51dbe6,False,2026-07-29 10:31:09.695929+00:00
V4-W-00004-S2026072901-R10-Q7,12106,0x79a8c03b8bd0b8332575fd34174ef5e77a9e23574584c513beb3b0cccfcc6a94,False,2026-07-29 10:31:09.932025+00:00
V4-W-00012-S2026072901-R10-Q4,12169,0xe48b5516f01c392ce76c0dfcec473c1e4caac8c3332dbccd3408c10d333abe0e,False,2026-07-29 10:31:17.345158+00:00
V4-W-00011-S2026072903-R10-Q0,11974,0xb3f3a904d50c8c05c05ab702da386481c58a00602ba995a71e66cc60adf15628,False,2026-07-29 10:31:19.793702+00:00
V4-W-00011-S2026072903-R10-Q3,12027,0x2f733d6a9894a17e312b588de6e970bb5cdfa3fa60dce04c152d7c09ab5b5326,False,2026-07-29 10:31:20.005579+00:00
V4-W-00009-S2026072903-R10-Q3,12069,0x15a813cc3b12d747658ee421f472b5c812694cf37b4640a326f4472a48edc03c,False,2026-07-29 10:31:22.413962+00:00
V4-W-00009-S2026072903-R10-Q7,12248,0x18a0c955429e66a85885dbd427fc36a517ffb47e3d2ed9ce831a6bed28d247d1,False,2026-07-29 10:31:22.602761+00:00
V4-W-00013-S2026072903-R10-Q4,11996,0xaff064f746cad1b3a02f8b8ca30f2e4dc88f2cb02ec9f500ec3823780f925ede,False,2026-07-29 10:31:25.088169+00:00
V4-W-00006-S2026072901-R10-Q1,11890,0x814367e04a2003896d4d5e86244631d6e50077b3897d374e1ae383644ee82f7a,False,2026-07-29 10:31:27.334984+00:00
V4-W-00006-S2026072901-R10-Q6,11890,0x814367e04a2003896d4d5e86244631d6e50077b3897d374e1ae383644ee82f7a,False,2026-07-29 10:31:27.568969+00:00
V4-W-00012-S2026072902-R10-Q3,11965,0xdd4caaa5cf86e4230994895f66f38a60d3e5d801d723a23ba4ca684d67426d99,False,2026-07-29 10:31:32.601101+00:00
V4-W-00008-S2026072903-R10-Q0,12052,0xad98acf2988338cb61f2fce956e22c7583e90f76df89bd31016ce3d826994623,False,2026-07-29 10:31:34.976792+00:00
V4-W-00008-S2026072903-R10-Q6,11894,0x82f6ea979d404a616de672d5f37077e4a330d440d8334b36870f48237cf66a9e,False,2026-07-29 10:31:35.327527+00:00
V4-W-00014-S2026072901-R10-Q1,11932,0x8ee040636d39b12d79bbbe3a7bb090ed186d7b85e07720e67c34f8956d4c474f,False,2026-07-29 10:31:37.654892+00:00
V4-W-00014-S2026072901-R10-Q4,11932,0x8ee040636d39b12d79bbbe3a7bb090ed186d7b85e07720e67c34f8956d4c474f,False,2026-07-29 10:31:37.905994+00:00
V4-W-00005-S2026072902-R10-Q5,11982,0xe36f6b155a12e7e225c53276e69d82f7acf4a224fa1630c76f7e5b04c7fd7b08,False,2026-07-29 10:31:40.296711+00:00
V4-W-00024-S2026072902-R10-Q0,12032,0xfc57f2a1d8684f53e82fc148f0ecdc0c2bd41871942197f6ebe812e67031c5e9,False,2026-07-29 10:31:47.785208+00:00
V4-W-00024-S2026072902-R10-Q5,12130,0x43dd85c66e2d887dd23d8b17ad70d09b2308997d784c40dafe86c255c1fbd4d1,False,2026-07-29 10:31:48.039384+00:00
V4-W-00025-S2026072901-R10-Q0,11901,0x1e37be3ee958a24cc71070903d64a6299180327f8a20b54c2533f3aa1a6c0096,False,2026-07-29 10:31:50.393421+00:00
V4-W-00025-S2026072901-R10-Q6,11945,0xbdf60276a7fb3037c299dbfdf792bf6633d41e829dcd2a9931f9c7fa37b379a4,False,2026-07-29 10:31:50.674974+00:00
V4-W-00022-S2026072902-R10-Q5,12073,0x2918d7fe6e02632fc1207894ca33e1a19f534aedd5b8008d4023e04f130c957e,False,2026-07-29 10:31:53.211221+00:00
V4-W-00023-S2026072902-R10-Q0,12204,0xf251b710e9f3543f32d3a0327135b4120ca3325034dd9543891e8d832eb92e36,False,2026-07-29 10:31:55.529948+00:00
V4-W-00023-S2026072902-R10-Q1,12204,0xf251b710e9f3543f32d3a0327135b4120ca3325034dd9543891e8d832eb92e36,False,2026-07-29 10:31:55.871234+00:00
V4-W-00014-S2026072903-R10-Q7,12202,0x343c136c7c43e45d6a1aea7394bea23a3b76ec002442bd1c984631119b569bbc,False,2026-07-29 10:31:58.366962+00:00
V4-W-00014-S2026072903-R10-Q5,12202,0x343c136c7c43e45d6a1aea7394bea23a3b76ec002442bd1c984631119b569bbc,False,2026-07-29 10:31:58.431746+00:00
V4-W-00008-S2026072901-R10-Q1,12042,0xd8eed190e227f3eebc8dcb0c63086049a04f6aa52853c600a10392c6f6aa49dc,False,2026-07-29 10:32:00.853941+00:00
V4-W-00019-S2026072902-R10-Q0,11922,0x4035fed2ed6ebb239978575a85216a7df9391ae46eb7b8ea06fca9295c68016d,False,2026-07-29 10:32:05.790556+00:00
V4-W-00019-S2026072902-R10-Q5,12181,0xf66d4c279fadcbd788f8e2ca8977939e0f476cca596fbd8140b6c4c764073451,False,2026-07-29 10:32:06.037218+00:00
V4-W-00015-S2026072901-R10-Q2,11923,0x06afd2e9f48a23a69e66155b5aa2cbaf58f9892f93fcb3d545cc80d2ad3fb87d,False,2026-07-29 10:32:08.365127+00:00
V4-W-00015-S2026072901-R10-Q7,11910,0x6a7e4cdfe4bd354017297c70b358b8e55a4f8e9a251075c25243054c759bc91a,False,2026-07-29 10:32:08.685133+00:00
V4-W-00017-S2026072903-R10-Q6,12219,0xe3042bc8f5d8d84c72eb9616e65424cb20192adb508d555145a2e1a43a4fc273,False,2026-07-29 10:32:11.005600+00:00
V4-W-00000-S2026072901-R10-Q0,12251,0x7220f6b18b96e4f2f685667568ad46f809a2767b9c0be2d509b2219dcec86137,False,2026-07-29 10:32:13.341116+00:00
V4-W-00000-S2026072901-R10-Q5,12251,0x7220f6b18b96e4f2f685667568ad46f809a2767b9c0be2d509b2219dcec86137,False,2026-07-29 10:32:13.605197+00:00
V4-W-00008-S2026072902-R10-Q4,11966,0xeeee5da81c7432cbaa21800d93f9330a7a7d98d068e15af0a8cf1d0c393b5d3a,False,2026-07-29 10:32:16.080901+00:00
V4-W-00008-S2026072902-R10-Q2,12120,0x550bbbbbe779700acae6de10e47dbfd711a11efd26921b0740dfeaec5f560e50,False,2026-07-29 10:32:16.164016+00:00
V4-W-00012-S2026072903-R10-Q4,11915,0x6657d78e6516d31c9abef4e0c801440e6af6832faec8ca59d526d9a8e3a55417,False,2026-07-29 10:32:18.545895+00:00
V4-W-00015-S2026072902-R10-Q0,11916,0xc4902284797e4cb2cbf4e6fca942cfd96007adddc23d698d6cfe7cdac0dde6f7,False,2026-07-29 10:32:20.917775+00:00
V4-W-00015-S2026072902-R10-Q5,12097,0x15ed75b62465a75370a0d892d9f611e891487dd6886550d58449f05d1b6136c1,False,2026-07-29 10:32:21.207781+00:00
V4-W-00010-S2026072901-R10-Q2,12149,0xfacf8b5e63fb4cfb47d50a72689468ed438862a9067c826ee7d8b606c1da6687,False,2026-07-29 10:32:23.696061+00:00
V4-W-00010-S2026072901-R10-Q4,11918,0x38c6cdd23402d3fa0673aa7f7cd0792ad1f8461eb0fe35e48dc3f517b6fb84f6,False,2026-07-29 10:32:23.961245+00:00
V4-W-00024-S2026072903-R10-Q4,12231,0x0d72075698c363cf32c7282f0b6b276628457ef3ed266b87c60af885253b1d9f,False,2026-07-29 10:32:36.519312+00:00
V4-W-00010-S2026072902-R10-Q1,12129,0x1f821a31917a7270a0a6cd80a537f4ce4fe68c139ae49ce36207a1202872e330,False,2026-07-29 10:32:41.641564+00:00
V4-W-00010-S2026072902-R10-Q7,12116,0xeb297c1f11df5f85636d5620d6824db8c063c56fdc73b291d49fffc21127a3d3,False,2026-07-29 10:32:41.835390+00:00
V4-W-00021-S2026072901-R10-Q2,12095,0xd0a95f31b72ea594c628fda552f83c16ca6858c6acdcecc4304e1d44a89a83df,False,2026-07-29 10:32:44.211344+00:00
V4-W-00021-S2026072901-R10-Q7,12095,0xd0a95f31b72ea594c628fda552f83c16ca6858c6acdcecc4304e1d44a89a83df,False,2026-07-29 10:32:44.452277+00:00
V4-W-00015-S2026072903-R10-Q4,12244,0x120e66ce22ef542a8923210865e1cca37d8fbd34d629da7cc858825b60348e48,False,2026-07-29 10:32:57.175513+00:00
V4-W-00005-S2026072903-R10-Q7,11937,0x0fee86edf555b191bef57b66b5edca5ea8e2443c9264cd3c4c80b0f3dca2687f,False,2026-07-29 10:33:02.110634+00:00
V4-W-00005-S2026072903-R10-Q5,11960,0x7ae5fa5c6bd89f148851fdd2df9e333777d44895a8adbc2b8451b2f5e9869055,False,2026-07-29 10:33:02.387490+00:00
V4-W-00013-S2026072902-R10-Q1,11941,0x84d2b2d858024945e59eb237981a2fa0f17afc82b245ceb904cd8d327ba66cad,False,2026-07-29 10:33:10.176546+00:00
V4-W-00013-S2026072902-R10-Q7,12178,0xde4b373c34b2601b0f3e5e828a65e37de01821c5781b3ef66db23099bf6ac111,False,2026-07-29 10:33:10.348786+00:00
V4-W-00020-S2026072902-R10-Q5,12180,0xaf892a69f1eb3341adf56efc959ba7d5869c611900fb7146a391e5f7d6b8f71c,False,2026-07-29 10:33:12.748871+00:00
V4-W-00022-S2026072901-R10-Q0,12014,0x6fde4891e9c881bf9122b6a5f5fc49297ca85adf8c282006637b9c795cfd4329,False,2026-07-29 10:33:15.088781+00:00
V4-W-00022-S2026072901-R10-Q1,12142,0x5d5c4af7b041ec6ab6f4ebe51def82f2b2eb493898dd64ed065603a9fd24ee3d,False,2026-07-29 10:33:15.369835+00:00
V4-W-00007-S2026072902-R10-Q5,12098,0x6a6b874dea77ec6469786f67260e669eb53f32ead87d695fd801c40b8f3ff0d7,False,2026-07-29 10:33:22.885002+00:00
V4-W-00007-S2026072902-R10-Q7,12098,0x6a6b874dea77ec6469786f67260e669eb53f32ead87d695fd801c40b8f3ff0d7,False,2026-07-29 10:33:23.072141+00:00
V4-W-00016-S2026072903-R10-Q4,12122,0xad796851c8a3b637a25f90048dd73c42f4cead9436cdc21115c91de8f9c40536,False,2026-07-29 10:33:25.498061+00:00
V4-W-00016-S2026072901-R10-Q1,12049,0x8a80c75dc5dd2b105d819c85649d07bd4f4827e0d93c1465f9eb8da87d7d0240,False,2026-07-29 10:33:27.779492+00:00
V4-W-00016-S2026072901-R10-Q7,11995,0x23bb0d0ea90e7dd99aef7397ec7d7af70501dcf0ea5f5c12f4c43e23401510cf,False,2026-07-29 10:33:28.108100+00:00
V4-W-00002-S2026072901-R10-Q4,12238,0xf39662bf8ad943f34a2b285fc4bece0fa244359fa452d46641cdeaa81dedb157,False,2026-07-29 10:33:33.074203+00:00
V4-W-00001-S2026072902-R10-Q3,12100,0x15cef133cfc72d661451e8b629c14b450e2b33e14fa9565b267b9e973515f9d5,False,2026-07-29 10:33:37.858598+00:00
V4-W-00001-S2026072902-R10-Q7,12188,0xcf29b94d627300e4a395635b5180c9b80dacee1ee0e99b6c5bddf0fad8c50096,False,2026-07-29 10:33:38.107594+00:00
V4-W-00026-S2026072903-R10-Q0,12018,0xeaac0230ef742ece9266edac23e102c62f268fa74bd7db67a3c2737852507581,False,2026-07-29 10:33:40.566742+00:00
V4-W-00026-S2026072903-R10-Q3,11979,0x533908bc39ce4943d6cca87e2dbae6a9910c048b610a914420e348a8996b1755,False,2026-07-29 10:33:40.696862+00:00
V4-W-00017-S2026072901-R10-Q2,11963,0x8517dc76f1c820af4a340eb3a715bb84d20b556eaacf6fe4157ef41de3bf420c,False,2026-07-29 10:33:53.426065+00:00
V4-W-00021-S2026072903-R10-Q0,11968,0xf15c3c755e556b9dbcdc65e571f093fad15c98340993438fc5049e3fb660f5a6,False,2026-07-29 10:34:03.329625+00:00
V4-W-00021-S2026072903-R10-Q5,12104,0x2fc240f34a59997337d07775a6b901a97d2d11c4c2dafb84f46633207b56784a,False,2026-07-29 10:34:03.582075+00:00
V4-W-00023-S2026072901-R10-Q5,12139,0x62cabce5067d65090d6fc7cec05558c6a559e8235accfa199f033b9ac3b41d8c,False,2026-07-29 10:34:11.139089+00:00
V4-W-00023-S2026072901-R10-Q2,11971,0x57cd5bc4a4f5ce57cfd1d9dc593526172e554603c44b95316798b18db31212bc,False,2026-07-29 10:34:11.289700+00:00
V4-W-00017-S2026072902-R10-Q2,12058,0x7442b2d857a461a5fbdf17bf98d382a8b88d03f99b4bb347e4e92dd423412af7,False,2026-07-29 10:34:18.761074+00:00
V4-W-00003-S2026072903-R10-Q0,12112,0x0bf5d5c5d85235420a31c414b62319f9cf3db21efd2a1041fd6c1713b41f4cd0,False,2026-07-29 10:34:28.749168+00:00
V4-W-00003-S2026072903-R10-Q5,12118,0xb99c004fdd3fd0172034705508c3ddabe060574e04b7c877cf5aed6c97f9c912,False,2026-07-29 10:34:28.998271+00:00
V4-W-00004-S2026072903-R10-Q3,11988,0x1dcb13e60d1adbe4608bd51f6cd4ec8a08e0ab2c2e3a0480a54b2c63ede15e2b,False,2026-07-29 10:34:44.277298+00:00
V4-W-00004-S2026072903-R10-Q7,12200,0x8490203e3d9451c8851ab3fee4724d60fa6fe1c9fbe7a61a9cbe9d7b6e89cb6b,False,2026-07-29 10:34:44.451208+00:00
V4-W-00005-S2026072901-R10-Q4,12236,0x18151d3c66dae64045e8122998abc6fe5d75a8d5551983fd0260aed100aa519b,False,2026-07-29 10:34:46.816850+00:00
V4-W-00024-S2026072901-R10-Q0,12235,0x7fc8b3499c467bffe00a6b7fa2c16e15a86039aa69fb9845fe6fa96264c2544e,False,2026-07-29 10:34:49.272777+00:00
V4-W-00024-S2026072901-R10-Q5,12246,0x452ebf968813f65e7a9f199549806b53353a1a3072c49e2e559f27145280e8c6,False,2026-07-29 10:34:49.534301+00:00
V4-W-00010-S2026072903-R10-Q1,12085,0xb71a263fe49c58bcd4dabc3f0153eb0d81a2ee018186a859aec88d58ec11b0a8,False,2026-07-29 10:35:04.818168+00:00
V4-W-00010-S2026072903-R10-Q7,12085,0xb71a263fe49c58bcd4dabc3f0153eb0d81a2ee018186a859aec88d58ec11b0a8,False,2026-07-29 10:35:04.993841+00:00
V4-W-00001-S2026072901-R10-Q0,12086,0x4d1698035421ca036a42b24b15f6062ad81ea83322a3f65d5ff6e339e66c0809,False,2026-07-29 10:35:17.934476+00:00
V4-W-00003-S2026072902-R10-Q0,12022,0x160af8faa791d8416bea79ab5c604dfc7e7898908ffcb02da8af378d259678be,False,2026-07-29 10:35:20.487035+00:00
V4-W-00003-S2026072902-R10-Q5,12176,0xe4fc9b1a4e21d6030640a731a26721460d829dee64875fecce076b092ac092af,False,2026-07-29 10:35:20.734702+00:00
V4-W-00002-S2026072903-R10-Q4,12135,0x2dc7eaad7bd2e83132353db826319bb1dcbf5207a215b3582def6f8d14c21c13,False,2026-07-29 10:35:49.380067+00:00
V4-W-00002-S2026072903-R10-Q5,12021,0xfed1f625a53466d67b4dda9b234e9de15371181b10680dcfa940c8e935a19cce,False,2026-07-29 10:35:49.563391+00:00
V4-W-00007-S2026072901-R10-Q5,12213,0x923b9b88bd63392c437f7c1f26fd2f63c9bae302b6efb5c16eeaf4103e265274,False,2026-07-29 10:35:54.510355+00:00
V4-W-00009-S2026072901-R10-Q0,12216,0x7c383a4fd383e4682d9f14219482cdeb3cb42c59f38a00ad261f5674a7aadd04,False,2026-07-29 10:35:59.411336+00:00
V4-W-00009-S2026072901-R10-Q5,12172,0x1e7a1a3879810665ff26e93120cbe686e4e39243fc431e7b903be7fa2f1ba9e7,False,2026-07-29 10:35:59.684490+00:00
V4-W-00022-S2026072903-R10-Q2,12117,0x883c174803d31d591dd8ab626ad3a82f1e504f21e22387ede9dba85f7cec8e0a,False,2026-07-29 10:36:17.449734+00:00
V4-W-00022-S2026072903-R10-Q7,12059,0xb43604bad89dae05d0ae1e02e5987b3272ef9431f33da32e97eb24e5f16e469a,False,2026-07-29 10:36:17.678896+00:00
V4-W-00020-S2026072903-R10-Q4,12091,0x6c68f1bae357fa27f4640d22fbac92bf1524a8dcb6b0de6f8b0854ad720c5be5,False,2026-07-29 10:37:16.272772+00:00
V4-W-00018-S2026072902-R10-Q1,12125,0x9e936702f6325feeeab8fe80b54bd94807ce238f817171a62dbdacd6e03cd1db,False,2026-07-29 10:39:17.735370+00:00
V4-W-00018-S2026072902-R10-Q5,12215,0xe236878c73ee0706bd1730df1eab5f8c94dd98697d3fd846f5f149b46e73bc56,False,2026-07-29 10:39:18.005379+00:00
V4-W-00006-S2026072903-R10-Q2,12194,0x026879c96e9da24474bacee71bf42326eb8153513a83e19a6536fa4cf9b08a73,False,2026-07-29 10:39:58.807986+00:00
V4-W-00006-S2026072903-R10-Q7,12195,0xc6f7121d799a47e573b20bd779462e277d30b024981ac6e98a94070d4b42ea40,False,2026-07-29 10:39:59.154632+00:00
V4-W-00014-S2026072902-R10-Q2,12227,0x5261df8b7182e3fd50565c13b7974225259103a0536748778880f0fa90e17261,False,2026-07-29 10:41:16.725408+00:00
V4-W-00019-S2026072901-R11-Q1,12375,0x04b877dbf954273accdcbc71dbba5d0ea8a8f3f821c21917d1c352ce5d33814f,False,2026-07-29 10:43:35.434611+00:00
V4-W-00019-S2026072901-R11-Q6,12602,0x56041a82cbef01c059ce08cd645ad41fa4b50c75fad3416d7b9ad4b0cab9f53a,False,2026-07-29 10:43:35.636501+00:00
V4-W-00005-S2026072902-R11-Q0,12255,0x51036889a218c5fb00552834f689b5a438a70446c846516bba10385550216c33,False,2026-07-29 10:43:38.076223+00:00
V4-W-00005-S2026072902-R11-Q7,12504,0x0241c5e089d07b0371d1f18ac29c04d4cbd83546d0c2d6f829da190b6ef0dab7,False,2026-07-29 10:43:38.204709+00:00
V4-W-00026-S2026072901-R11-Q7,12295,0xf0577c366b298e66d95c75fb03cccdd6644bfceb3c80ef6cbdac3cab2c772f6d,False,2026-07-29 10:43:40.567860+00:00
V4-W-00014-S2026072901-R11-Q7,12257,0x581b7a7609ef8c03f9f76fba66eaebcbaffffc8383354d3fadc910cd902658ec,False,2026-07-29 10:43:42.808477+00:00
V4-W-00014-S2026072901-R11-Q2,12258,0x6af0c809d95aaef623fd50e4fac9719020f90e7e8e6b11eec378d31cb5060109,False,2026-07-29 10:43:43.046217+00:00
V4-W-00023-S2026072902-R11-Q1,12656,0xa1b8b406223987f69a3eaba0324f4e6b0f281fd0778e71f6148fb9a71078e8ee,False,2026-07-29 10:43:45.342056+00:00
V4-W-00023-S2026072902-R11-Q5,12259,0xf170e412beb0b225724d261be384d91b9eb27cc3658e36b9695ee9c1cf55250e,False,2026-07-29 10:43:45.436447+00:00
V4-W-00014-S2026072902-R11-Q7,12415,0xdfc94c345a03db79405b474ce6f643bf57f9726e3f50731aa0efe32aa67f885a,False,2026-07-29 10:43:47.796865+00:00
V4-W-00006-S2026072903-R11-Q1,12419,0xc747701d08dd8696c0eab021881f83e1fb7db728c9c26fdd832324ed87edcbe8,False,2026-07-29 10:43:50.052303+00:00
V4-W-00006-S2026072903-R11-Q6,12261,0x1bfc3305eb1f27ec2cd6f9e36b2dee827f579f652c32298609ac33b14e3960a6,False,2026-07-29 10:43:50.300545+00:00
V4-W-00020-S2026072901-R11-Q1,12571,0x7554ffaac8429b6fcfd3982d491395f16a277625756e2276bc5e3f3a4f5e78c9,False,2026-07-29 10:43:52.687575+00:00
V4-W-00022-S2026072903-R11-Q3,12516,0x4484f69cd10cc9ac5e0ccd39d54ef73159d7dd843f30af8e1896a837dd259cd3,False,2026-07-29 10:43:54.905007+00:00
V4-W-00022-S2026072903-R11-Q5,12492,0xf989001da86dca92e43dc8862eea48a961765fcb82de2df08fcab3f266f9993e,False,2026-07-29 10:43:55.069861+00:00
V4-W-00008-S2026072902-R11-Q5,12585,0x25222f1c7963c8acf9a771f9d3c1c7f6158bb076af9a991134d1f9d08dbda298,False,2026-07-29 10:43:57.241019+00:00
V4-W-00008-S2026072902-R11-Q0,12265,0x1d1c87ada930cfe37a845d351ed9a1fe99a0c9ca94c628e303681cb8f36df180,False,2026-07-29 10:43:57.481543+00:00
V4-W-00007-S2026072901-R11-Q3,12266,0xe7844a7259aab891af0aefb80fdff28bce71d536f0a9aea12438cee286d4184e,False,2026-07-29 10:43:59.654960+00:00
V4-W-00002-S2026072902-R11-Q2,12563,0x99bbbea5aac21255ed3f36b4e14082e3c791a510004f992f8627af5f1d4afef6,False,2026-07-29 10:44:01.944942+00:00
V4-W-00002-S2026072902-R11-Q6,12481,0x3ebeb9edd284c9f724bcb1def7cc70bb3d76dea86b4b1cc15e6fd281c72ba848,False,2026-07-29 10:44:02.234973+00:00
V4-W-00021-S2026072903-R11-Q1,12268,0xe501608b2fad76d19023cee5296eeb17b52b88130e19d6ee46bcddd1674cc42d,False,2026-07-29 10:44:04.381153+00:00
V4-W-00021-S2026072903-R11-Q6,12518,0xe550c6712b11ee71e918b78d218235f3417137ffdbbbc4d19de35ce5560e7b44,False,2026-07-29 10:44:04.625425+00:00
V4-W-00018-S2026072901-R11-Q3,12517,0xb4cdf4c66ff1158de8818c30ba8ace8b23dbcb1c124508bb1a35f6f11fee5860,False,2026-07-29 10:44:06.849406+00:00
V4-W-00019-S2026072903-R11-Q2,12313,0x02f2cf09d8873d21408b45f399856f1147fcacb0a23573457863288a97bdc99b,False,2026-07-29 10:44:09.114453+00:00
V4-W-00019-S2026072903-R11-Q5,12313,0x02f2cf09d8873d21408b45f399856f1147fcacb0a23573457863288a97bdc99b,False,2026-07-29 10:44:09.370586+00:00
V4-W-00011-S2026072903-R11-Q1,12344,0x788f77249915b6ba7b1da7e200a81e7337bc4e8ae7b0060627af04576628a67e,False,2026-07-29 10:44:11.711260+00:00
V4-W-00011-S2026072903-R11-Q6,12497,0x2e9475148802f3a1e2cb6877797ccae88eed88133739c08a52b22e8db7b2c4a1,False,2026-07-29 10:44:11.772613+00:00
V4-W-00007-S2026072903-R11-Q6,12275,0xdf3caaed53b2b6f7e31a69f26a798b0e35d28916e8f597054cffcd4fa8fb67ff,False,2026-07-29 10:44:18.826246+00:00
V4-W-00024-S2026072901-R11-Q0,12278,0x61cfd0ab2abb58f5e05591b2c865db09de28b975926747691dbb0b1a84c6da03,False,2026-07-29 10:44:23.461337+00:00
V4-W-00024-S2026072901-R11-Q5,12512,0xdb6342d7311670fa0e4b73ada5b3986c43dc544637842577e7accb357ae2db32,False,2026-07-29 10:44:23.727769+00:00
V4-W-00023-S2026072901-R11-Q5,12310,0xfe32f8136e28f3da2f9ce3ab20c3c0a49cbf590fd31a322503f40302faefd065,False,2026-07-29 10:44:26.098270+00:00
V4-W-00023-S2026072901-R11-Q7,12423,0x663df09d4d83a00d40d91285d2f549d02f688ecc3c71a8dc852394dc5ee33a5c,False,2026-07-29 10:44:26.260917+00:00
V4-W-00016-S2026072902-R11-Q0,12466,0x7e62eafca20f9bf795daaf719f3730463938a8cbf8c097c439a0ca422c7598df,False,2026-07-29 10:44:28.463713+00:00
V4-W-00016-S2026072901-R11-Q2,12384,0x3317e3c2d001045ebad233516e8e6ef3fd47b6b5f54ea302f4186fa213ac4341,False,2026-07-29 10:44:30.755309+00:00
V4-W-00016-S2026072901-R11-Q4,12384,0x3317e3c2d001045ebad233516e8e6ef3fd47b6b5f54ea302f4186fa213ac4341,False,2026-07-29 10:44:30.992577+00:00
V4-W-00006-S2026072901-R11-Q2,12582,0x72d634bce50fba9152c5f5426f8ac02bae143876f9a4063f82ba36b0f8cf1d4b,False,2026-07-29 10:44:33.235035+00:00
V4-W-00006-S2026072901-R11-Q7,12564,0x1102cd282f6eea2b2a9fcb2b4721952376208d291e8c45df9414c416189e27d3,False,2026-07-29 10:44:33.482300+00:00
V4-W-00008-S2026072901-R11-Q7,12284,0xd7f826a27bce67052507a0f12dcf392cca826e18ac5b4b719374e5a9ff944e89,False,2026-07-29 10:44:35.801040+00:00
V4-W-00000-S2026072903-R11-Q0,12394,0x564d567b779b61f99eef3088d1f11c7ed28255758b91abdbbb1cd3b4ff5add46,False,2026-07-29 10:44:37.925266+00:00
V4-W-00000-S2026072903-R11-Q5,12285,0x8e24df2a2e0658a910e5fd84db25a93bca06a4f2c71c4bbdbb279e7b2de7411c,False,2026-07-29 10:44:38.157059+00:00
V4-W-00003-S2026072901-R11-Q2,12522,0x3dc3981907aaa4ead1ce95ccdf820de47a462724233c2e9794e9d4c0159beeb7,False,2026-07-29 10:44:42.919160+00:00
V4-W-00003-S2026072901-R11-Q7,12507,0x2d2d8f7be83ae4cfca0c5b34b51850ed31631fe95a021bc489c854a8aefaeb83,False,2026-07-29 10:44:43.174366+00:00
V4-W-00024-S2026072903-R11-Q4,12526,0x8b8a9fe89b6259d9fed4a69c38e70f390536b5f2eb09bd8758d4158a16e7c5df,False,2026-07-29 10:44:45.424760+00:00
V4-W-00017-S2026072901-R11-Q4,12290,0x570ae4a860d290ed97bf4e3483bc1a6ba685f523f433cda4e013f990fd669f33,False,2026-07-29 10:44:47.762517+00:00
V4-W-00017-S2026072901-R11-Q2,12461,0xbefdfc5f869d32cfb381bddac2c20ee45b37d839d61ee55aa415ecccab3d01ee,False,2026-07-29 10:44:47.826808+00:00
V4-W-00003-S2026072903-R11-Q2,12379,0xcb0ca93e057a5328f9213ce2ee7b2690ab39b9625a64e55c50d4e3f9920454df,False,2026-07-29 10:44:50.044655+00:00
V4-W-00003-S2026072903-R11-Q7,12379,0xcb0ca93e057a5328f9213ce2ee7b2690ab39b9625a64e55c50d4e3f9920454df,False,2026-07-29 10:44:50.281068+00:00
V4-W-00021-S2026072902-R11-Q4,12293,0x3d733a60b4bb7b0a596f118b6f7cbc77b1b463e20420d6e533e5e723b3be0131,False,2026-07-29 10:44:54.993170+00:00
V4-W-00018-S2026072903-R11-Q1,12354,0xdd26da8ff7e46a853723734ab6d0002f6e26c269c1d6baa7791cb06f8122e5f9,False,2026-07-29 10:45:02.053554+00:00
V4-W-00018-S2026072903-R11-Q6,12354,0xdd26da8ff7e46a853723734ab6d0002f6e26c269c1d6baa7791cb06f8122e5f9,False,2026-07-29 10:45:02.279849+00:00
V4-W-00010-S2026072901-R11-Q1,12614,0x4754115558ddae19e1d620e23ef7501a47ddde36f02377b95953302b91ab9b84,False,2026-07-29 10:45:06.884422+00:00
V4-W-00010-S2026072901-R11-Q7,12630,0x0ac684f42621c5404f2072291e25aa49a41a0363014c4b74909f0fdc9b9c786d,False,2026-07-29 10:45:07.116392+00:00
V4-W-00000-S2026072901-R11-Q4,12494,0x6bf8ecc570d31940fc0791379a0f9474fa8409406c53a3659113e86764bde2a2,False,2026-07-29 10:45:11.744182+00:00
V4-W-00023-S2026072903-R11-Q7,12613,0xad24215fbc5d6a8d7372609bfdb5aebd91f604c24ded31705c45d6312cbc9d16,False,2026-07-29 10:45:19.036372+00:00
V4-W-00023-S2026072903-R11-Q6,12434,0xfee15ce09766a968c6cd3471dcc52468afa1996c48798cef8d5d442f1bf40c14,False,2026-07-29 10:45:19.137387+00:00
V4-W-00003-S2026072902-R11-Q3,12346,0xc0586e641b4c9b86baf584c34ccfc4dfd48bd9fbeec34be83c0f6a3cd491e294,False,2026-07-29 10:45:21.376246+00:00
V4-W-00003-S2026072902-R11-Q7,12552,0x8fde1b89d4b2762ab6bdb95dc6222e5b7d212a1bd32b6869b696d53a24ee42cd,False,2026-07-29 10:45:21.570503+00:00
V4-W-00015-S2026072903-R11-Q4,12308,0x5ac5046e37bdccd22bec691d2e210f13efb357029c683a1d2264c4b76cc59cf9,False,2026-07-29 10:45:23.833502+00:00
V4-W-00017-S2026072903-R11-Q3,12498,0xab00aaa7af9a687c05487d9d1d127c254159d1920b589f5bd9e870f137414491,False,2026-07-29 10:45:26.223513+00:00
V4-W-00017-S2026072903-R11-Q5,12632,0xa1f01a15f8b6a0a85e7302d1dff8fc1bb0030d5d6cb9055f022d9e74b56badc0,False,2026-07-29 10:45:26.386482+00:00
V4-W-00010-S2026072903-R11-Q4,12312,0xaf50cc7e3159758dff8d63f4fa6f2849003c666addb8ae035579f3c60601e2e2,False,2026-07-29 10:45:31.076695+00:00
V4-W-00008-S2026072903-R11-Q5,12343,0x4dbfc3e894be0851d047f2b5dc1c1d86034c5ff811e5682dafac43f615c6dc46,False,2026-07-29 10:45:35.694013+00:00
V4-W-00008-S2026072903-R11-Q4,12343,0x4dbfc3e894be0851d047f2b5dc1c1d86034c5ff811e5682dafac43f615c6dc46,False,2026-07-29 10:45:35.906431+00:00
V4-W-00020-S2026072903-R11-Q4,12315,0x40aee9293dd2b0c68b5cbb06868a3308b31e0fc716d7aef627b6f9c30c176c2d,False,2026-07-29 10:45:38.056911+00:00
V4-W-00020-S2026072903-R11-Q2,12418,0x98c79c6ba5afb9ed3851cad8ef43bd93f878ba6112d7e29f8108cad5f77d92bc,False,2026-07-29 10:45:38.294628+00:00
V4-W-00025-S2026072901-R11-Q2,12455,0xa7a42e9430ffd7b26485e31cf1c490cb47e2c1a36d37f2d8a39e5e90c0891878,False,2026-07-29 10:45:40.587095+00:00
V4-W-00005-S2026072903-R11-Q3,12403,0xb9b04287af7b5227d0ae46e61e5f49e65a36e8c916b26c09e9d6af111a2fe991,False,2026-07-29 10:45:45.242933+00:00
V4-W-00005-S2026072903-R11-Q7,12319,0xc9576cd1a26472bf2996def95b657e932676c4317fd6a7eeba77e0f2eba9c3a3,False,2026-07-29 10:45:45.491989+00:00
V4-W-00009-S2026072903-R11-Q1,12320,0xbe04075cf587f6451922595e27301061f7b25fe009280f37b585e5d222033e05,False,2026-07-29 10:45:47.685989+00:00
V4-W-00009-S2026072903-R11-Q6,12377,0xdf1870d3f161d107d9c48286c8a1afeee5a7201bf14c81fdc297d8d04d2c98e1,False,2026-07-29 10:45:47.919717+00:00
V4-W-00004-S2026072901-R11-Q1,12321,0x6b4135f14843977aeacd5b9e6ab9dcd9654b656cf727ff37fae782b5ade6c3c7,False,2026-07-29 10:45:50.192193+00:00
V4-W-00001-S2026072901-R11-Q1,12644,0x22dccce43912d1c3a95d46d4fefdeb6b9064476c7e42f7f630cf65b4f3fe2459,False,2026-07-29 10:45:57.291801+00:00
V4-W-00001-S2026072901-R11-Q7,12456,0xfdf9aaef3172490f08248876163819afde5ccd45106e8183e51bc700e891f961,False,2026-07-29 10:45:57.531019+00:00
V4-W-00004-S2026072902-R11-Q3,12326,0x032d3f204332f75c0d0ebb7c7d873560354ca992141cf2208b11c4daf5a7b972,False,2026-07-29 10:45:59.690610+00:00
V4-W-00004-S2026072902-R11-Q6,12470,0x530d4d55fb7e41d1a3117291195e855609eb71ce17d071ca57701bcd3fe0fa6b,False,2026-07-29 10:45:59.898857+00:00
V4-W-00001-S2026072903-R11-Q1,12412,0xb0f255a8c1c741c4faabed62088dab51f2fe4819a74d2e1c1c3503aa0ddeb510,False,2026-07-29 10:46:09.272755+00:00
V4-W-00022-S2026072901-R11-Q0,12628,0xdb77d2df3e013a5339bbef5d6f4e6f8be9822981fe6c4e7c82a7461f802ab1a9,False,2026-07-29 10:46:11.403640+00:00
V4-W-00022-S2026072901-R11-Q2,12537,0xdb5d42830bb367ce4ed48e3fa92a77408a5cf5d70babbf01b960d08749f02899,False,2026-07-29 10:46:11.674838+00:00
V4-W-00002-S2026072903-R11-Q3,12333,0xb54c05740e665af68a6b3bca954f64a44d122f109b72fca0e324ac9592176478,False,2026-07-29 10:46:14.063929+00:00
V4-W-00002-S2026072903-R11-Q6,12333,0xb54c05740e665af68a6b3bca954f64a44d122f109b72fca0e324ac9592176478,False,2026-07-29 10:46:14.268838+00:00
V4-W-00022-S2026072902-R11-Q1,12437,0x86b7fc7bf9f7a191dbfffc1b992614813e059efae138e3729db7101b8e58c727,False,2026-07-29 10:46:16.567264+00:00
V4-W-00026-S2026072903-R11-Q6,12398,0xacd5767be02f471ce0d49f1f6d031c314ac01ce79177cb23dfd24476ffbd1df5,False,2026-07-29 10:46:21.547373+00:00
V4-W-00026-S2026072903-R11-Q5,12337,0x97a56c681b5d9415d32efc70f7344648e4709632a02ec256bb6042e13d91cb38,False,2026-07-29 10:46:21.737541+00:00
V4-W-00012-S2026072903-R11-Q2,12578,0xb5453adeb4209d3450cdbf9652a6801fdc1191d100600c24261933df13257e25,False,2026-07-29 10:46:24.110593+00:00
V4-W-00012-S2026072903-R11-Q7,12338,0x6bb2980e85e4f7478f153c11d89044ce395d7ef99d5f24c6f6a1f359ea611e39,False,2026-07-29 10:46:24.344715+00:00
V4-W-00013-S2026072902-R11-Q7,12339,0x7bd70e8d9457a723bdbdd7d075c7287d31189425d4d258b05de0c6ab445a99fc,False,2026-07-29 10:46:26.758853+00:00
V4-W-00015-S2026072902-R11-Q0,12460,0x919a0fc6bc02638a72c759201fdff27b62083596a198173ae595f97f31f379bd,False,2026-07-29 10:46:29.051235+00:00
V4-W-00015-S2026072902-R11-Q5,12402,0xc19f374d83a6bfdca59eefdb355eef838a7e5cc91f7ce9e829d39ab5eb286b26,False,2026-07-29 10:46:29.311489+00:00
V4-W-00026-S2026072902-R11-Q2,12347,0x38e52332fae1e1c5be0eca72395234f3be942ccda05425c4473fa14ee9b458d7,False,2026-07-29 10:46:41.505051+00:00
V4-W-00026-S2026072902-R11-Q1,12622,0xe2d55981d00579b8fcc8e81c9007e06116dc4dc5e2fa683082b4b6b801eaeced,False,2026-07-29 10:46:41.711411+00:00
V4-W-00002-S2026072901-R11-Q3,12606,0xc46473398d8c5efacfab13e2b928978503b9e5298dec8ad567428abbb92f6126,False,2026-07-29 10:46:44.253774+00:00
V4-W-00010-S2026072902-R11-Q0,12349,0x44a7764fbe24233d6a18aba71cbbbbaf3539e45c9f4f2d4f7cb6c1200fc8fc20,False,2026-07-29 10:46:46.626793+00:00
V4-W-00010-S2026072902-R11-Q6,12349,0x44a7764fbe24233d6a18aba71cbbbbaf3539e45c9f4f2d4f7cb6c1200fc8fc20,False,2026-07-29 10:46:46.810133+00:00
V4-W-00025-S2026072903-R11-Q3,12525,0xd5da55625a4bb9afb63d0786680d7a3f1ee10c8ca8c34db28f865e42c893f758,False,2026-07-29 10:46:59.072771+00:00
V4-W-00025-S2026072903-R11-Q5,12356,0xad45a6c426fd376b0885e87fe182431adff714479b85133e6bbcdb3e753c8d44,False,2026-07-29 10:46:59.264304+00:00
V4-W-00009-S2026072902-R11-Q4,12458,0x54146b02535f0b56679689993ac035992bcacab81cc0bb1b4d098ac0a51d8987,False,2026-07-29 10:47:04.069452+00:00
V4-W-00005-S2026072901-R11-Q1,12359,0x3bee1a878e43eaa100b46c9efd16f4e5a33792ef4edb5173c2e84da57f129263,False,2026-07-29 10:47:06.645505+00:00
V4-W-00005-S2026072901-R11-Q7,12359,0x3bee1a878e43eaa100b46c9efd16f4e5a33792ef4edb5173c2e84da57f129263,False,2026-07-29 10:47:06.746491+00:00
V4-W-00015-S2026072901-R11-Q2,12362,0xba1077affde87dbf5f9c7348df6bafddae4ae38864dd92d8a581382c611137d6,False,2026-07-29 10:47:11.507891+00:00
V4-W-00015-S2026072901-R11-Q7,12396,0x93d8e06e7b0612ccfada0f3bf8cda7becf99c97c4b754d8b2637013f3998a3ba,False,2026-07-29 10:47:11.771585+00:00
V4-W-00009-S2026072901-R11-Q4,12591,0xdb2943a23f7d0f247de9e24ff1d8feacaf20cc9d9b5abec2412490988e523888,False,2026-07-29 10:47:19.136363+00:00
V4-W-00007-S2026072902-R11-Q1,12483,0x8fac0e1add415fb3e247d2ee13773dcf69d6a16748802d158d7473f4887c401e,False,2026-07-29 10:47:26.595543+00:00
V4-W-00007-S2026072902-R11-Q5,12617,0x027d2cf137da934943f73ce313ed4d0e646bb3901abb4f5c52dce8c2c4d1f04a,False,2026-07-29 10:47:26.829645+00:00
V4-W-00016-S2026072903-R11-Q2,12370,0x2ad993ecf19af644d4584cef8dfaa4ce0cc02ff5c7628c8bf703d56cd4271c47,False,2026-07-29 10:47:29.157240+00:00
V4-W-00016-S2026072903-R11-Q6,12636,0x3a879142a5a668bff73df3df9e11e1aa822bbb29aeae142d0a628efd776d573e,False,2026-07-29 10:47:29.308898+00:00
V4-W-00018-S2026072902-R11-Q4,12429,0x6e7ddb631065a7e3e7f8c090b3488766f142f92f2ced2720bb219e7d244c6714,False,2026-07-29 10:47:34.043161+00:00
V4-W-00000-S2026072902-R11-Q1,12444,0x05075104fa29285f6f24d8fa0b86895db0123f4557d16e0aba4e0ab8feabc921,False,2026-07-29 10:47:43.874704+00:00
V4-W-00000-S2026072902-R11-Q6,12445,0xa2159dbabdfe376bc2d95c80b53cf29f380f3373b036a5209ad40aff48031ee6,False,2026-07-29 10:47:44.139372+00:00
V4-W-00020-S2026072902-R11-Q0,12658,0x3370ede841a7b1a415ac9cefb0fcce77a7be4117511c81574105590a425abeae,False,2026-07-29 10:47:49.053949+00:00
V4-W-00012-S2026072902-R11-Q0,12387,0x3833f696cd1e1d65bfee49566bbb4e16299db1a79d3173adf08d88fd525dcca9,False,2026-07-29 10:48:01.334328+00:00
V4-W-00012-S2026072902-R11-Q4,12387,0x3833f696cd1e1d65bfee49566bbb4e16299db1a79d3173adf08d88fd525dcca9,False,2026-07-29 10:48:01.541408+00:00
V4-W-00001-S2026072902-R11-Q3,12390,0x6295767dd14fa4ece3056c72af3805cba2dbd3854b215554a18a99d6a08ab899,False,2026-07-29 10:48:09.017809+00:00
V4-W-00001-S2026072902-R11-Q7,12593,0x63f463086b4a922250f3a15d81b198ece8c9c2a6358d7186586e879b79b31a0e,False,2026-07-29 10:48:09.402381+00:00
V4-W-00012-S2026072901-R11-Q3,12520,0x8abdfd7db3d5989550486b059575973a937a7813558029ff3918b00c77eaecf7,False,2026-07-29 10:48:11.697054+00:00
V4-W-00021-S2026072901-R11-Q0,12544,0x4a9398a30d39df81078204c80a725401f4e0d9b6c22c70c1e011d5c43350a327,False,2026-07-29 10:48:14.075977+00:00
V4-W-00021-S2026072901-R11-Q5,12425,0xcfd3a9bfd749d0f4759d0eee392dd2ddd4a705bf585167940d88f77f6fa91c41,False,2026-07-29 10:48:14.369167+00:00
V4-W-00025-S2026072902-R11-Q1,12508,0x771a7a9e2fa2f122981275315b4b71c798571df9e29eaf28e6d1e13b867014ea,False,2026-07-29 10:48:39.815251+00:00
V4-W-00025-S2026072902-R11-Q5,12553,0xd4190b9c3d10bcee553eea5f5b47a6d3737a5e14539bf22861854aba5a85f331,False,2026-07-29 10:48:40.015624+00:00
V4-W-00013-S2026072903-R11-Q2,12475,0x94f48b4d6e554a930b7215949abd384d5bf2df00cbff745eb67219c3ed518b83,False,2026-07-29 10:48:55.397018+00:00
V4-W-00013-S2026072901-R11-Q2,12655,0x00011c5016ee6768e2e36b3770498bf4a88517885aff52c3edb047ba3e446e00,False,2026-07-29 10:49:08.148865+00:00
V4-W-00013-S2026072901-R11-Q5,12655,0x00011c5016ee6768e2e36b3770498bf4a88517885aff52c3edb047ba3e446e00,False,2026-07-29 10:49:08.480845+00:00
V4-W-00019-S2026072902-R11-Q2,12421,0xdc4cf5c1dc2aac1ebe4b2c7f8598b1a807c291567beb0e080a9a43a1da359d98,False,2026-07-29 10:49:10.765912+00:00
V4-W-00019-S2026072902-R11-Q5,12501,0xdb0d6c1cd3e0b858fc87fe20f21fb0f6c62e62bbdeb237070a5a24f02cdd8e97,False,2026-07-29 10:49:10.954976+00:00
V4-W-00014-S2026072903-R11-Q3,12523,0xc2a1fdb423e1ffe578c3bdacdb0ce979d4fdda47e12fdbbd3473bd1ce644e16e,False,2026-07-29 10:49:21.265789+00:00
V4-W-00011-S2026072902-R11-Q2,12562,0x2d648990c9d7714ec509a0f482511f871407ac052fb87ca042ba878a3ab7a01a,False,2026-07-29 10:49:33.983317+00:00
V4-W-00011-S2026072902-R11-Q6,12449,0x67b36b7babec86ae8adb747e656be17410ac472ba55fbf8e9a7681a2c98a706b,False,2026-07-29 10:49:34.141090+00:00
V4-W-00004-S2026072903-R11-Q2,12521,0x3f01c941dc3894a498320eb41a47beebfb39da6440248e2d11a47ce6ef7fed0a,False,2026-07-29 10:49:44.305996+00:00
V4-W-00004-S2026072903-R11-Q4,12462,0xa0b825134fddff0f7c0b13a054edaad15105633c0e616f5c78261dd3a37e3674,False,2026-07-29 10:49:44.597049+00:00
V4-W-00006-S2026072902-R11-Q3,12586,0xa832d811fe783170fc9694d6272513979889c2795480ee7036b2bb59a384183d,False,2026-07-29 10:49:46.961193+00:00
V4-W-00024-S2026072902-R11-Q0,12541,0xe5d41fdf3a7c95b607f8f7983536e82fbfaa26edc85198507d046cdfb7208b8c,False,2026-07-29 10:50:09.521894+00:00
V4-W-00024-S2026072902-R11-Q5,12531,0x1cb9db00a3a0a02bbddd7a4fb093a8fdaf072f89a6530073f7d1d677799009ce,False,2026-07-29 10:50:09.784725+00:00
V4-W-00011-S2026072901-R11-Q1,12641,0x2ed391804836c293cb02d6a433ceac429a969b139574f93c50e72b277256fa9a,False,2026-07-29 10:51:38.709403+00:00
V4-W-00011-S2026072901-R11-Q2,12610,0xbf539285a6f689321e14e671a0fe898f3b401503d4dd81445da93aa5c76c0cd9,False,2026-07-29 10:51:38.936009+00:00
V4-W-00017-S2026072902-R11-Q3,12646,0xe92cc89e954d97b71f1681811e44d05786725ca5bfb1dc23bb4a1e3b7038874c,False,2026-07-29 10:53:43.870077+00:00
V4-W-00003-S2026072901-R12-Q0,12661,0x42c0daaa6632b50d35c0bde7c7863b7fe2a344cef8ccdc887b83299fbaeea307,False,2026-07-29 10:57:10.848425+00:00
V4-W-00003-S2026072901-R12-Q5,12662,0x20444c496b06a6bcff4b73ad58e9bdb84038d5676337ea3068caf8e0e1a63b92,False,2026-07-29 10:57:11.109494+00:00
V4-W-00003-S2026072902-R12-Q2,12663,0xb8c1f6a9d961b1f891da04e4a144bbb2f04a3b09e4a6779440b1e4957234d9ad,False,2026-07-29 10:57:13.485598+00:00
V4-W-00003-S2026072902-R12-Q7,12787,0x0ddb5e54af852ca046eb3339131dc5c3330e8894080a7d4fa7809427fc6118fc,False,2026-07-29 10:57:13.769190+00:00
V4-W-00000-S2026072903-R12-Q4,12831,0xe5fa4268ee0b71fdbad0ceefdc8a2841405a76846337caf0a167c6c5f27de81a,False,2026-07-29 10:57:16.154041+00:00
V4-W-00001-S2026072902-R12-Q3,12906,0xc018506b7f42d43344464b3b80e0e2a0257bcf5db2ebec34cd019dde1fcf750f,False,2026-07-29 10:57:18.583778+00:00
V4-W-00001-S2026072902-R12-Q7,12789,0x5e0e5a11b0ed799d7059c2bbfd684144f111108726f85490c5e41860864818c1,False,2026-07-29 10:57:18.822967+00:00
V4-W-00020-S2026072903-R12-Q5,12667,0xd5e82662f707c028390878b7717007ec23de4d5760e9046c323485846b4c7a39,False,2026-07-29 10:57:21.268757+00:00
V4-W-00020-S2026072903-R12-Q4,12994,0xf00fd429efc75d33e4cafd532ec71d99692a57eff1fb80913f9b50642769b01a,False,2026-07-29 10:57:21.353837+00:00
V4-W-00026-S2026072901-R12-Q4,13009,0xd3b56bae8fe6294af92200820fa9033b20dfad9adbcffb8058ef74f958223cf6,False,2026-07-29 10:57:23.865314+00:00
V4-W-00005-S2026072902-R12-Q1,12927,0x7458f96a66f0c27d544ffb7b3da0720d0fb9ab63836dafe9dcc0883cc6c577e6,False,2026-07-29 10:57:26.340598+00:00
V4-W-00005-S2026072902-R12-Q6,12927,0x7458f96a66f0c27d544ffb7b3da0720d0fb9ab63836dafe9dcc0883cc6c577e6,False,2026-07-29 10:57:26.421135+00:00
V4-W-00026-S2026072903-R12-Q1,12670,0xb054a53fe77ab4118ae2c0c8ce9c835b7e9259e705d2ab7750dd3ffdf2b0f529,False,2026-07-29 10:57:28.943498+00:00
V4-W-00026-S2026072903-R12-Q5,12954,0xfcb77d2ee0afd0733c01af81b8cb86f3507861a2d619151545d633b37a620c7b,False,2026-07-29 10:57:29.070343+00:00
V4-W-00009-S2026072903-R12-Q4,12736,0x72f07d5a7205b57bf75639c998f6ec51789cd57990bb55226eacbfeb568d2eff,False,2026-07-29 10:57:31.393436+00:00
V4-W-00012-S2026072902-R12-Q1,12865,0x84936c93a350f0e7ad34842da198fd6ae6aebcd68a0da5610d433ef7e43cc216,False,2026-07-29 10:57:33.882402+00:00
V4-W-00012-S2026072902-R12-Q6,12865,0x84936c93a350f0e7ad34842da198fd6ae6aebcd68a0da5610d433ef7e43cc216,False,2026-07-29 10:57:34.134222+00:00
V4-W-00016-S2026072901-R12-Q3,12822,0xbdeaa6a91a91d68453b4f39b50087f7cbfe726e82469c0f67d273ff22c0a7e31,False,2026-07-29 10:57:36.418578+00:00
V4-W-00016-S2026072901-R12-Q7,12674,0x4fd48bf7baad270d4f838786a3922bfd65f6e012eb1ad1cbfc05031330c00489,False,2026-07-29 10:57:36.674639+00:00
V4-W-00005-S2026072901-R12-Q4,12675,0xb52b9870e2304702304dc87a792ec19986d6aae591c5953396366c0e22696a26,False,2026-07-29 10:57:39.173937+00:00
V4-W-00011-S2026072903-R12-Q3,12677,0xecdc278e37c0e46bef32e81368cd59467c405f358b102317393d605414b893d8,False,2026-07-29 10:57:41.462237+00:00
V4-W-00011-S2026072903-R12-Q6,13026,0x1569b567e08c40250242747db59a7e979f02432347c3024b6f127408c1e83896,False,2026-07-29 10:57:41.819033+00:00
V4-W-00021-S2026072903-R12-Q3,12679,0x4c82e056da3b14d84c11ff2f019ec2d9ac89d6de48abb96a98c9450a19c3fd1f,False,2026-07-29 10:57:46.687400+00:00
V4-W-00014-S2026072901-R12-Q6,12747,0x92d99fdf359a38f551d450f0dc87d05b552fa6ac6a0311f4612d87daf124e26e,False,2026-07-29 10:57:49.185478+00:00
V4-W-00014-S2026072901-R12-Q4,12681,0xbc2fbbc54f01891560283e4fe35ea49c16913674c06d0b96d6b0ab5e0920f146,False,2026-07-29 10:57:49.364961+00:00
V4-W-00025-S2026072902-R12-Q0,12810,0x15dbeefa25f356b59d14a41c3451664da76ecf683f5bbf1565a0c826d820a525,False,2026-07-29 10:57:51.744988+00:00
V4-W-00025-S2026072902-R12-Q6,12786,0x51a5ec55aba237d27e610132b9a95a731967425f2c871c988d91c59c2aa87f54,False,2026-07-29 10:57:51.948277+00:00
V4-W-00010-S2026072902-R12-Q2,12683,0x2358928b71552efdbcfd3912cc099ff258b3dad627a4c03ac12cb053ba455ba7,False,2026-07-29 10:57:54.383653+00:00
V4-W-00007-S2026072901-R12-Q0,12983,0x034d939c25ab942ec56ed4ad5db5aa5faf62620beb40834037abc717ff60d456,False,2026-07-29 10:57:56.723418+00:00
V4-W-00007-S2026072901-R12-Q5,12972,0x1c67b466eb03e37a11155e01a6bfc1569aaaea48f27b0c75b9009255a1a6ef81,False,2026-07-29 10:57:57.019391+00:00
V4-W-00017-S2026072902-R12-Q0,12989,0xf8b1cb4ff46c422fb910657cad1a799045e3f783070d680e8b9e252ca90b62a7,False,2026-07-29 10:57:59.489148+00:00
V4-W-00017-S2026072902-R12-Q6,12686,0x06897df95ee2c07f682b22ca40252f7a14501ea1737117e06d85ee6bbb00b196,False,2026-07-29 10:57:59.593830+00:00
V4-W-00014-S2026072902-R12-Q1,12693,0xf2072dd4308dacdebd3078dd51e244a1add29d9d43ab9bbcf1de88e331d2276e,False,2026-07-29 10:58:04.582385+00:00
V4-W-00024-S2026072901-R12-Q0,12835,0x9882420b7daaff7b8c298e91384a2fee28566d72180018c74a7d378241e305d7,False,2026-07-29 10:58:06.957658+00:00
V4-W-00024-S2026072901-R12-Q5,13048,0xd4f84b3474bc4b351f9a1ef037f17744e0cdad43c97947fdaeee6c107507a130,False,2026-07-29 10:58:07.248081+00:00
V4-W-00002-S2026072902-R12-Q7,12691,0x7c6d01c51fd04c49ac0a3d8d8d098054491b98d8c3032d0d8bf03a785805ebb9,False,2026-07-29 10:58:09.816685+00:00
V4-W-00002-S2026072902-R12-Q6,12849,0xc03c4d99d1028209834da906ce2948d53f96ab72d90fc336d011d10f18ea7b1f,False,2026-07-29 10:58:09.929566+00:00
V4-W-00010-S2026072903-R12-Q2,12692,0xf26b343f9ebb77ad03ab185dfc489ed3a4022dcaa1b64391efe6b71bb070da3d,False,2026-07-29 10:58:12.241039+00:00
V4-W-00005-S2026072903-R12-Q2,12754,0xcea13453bb5dd716d5cfc093fc29a1ccd4544a84cddfbf414cf440001646936e,False,2026-07-29 10:58:17.258472+00:00
V4-W-00005-S2026072903-R12-Q1,12903,0x27e0fffc130877262adeae375fedb2862208d8b77fc6c9bd645a5a89ede1a1f9,False,2026-07-29 10:58:17.480901+00:00
V4-W-00008-S2026072901-R12-Q2,12871,0x81b9ad7f27a760778bef3444e735ee3319fdf978a35ba95a0c43fccf52f222f6,False,2026-07-29 10:58:20.053457+00:00
V4-W-00008-S2026072901-R12-Q7,12705,0x1bd50fd91a9927b482ba9f106316c674bb02cdfc718c8fa9edafc115b186ccbd,False,2026-07-29 10:58:20.161640+00:00
V4-W-00011-S2026072901-R12-Q3,12718,0xc8849ad361a08e17a7cc45b8729268ef3ede5f19484c91a54a15efdffb48b5f7,False,2026-07-29 10:58:22.577957+00:00
V4-W-00016-S2026072903-R12-Q1,12698,0x86c603dba51965553e81e338a14f4fdee4892e9278989509da9680d70b24cde2,False,2026-07-29 10:58:24.908696+00:00
V4-W-00016-S2026072903-R12-Q5,12966,0x61e44027986cd93d328f24ae8d8491962090c54a710b76bbbe2e6e4543421c1a,False,2026-07-29 10:58:25.149665+00:00
V4-W-00024-S2026072903-R12-Q2,12700,0x5af78f82130fb12c35e39d1fd293edbd0922e0068c6d19a859a59272122b3e83,False,2026-07-29 10:58:27.499929+00:00
V4-W-00024-S2026072903-R12-Q7,12700,0x5af78f82130fb12c35e39d1fd293edbd0922e0068c6d19a859a59272122b3e83,False,2026-07-29 10:58:27.756873+00:00
V4-W-00006-S2026072901-R12-Q4,12886,0x46f774b0e38c57b151b3858635020365e365a2c3e423b4bd7a45a9c2c6fb74b4,False,2026-07-29 10:58:32.676282+00:00
V4-W-00013-S2026072903-R12-Q0,12949,0x20e4a3bf6976155e51c0595629d467663a51649ea2786a6c6735919f3a8b8cf8,False,2026-07-29 10:58:34.911911+00:00
V4-W-00013-S2026072903-R12-Q5,12817,0x9a2e8d138c52f10b773a957613408b090940cb090f89525743a885dd24317c99,False,2026-07-29 10:58:35.234371+00:00
V4-W-00008-S2026072902-R12-Q1,12706,0x023542bc2675481909d8fb8a444bbd956c80dd05f70822d4e4e2704d3545dd8c,False,2026-07-29 10:58:39.896576+00:00
V4-W-00008-S2026072902-R12-Q0,12842,0x7cab44c1756a29fc61af03c836707de7e1dd8e38e7685e445f14eeceb93e05f0,False,2026-07-29 10:58:40.008491+00:00
V4-W-00013-S2026072902-R12-Q4,12779,0xb6377a68733e15f8062daf5ad9288f0e8ae37187e0fdff683b3265fe2f25a149,False,2026-07-29 10:58:42.311672+00:00
V4-W-00026-S2026072902-R12-Q0,12952,0xbd386e1055968869000b27c48664a6a4ffb35de5c29cc9c7a3034c4fb1a3975b,False,2026-07-29 10:58:44.608395+00:00
V4-W-00026-S2026072902-R12-Q6,12953,0xb6ec0929a0556f42ec2a35a5074ef541b62434bce0cc1a227b87d82f881450d9,False,2026-07-29 10:58:44.696388+00:00
V4-W-00023-S2026072902-R12-Q5,12709,0x4b85cd352dbc6aad69cce3f637cb862f2bd78b71ca36244f93275efb37be610d,False,2026-07-29 10:58:46.946987+00:00
V4-W-00023-S2026072902-R12-Q6,12710,0x8ab641dd99a04d6541fdf83e332daf068a296fa185e2a415f958c1264dacaf90,False,2026-07-29 10:58:47.129672+00:00
V4-W-00017-S2026072903-R12-Q5,12711,0xaa22ad4bcb3f17aaa2e0b10b74e2452fa8653ced6322a1f86705861fe0394179,False,2026-07-29 10:58:49.490758+00:00
V4-W-00015-S2026072902-R12-Q1,13007,0x187731b8f95c269a8fdf1426ebefeec4aadd998b30212e339e99a3993334d53f,False,2026-07-29 10:58:51.725835+00:00
V4-W-00015-S2026072902-R12-Q6,12712,0xb78979053d8d0eccc247b6b011d6eedb0d76c63be0605c75c8305ce2afa113db,False,2026-07-29 10:58:51.980097+00:00
V4-W-00006-S2026072903-R12-Q2,12970,0x7b2125b900f8803b763e431d9f3885588c8e44caa901f59f27f94ba98b8c31b9,False,2026-07-29 10:58:56.511569+00:00
V4-W-00006-S2026072903-R12-Q7,12714,0x4cf4d5cc7f906b1908defe9e6e661573ec3aeb0c3f06359c6774c1432428fa65,False,2026-07-29 10:58:56.771724+00:00
V4-W-00022-S2026072903-R12-Q4,12744,0xc9e639cc10ed47ebc33a9ca722d59e426abca06c4dc21dead0d793cefd87e3f4,False,2026-07-29 10:58:59.040933+00:00
V4-W-00018-S2026072903-R12-Q1,12911,0x6f1e8dc27108792fce8559760175a3c84c5bc8ca9f475bb44be172821292f48f,False,2026-07-29 10:59:01.273814+00:00
V4-W-00018-S2026072903-R12-Q6,12717,0xca7faa3975ee506d24b618fc0a680c5d9ed28b8f9bd7dbf96185d3763b222a99,False,2026-07-29 10:59:01.540052+00:00
V4-W-00007-S2026072902-R12-Q3,12885,0x3a1c803c822ac1d427e875e40ed64dd51a07d6e7d06badce9c25413b09fb7c46,False,2026-07-29 10:59:06.152526+00:00
V4-W-00007-S2026072902-R12-Q5,12916,0x8f417dfae068b2980b3ba21926bd5d781605329b238785bff184b2f71aac25c0,False,2026-07-29 10:59:06.339365+00:00
V4-W-00004-S2026072903-R12-Q3,12964,0x5253d2d5e289dbfc61afc99bb5d9c84d4b737695c1fab84494b5de80602f5457,False,2026-07-29 10:59:08.504489+00:00
V4-W-00000-S2026072901-R12-Q1,12721,0xf18aaaea9a5481eddf909f2d8f63793b9a6e3cf3582273669adfff9992de343a,False,2026-07-29 10:59:10.719998+00:00
V4-W-00000-S2026072901-R12-Q6,12799,0x4243e8e9ed3479a9936e07eb777a03c8be37791de05f40d1223b3c6ee4710a9d,False,2026-07-29 10:59:10.994618+00:00
V4-W-00007-S2026072903-R12-Q5,12723,0x5d92c1a738a9b95677186ec4b05a82ce6b53d2a46f7cacf0f36fd276bdf29f50,False,2026-07-29 10:59:13.331350+00:00
V4-W-00021-S2026072902-R12-Q0,12752,0x56772b8f15408c5f53655b5d06969b9299364109ab0194c559139461d74fbbf9,False,2026-07-29 10:59:15.704671+00:00
V4-W-00021-S2026072902-R12-Q4,12724,0xec767dab9450fdab8b844cd25c734877f79534661aa3f470f9449a2ca478a867,False,2026-07-29 10:59:15.899684+00:00
V4-W-00016-S2026072902-R12-Q3,12897,0x5659eaeb27f9849d650ced84bcd289717ac8d2692683c4de392d606b5837d078,False,2026-07-29 10:59:22.992464+00:00
V4-W-00016-S2026072902-R12-Q4,12890,0x0789eab1e16bd5bbe607baf6d4f0bc7642ef2af286b249e15878b7ca1f4c238b,False,2026-07-29 10:59:23.216018+00:00
V4-W-00022-S2026072902-R12-Q1,12904,0x193619066fce6ac0c8139ba1459df2f8b418dc567262943b5d484539b72a0617,False,2026-07-29 10:59:25.552788+00:00
V4-W-00018-S2026072902-R12-Q0,13017,0x3df14dac82e6564e1347a90fa6a464111311e2c4b3d3b2c8a658a4bc630ab021,False,2026-07-29 10:59:27.713973+00:00
V4-W-00018-S2026072902-R12-Q5,13017,0x3df14dac82e6564e1347a90fa6a464111311e2c4b3d3b2c8a658a4bc630ab021,False,2026-07-29 10:59:27.978276+00:00
V4-W-00022-S2026072901-R12-Q2,12868,0x0d351bdbeef8234cd2d03159f4735c48bb937e3d6e77225ada2e951a680d4e02,False,2026-07-29 10:59:32.531038+00:00
V4-W-00022-S2026072901-R12-Q5,12868,0x0d351bdbeef8234cd2d03159f4735c48bb937e3d6e77225ada2e951a680d4e02,False,2026-07-29 10:59:32.778831+00:00
V4-W-00019-S2026072902-R12-Q4,12830,0xb08bfb1c8cb39f98b782f39ae6e9921c36b0df6368988d9eb4698387bee9c403,False,2026-07-29 10:59:34.943278+00:00
V4-W-00025-S2026072901-R12-Q0,12901,0xe1ba625d5afa8d844454588e15bfc7e5bdb5ffd462fbd514734615e3caa204f3,False,2026-07-29 10:59:37.161067+00:00
V4-W-00025-S2026072901-R12-Q5,12982,0x24e0c03d5fe2bcd5ded4bb166259547cfd73867cee0de3c643399d488f31a033,False,2026-07-29 10:59:37.477220+00:00
V4-W-00000-S2026072902-R12-Q2,12932,0xed38cda4eaa3b541e13aa136d190e2683b9c3d1304f4bb44db35bb4b3dfccd7b,False,2026-07-29 10:59:42.171755+00:00
V4-W-00000-S2026072902-R12-Q6,13045,0x08dd14394c5df70e8379a3f397226f44eee04657fbbaa43b253284c8d7e36c67,False,2026-07-29 10:59:42.356951+00:00
V4-W-00019-S2026072901-R12-Q3,13043,0xe49f371eea8aa5f0599f6394eb01cf7bd4b476a20552ded406b0e273942767d0,False,2026-07-29 10:59:46.921029+00:00
V4-W-00009-S2026072902-R12-Q0,12741,0xbeaac365e265e76354079d42af4ee35eea107934f91fd41607ebe5802bf9c6d4,False,2026-07-29 10:59:49.209872+00:00
V4-W-00009-S2026072902-R12-Q5,13035,0x48a77d16d9fd084656bf400be51ac3382de74b99e010ed1de477c7574a5166e3,False,2026-07-29 10:59:49.440962+00:00
V4-W-00013-S2026072901-R12-Q2,12783,0x72ad34aca03bf91bbf8e5957a9abfa29b9de853be83782b9c3fb5c55b0fcb4a4,False,2026-07-29 10:59:54.034485+00:00
V4-W-00013-S2026072901-R12-Q4,12898,0xd313dc43694ca808e91cf39db591f4c4c367e9dd4297ebc629f8a14980155370,False,2026-07-29 10:59:54.240722+00:00
V4-W-00009-S2026072901-R12-Q3,13027,0x16ca53395d8e451200c6e9534559b339642f99dabc11c73d794db7db90a19577,False,2026-07-29 10:59:58.802052+00:00
V4-W-00020-S2026072902-R12-Q3,12788,0xf0fa8c54f0d5fe0703bbfb12776f98758880f7c3d574fa2d39f50cbf39df43da,False,2026-07-29 11:00:03.571331+00:00
V4-W-00020-S2026072902-R12-Q7,12986,0x6435f840c3320e4fe57f6414263adf8663f0f884a8022882e8ab135a8ac4b63c,False,2026-07-29 11:00:03.705286+00:00
V4-W-00011-S2026072902-R12-Q3,12902,0x4839b045bfc467dd1c3d48ece35252b4c1614c5ef61cc37a9490dddc05d3eaf9,False,2026-07-29 11:00:10.764961+00:00
V4-W-00011-S2026072902-R12-Q1,12947,0x71ca673666863cc486e47bb240a15090b0fa4f2e166e0a2d214ad84e125ff41a,False,2026-07-29 11:00:10.878457+00:00
V4-W-00015-S2026072903-R12-Q4,12755,0xc53f79a451157eeab9f3a39b993d90d05294b6e3bd6890b9af8fdcb1b8946cbb,False,2026-07-29 11:00:17.806796+00:00
V4-W-00014-S2026072903-R12-Q6,12894,0xe0f7c9954a5c1877776185dafdba0651e75a36dc3a2ba99154063d1c4356f84a,False,2026-07-29 11:00:22.486731+00:00
V4-W-00014-S2026072903-R12-Q7,12757,0xc76599826b464c7a416e0f6f27d976f4a4f1f296f2cacebe1a28f0b2a6a93fbf,False,2026-07-29 11:00:22.694285+00:00
V4-W-00017-S2026072901-R12-Q3,12814,0xa3047fead0d28182de505b4637efaa11ae2e4e9e5a0ce6d69333bd15070c505e,False,2026-07-29 11:00:39.218922+00:00
V4-W-00017-S2026072901-R12-Q4,12950,0x0b97f5d3c605b8bd6d88c97cef37dc606b41ca09dc082adc43b2006f088b4320,False,2026-07-29 11:00:39.406433+00:00
V4-W-00006-S2026072902-R12-Q4,12928,0x3e9f50975099de72432a093e35a1c2175609217666ffdeed94d5359d5448a0cf,False,2026-07-29 11:00:41.652322+00:00
V4-W-00010-S2026072901-R12-Q2,12848,0x95e9f3cd299a4d64ab0783ca4ef3b5c28e916660364186e1ad4deb198d280feb,False,2026-07-29 11:00:43.975351+00:00
V4-W-00010-S2026072901-R12-Q5,12848,0x95e9f3cd299a4d64ab0783ca4ef3b5c28e916660364186e1ad4deb198d280feb,False,2026-07-29 11:00:44.118138+00:00
V4-W-00001-S2026072903-R12-Q3,13008,0x813f268ba482588ac3344481393407df23ac95dc987332da2c344dc6fdb694dd,False,2026-07-29 11:00:48.704571+00:00
V4-W-00001-S2026072903-R12-Q5,12823,0x0593750e49c290f325c4570c46679026b0ee106506eebe65bb41d3b8ff8bb777,False,2026-07-29 11:00:48.899075+00:00
V4-W-00001-S2026072901-R12-Q4,12780,0xf0fa033b7e38cf2719061c1fdb3c9480289e148494442b48163a37f3c5301d58,False,2026-07-29 11:00:51.265182+00:00
V4-W-00024-S2026072902-R12-Q1,12777,0x4c0b66b2d1b2ea4012dfcfc432e88014505fcc7cd6ca41dee75e91fdf110cd76,False,2026-07-29 11:01:00.486701+00:00
V4-W-00024-S2026072902-R12-Q6,12776,0xe9b46eaf336c064e9c3aba05c3fca007b31a2bd10044b0024c088064d68156b9,False,2026-07-29 11:01:00.731893+00:00
V4-W-00012-S2026072903-R12-Q2,12781,0x517d94070a1428f9a8531001f651f91b486c477bfe906f8344dacaca745b7340,False,2026-07-29 11:01:10.127029+00:00
V4-W-00012-S2026072903-R12-Q7,13054,0x521d528579893e29173f3192c70ed58d78762a76b50fb6504008b6d0ef32d3c3,False,2026-07-29 11:01:10.365562+00:00
V4-W-00012-S2026072901-R12-Q4,12888,0xa202a76197c03af10f9253d1ce247935b51cbd37345e178f75d409ed672b6f63,False,2026-07-29 11:01:29.150635+00:00
V4-W-00020-S2026072901-R12-Q4,12834,0x57b84f2e0e7ce93c7605940331d2418317084407d37889b960229763ac27aba5,False,2026-07-29 11:01:31.499710+00:00
V4-W-00020-S2026072901-R12-Q5,13005,0xeec709f1ff9c72030f95b6bee83a6e1b18675881f6914240eea37adde5c96762,False,2026-07-29 11:01:31.646591+00:00
V4-W-00004-S2026072901-R12-Q2,13024,0x53262deba5ab61adb135297f011708a67bf610db8acb2cbdddfb0169fe3e89a6,False,2026-07-29 11:01:41.089151+00:00
V4-W-00004-S2026072901-R12-Q5,13024,0x53262deba5ab61adb135297f011708a67bf610db8acb2cbdddfb0169fe3e89a6,False,2026-07-29 11:01:41.251989+00:00
V4-W-00021-S2026072901-R12-Q4,12940,0x2dc5dd95c8448244e55f84659d410491e4d303d544726f674cbbf5bd802385b9,False,2026-07-29 11:01:53.084121+00:00
V4-W-00019-S2026072903-R12-Q3,12818,0x1e37f7164e2b337f31c71b4bab1d099051f86fb38d3d4708b86300dc5a20fcdc,False,2026-07-29 11:01:57.677083+00:00
V4-W-00019-S2026072903-R12-Q6,13051,0x59528467e35a215cf31ac0cb9bd7aca6d593152d3937426891cdba89d87a7fe3,False,2026-07-29 11:01:57.937538+00:00
V4-W-00002-S2026072901-R12-Q4,12806,0xf58f32ca7ed825a0d5fe91bb89226fad17e85ba119f632254e7a5d89171ddd82,False,2026-07-29 11:02:00.198846+00:00
V4-W-00018-S2026072901-R12-Q0,13033,0x0084f1c4ce276082fc97109fa9f548b1c5efadc26145c46380e1411284d2f6e0,False,2026-07-29 11:02:02.355119+00:00
V4-W-00018-S2026072901-R12-Q4,13033,0x0084f1c4ce276082fc97109fa9f548b1c5efadc26145c46380e1411284d2f6e0,False,2026-07-29 11:02:02.538672+00:00
V4-W-00008-S2026072903-R12-Q5,12915,0xc234ec662f30aa933eaf56e292b625b023abb5a1fc3a4f25829ddb57057d88df,False,2026-07-29 11:02:04.756187+00:00
V4-W-00008-S2026072903-R12-Q7,12915,0xc234ec662f30aa933eaf56e292b625b023abb5a1fc3a4f25829ddb57057d88df,False,2026-07-29 11:02:04.997394+00:00
V4-W-00023-S2026072903-R12-Q1,12813,0x36e15620ec98664376137e11449219f7cecc188df86613c23200d83b7372e5dd,False,2026-07-29 11:02:14.587862+00:00
V4-W-00002-S2026072903-R12-Q0,12959,0x35536a851f0119a45f02fa5709bf0ec89b7b1f6de40c1e02c7bab6e6f50092a1,False,2026-07-29 11:02:28.671549+00:00
V4-W-00002-S2026072903-R12-Q7,13038,0x943845fd2f974a5ad0670a6fe6ba750754ff05685c8d54f759c20ff33d11a33f,False,2026-07-29 11:02:28.950693+00:00
V4-W-00003-S2026072903-R12-Q1,12875,0x6bb01ba53f2c8aacfa9ee7475b477fdfda1c4ee591655c06df6d77cc9a0c8a48,False,2026-07-29 11:02:59.804322+00:00
V4-W-00003-S2026072903-R12-Q6,12836,0x0a9f214c42a8a14a2c9ec17a512b5a18dff07b4636c96da1b1adae139f9e9072,False,2026-07-29 11:03:00.056526+00:00
V4-W-00023-S2026072901-R12-Q1,12993,0x1f7549baa5aead9d3c17c8bb9ec57471b1bf1e291f51749b67be30d1bb36dcbb,False,2026-07-29 11:03:09.810686+00:00
V4-W-00004-S2026072902-R12-Q0,12946,0x14955399bee35136d981fcc4d8dde145c382f33062353f9a86b24e841c109a3d,False,2026-07-29 11:03:31.239404+00:00
V4-W-00004-S2026072902-R12-Q5,12922,0x62d95f1b6056efd524704108ec9f1e39c953b2da19460d9634003c702ba10d93,False,2026-07-29 11:03:31.497244+00:00
V4-W-00015-S2026072901-R12-Q2,12913,0x0d10a26980459fe05eaf63ca15062197ec3bc019c6d7a145d122f918f2ae709d,False,2026-07-29 11:03:50.366741+00:00
V4-W-00015-S2026072901-R12-Q6,12874,0x10a10057dd6648d979717663efcd74eeed7a2ff120ea4b5593e7dc64bf1e0b3a,False,2026-07-29 11:03:50.555651+00:00
V4-W-00025-S2026072903-R12-Q0,12908,0x585c31789455b627225a863e4b087c547a4c9ea3ffe31105922048f884c86b6e,False,2026-07-29 11:05:24.481140+00:00
V4-W-00000-S2026072901-R13-Q0,13084,0xecb3b2a66f04530c343e55dcd3c993195310566291fe0547463d92049e156b17,False,2026-07-29 11:10:19.862691+00:00
V4-W-00000-S2026072901-R13-Q5,13298,0x912cd0d2147c01670ca70f6cd32682e9c823c6d81aeb0751d598464edbcb7ab1,False,2026-07-29 11:10:20.107255+00:00
V4-W-00012-S2026072903-R13-Q2,13057,0xa94ffc8283b8885f5f80dfbb38dd5cd0dc39d2dcc372f30cac9d29be67a25eec,False,2026-07-29 11:10:22.321886+00:00
V4-W-00012-S2026072903-R13-Q7,13215,0x59612f5f02af81059639d7cef6dc46ac504c26e3dc8df03f85ec0cb6c068ec99,False,2026-07-29 11:10:22.565072+00:00
V4-W-00009-S2026072903-R13-Q3,13184,0xed0feb8f1c98ba50eced0481b862e33b52b8ebc33501b4bd27493805112ae248,False,2026-07-29 11:10:24.797351+00:00
V4-W-00018-S2026072902-R13-Q0,13412,0x40d395c3d838c1b66d47f7b1d471b98ef5782d574bc6b1786fca7e8491ecbb01,False,2026-07-29 11:10:27.010681+00:00
V4-W-00018-S2026072902-R13-Q5,13411,0xc8a96b3f3b736453ce4649011ee0652e35d1250aec5cd9d6f28ef804bd33b6b9,False,2026-07-29 11:10:27.274099+00:00
V4-W-00016-S2026072901-R13-Q0,13133,0x480396c8808870784737d15bf88b55b5f4e23086c9531342cf43fe3888c1916e,False,2026-07-29 11:10:30.521882+00:00
V4-W-00016-S2026072901-R13-Q7,13133,0x480396c8808870784737d15bf88b55b5f4e23086c9531342cf43fe3888c1916e,False,2026-07-29 11:10:30.759492+00:00
V4-W-00013-S2026072901-R13-Q6,13291,0x56ba36ea847c27a98ccc19c3ddbe0f765b96d7c4768b2a2f23837ed2f1dcf0d5,False,2026-07-29 11:10:33.771389+00:00
V4-W-00013-S2026072903-R13-Q0,13066,0xcaefce4c01f817650f8d452817f138b713273d0c5621cdc8856bd72a0ae490ac,False,2026-07-29 11:10:36.425168+00:00
V4-W-00013-S2026072903-R13-Q5,13383,0x130087699f472c3cbda12a8ad20c01407bfb4f546b05537e28bad344ed94f819,False,2026-07-29 11:10:36.788006+00:00
V4-W-00021-S2026072903-R13-Q2,13335,0x7ae7c7fe9f295095948b4960e0c906b8366174b16af80c640b2cf1ede53867b5,False,2026-07-29 11:10:41.923823+00:00
V4-W-00021-S2026072903-R13-Q7,13141,0xe3c7b823cd24615ec52bcf6aeaa2174f50d9236ae3265b74dc4fee6063a1196c,False,2026-07-29 11:10:42.180891+00:00
V4-W-00010-S2026072903-R13-Q4,13189,0xbd26db3c91c0e87af9f172ee5c1a86d5b943ff6ee96620a3612ef19cb630eea0,False,2026-07-29 11:10:44.634121+00:00
V4-W-00024-S2026072903-R13-Q1,13469,0xf11e1092cff143f8486ad6b2d29bf0bcf363b0838ad6d8636d25802ce6a5f10b,False,2026-07-29 11:10:47.092069+00:00
V4-W-00024-S2026072903-R13-Q5,13469,0xf11e1092cff143f8486ad6b2d29bf0bcf363b0838ad6d8636d25802ce6a5f10b,False,2026-07-29 11:10:47.319638+00:00
V4-W-00018-S2026072901-R13-Q2,13071,0x7b8ac42f61b302ca0272d5b47bde1dfc3a2daa43cedea1c2657a74411a91fe84,False,2026-07-29 11:10:49.789350+00:00
V4-W-00018-S2026072901-R13-Q7,13433,0xc4e8c2872d7a02221d695d192a0a7719cad5d7c85fbe75823690059c7d5dc72f,False,2026-07-29 11:10:50.038862+00:00
V4-W-00017-S2026072902-R13-Q3,13171,0xec10d114bb6b99aff3930cb7962f1711ea286133ce7d73139cccfc59c4ad5842,False,2026-07-29 11:10:52.554034+00:00
V4-W-00019-S2026072901-R13-Q2,13073,0xa4e3c1e3b3b422f9ae7673047c8891192cdff826c87445eae52dc8f1008e0ae5,False,2026-07-29 11:10:55.035787+00:00
V4-W-00019-S2026072901-R13-Q4,13317,0xe84546a5966a1fe0c4a64908838da7f7f4c0c24518efa7c775117cd07bd5d659,False,2026-07-29 11:10:55.266526+00:00
V4-W-00002-S2026072903-R13-Q0,13272,0x1aed17c6fc9196f5b21f6f1f25344a7546d85ac11970c5cc8804cb679bec9414,False,2026-07-29 11:10:57.741056+00:00
V4-W-00002-S2026072903-R13-Q6,13443,0xd5071911242fe8e201df321f26b58b5d21957dfe1bdb82ac7287aae6fe7c9439,False,2026-07-29 11:10:57.885646+00:00
V4-W-00022-S2026072902-R13-Q4,13076,0x2f82787f92c92bf836607946805798a0d4e90314865c86a5b71bfba81fded63a,False,2026-07-29 11:11:00.413863+00:00
V4-W-00011-S2026072901-R13-Q5,13453,0x5ee9bcfb23aa3269ed641873895f023253673009090da39e71de8372d68584b7,False,2026-07-29 11:11:02.883799+00:00
V4-W-00011-S2026072901-R13-Q6,13341,0x01bb9f935487eaebd42132931b17ad3d4512ab04da87cb81f06e5595af028363,False,2026-07-29 11:11:03.035075+00:00
V4-W-00023-S2026072902-R13-Q3,13193,0xc34668d2eff0782b572974f18da202098ba08900f89277fc55504fc7a23b8f1f,False,2026-07-29 11:11:05.557229+00:00
V4-W-00023-S2026072902-R13-Q4,13370,0xf9f00a83c19c787828ed6d7026cc4a1ffe802b80afc3ec48119eab68095bd1cb,False,2026-07-29 11:11:05.631098+00:00
V4-W-00009-S2026072902-R13-Q4,13081,0x838247daefe92bc4ba2376f0d164dff542d84cb4204922a8f2b2a4175b9265ab,False,2026-07-29 11:11:10.605385+00:00
V4-W-00010-S2026072901-R13-Q0,13158,0xdbf6c8e2cd8a2ebe7f90816dfc01de7b433f42d2ffcf9b7478fd04e4f172731e,False,2026-07-29 11:11:13.099712+00:00
V4-W-00010-S2026072901-R13-Q6,13408,0xa979b4414b5f280e8a76f0122fd0dcf23f910626406947ece513eb68858fe8dd,False,2026-07-29 11:11:13.339443+00:00
V4-W-00006-S2026072903-R13-Q3,13259,0xf7deea3671df2659497b15532feef5e0482db87d0165ac6e9fa7e3f700b9aef6,False,2026-07-29 11:11:20.875201+00:00
V4-W-00003-S2026072903-R13-Q0,13362,0x588e0b6b146ca5bdb1a03430851bef718c632a6375d45e1bca04348d6724d968,False,2026-07-29 11:11:23.317901+00:00
V4-W-00003-S2026072903-R13-Q4,13446,0x1e163d1e3e238be3af8d1bbf1948ca13d47e5698b94fe864948f85ae3cebd42b,False,2026-07-29 11:11:23.529725+00:00
V4-W-00009-S2026072901-R13-Q1,13413,0xbb3f9a1d8e8cb95bd137870d331b73a1a5e30e45c73dadb5c47e94d1c2237730,False,2026-07-29 11:11:25.958412+00:00
V4-W-00009-S2026072901-R13-Q6,13089,0x2db7cb43e1365ab2d81859d709cd05c2a6990e2b141f088cf547cae4ed181029,False,2026-07-29 11:11:26.234477+00:00
V4-W-00013-S2026072902-R13-Q3,13090,0xcd93a273d283b155f3e020595652aa5e1a9cfa10f9157f4f8dfb956a9af138f8,False,2026-07-29 11:11:28.614581+00:00
V4-W-00026-S2026072901-R13-Q4,13092,0x5f863e52b049279d84014b0ff39746bd0be9bd7e700a93950c0add51b2c3b2a9,False,2026-07-29 11:11:31.115021+00:00
V4-W-00026-S2026072901-R13-Q1,13425,0xd0b77daeea5b5cd96baf9af78a8eda88082a690d410c9ea632b0b54560f9a27f,False,2026-07-29 11:11:31.381904+00:00
V4-W-00023-S2026072901-R13-Q5,13093,0xabe09091951e02279e65c58ba1b6232663b4c1aac9d099a4036d7246308a0a59,False,2026-07-29 11:11:33.801080+00:00
V4-W-00023-S2026072901-R13-Q6,13093,0xabe09091951e02279e65c58ba1b6232663b4c1aac9d099a4036d7246308a0a59,False,2026-07-29 11:11:34.032039+00:00
V4-W-00025-S2026072902-R13-Q0,13094,0xf1634c7ecb2ed85ecfcaaa808de25bdd282530f6f6ff7446d77209bea8ed755e,False,2026-07-29 11:11:36.462248+00:00
V4-W-00025-S2026072901-R13-Q0,13346,0x80e78480af6ed05d0abd79b53183691c4bad22832d196d55a20aba24de94c431,False,2026-07-29 11:11:38.980773+00:00
V4-W-00025-S2026072901-R13-Q5,13138,0xe3a9e0dd698b116f0ad9336db36c95d8c3df9d140e033fa32862732e575bc087,False,2026-07-29 11:11:39.167348+00:00
V4-W-00014-S2026072903-R13-Q1,13112,0x5b739bce320a87957ba784405756b96f1703422ce9a50061a63958156f769fe6,False,2026-07-29 11:11:46.910029+00:00
V4-W-00014-S2026072903-R13-Q7,13112,0x5b739bce320a87957ba784405756b96f1703422ce9a50061a63958156f769fe6,False,2026-07-29 11:11:47.038480+00:00
V4-W-00001-S2026072901-R13-Q4,13289,0x7f394bbe9ee63554bcb60519e6016c7a83753db79e899633a8720fab5eb097fe,False,2026-07-29 11:11:52.110875+00:00
V4-W-00026-S2026072902-R13-Q0,13103,0x215505e63ca06cc03ea0ca985756cca7a71c7ecefb51f69e5cd0f25abb1e7d3d,False,2026-07-29 11:11:54.476729+00:00
V4-W-00026-S2026072902-R13-Q7,13227,0x63688f4515d3d9abefd43f2d60ee2821271a7ec43409d7e79884fd96f1c22ba1,False,2026-07-29 11:11:54.810838+00:00
V4-W-00015-S2026072903-R13-Q2,13251,0x41d92e61874e274897b4c3b964179d51485185e83c66b2cfa222853c4d0f93f7,False,2026-07-29 11:11:57.198163+00:00
V4-W-00015-S2026072903-R13-Q7,13251,0x41d92e61874e274897b4c3b964179d51485185e83c66b2cfa222853c4d0f93f7,False,2026-07-29 11:11:57.485079+00:00
V4-W-00018-S2026072903-R13-Q3,13191,0x3108c476bc6a660a06b6d4b322ba17682533df92135a85a10ac10053facb2659,False,2026-07-29 11:11:59.846855+00:00
V4-W-00007-S2026072903-R13-Q2,13267,0x629b6fa8fe3814eff2c67859f9625918259ff6de69ffb0773a99a1c57ab9847a,False,2026-07-29 11:12:04.923537+00:00
V4-W-00007-S2026072903-R13-Q5,13235,0x39b5f3a4e2cf7ce5cd60a858d0037864daa8ae5c8e1201836324b009cece18e2,False,2026-07-29 11:12:05.224262+00:00
V4-W-00006-S2026072901-R13-Q2,13349,0x643445221658d785358bc02aedef84ab26929f4e094b7d3d601cc46d9a61d7dd,False,2026-07-29 11:12:07.554960+00:00
V4-W-00006-S2026072901-R13-Q7,13132,0xd1cbc313a4a2ec854e3a14175286536ad1f1d07cf9096944f9012cef26d56f61,False,2026-07-29 11:12:07.861540+00:00
V4-W-00017-S2026072901-R13-Q5,13254,0x7291f743b5d1cc279b219d4cd8218d85b2f65ecd0d5eb793d70a76c140b9d299,False,2026-07-29 11:12:10.377641+00:00
V4-W-00003-S2026072901-R13-Q0,13167,0xbd397ddbb16e1f5097c992189aed709e7616525209826995b4ccde83803ac49e,False,2026-07-29 11:12:15.244380+00:00
V4-W-00003-S2026072901-R13-Q5,13167,0xbd397ddbb16e1f5097c992189aed709e7616525209826995b4ccde83803ac49e,False,2026-07-29 11:12:15.506025+00:00
V4-W-00005-S2026072901-R13-Q6,13118,0x18c2d3e6fd05db28a53c16fd5d6c7550b06880fdaea0b316ec68ec8146d515ab,False,2026-07-29 11:12:23.157286+00:00
V4-W-00005-S2026072901-R13-Q2,13447,0x350429820430e91567d569c80a5f31863b71bde6a34d0eaf3195220a11860ae8,False,2026-07-29 11:12:23.309653+00:00
V4-W-00006-S2026072902-R13-Q4,13240,0x1c2d9d43d9833dc0d162d0eef8982ab6b496a1cfc4a238fdd5ed220a65435422,False,2026-07-29 11:12:25.756842+00:00
V4-W-00022-S2026072903-R13-Q1,13323,0x01fcff783cb9fc94d1c1f88aff1cc2b8ef53e4c3f63edd2644f6eaabde4589e1,False,2026-07-29 11:12:30.902974+00:00
V4-W-00022-S2026072903-R13-Q5,13122,0x7577603acd3e88f525f01e29cf1fade04ec18e53e220b01624a13194a720ba02,False,2026-07-29 11:12:31.146655+00:00
V4-W-00010-S2026072902-R13-Q2,13321,0xd6aea9cc10d9416caf9a0d8630da67614d116b2a17a5153cc29da86a94cbed6e,False,2026-07-29 11:12:33.498668+00:00
V4-W-00010-S2026072902-R13-Q7,13321,0xd6aea9cc10d9416caf9a0d8630da67614d116b2a17a5153cc29da86a94cbed6e,False,2026-07-29 11:12:33.741381+00:00
V4-W-00007-S2026072901-R13-Q5,13450,0x60b985b99dca6a6a09c6c1083d169e9aea2a661e1e711533217ade95d769ceee,False,2026-07-29 11:12:36.236925+00:00
V4-W-00014-S2026072901-R13-Q4,13216,0xdcaac5daa3c03dc4194ad2420f75628726b315d66559ca5febf07ca72c9459c4,False,2026-07-29 11:12:41.259048+00:00
V4-W-00014-S2026072901-R13-Q5,13216,0xdcaac5daa3c03dc4194ad2420f75628726b315d66559ca5febf07ca72c9459c4,False,2026-07-29 11:12:41.412494+00:00
V4-W-00008-S2026072903-R13-Q5,13334,0x01a5139b751b898a2d35b72f24a321ef844d5062d97e786240a8be8f72d3b39e,False,2026-07-29 11:12:46.386005+00:00
V4-W-00008-S2026072903-R13-Q0,13225,0xa6a94834c32ff9f48c1c900188264a65ad500bd434a8525b29fa62e567c97188,False,2026-07-29 11:12:46.541435+00:00
V4-W-00026-S2026072903-R13-Q7,13131,0x7026afcfe547ecf8b451a107c7810f780cf6048a3d954d2143159e5bb1ad1518,False,2026-07-29 11:12:49.078460+00:00
V4-W-00008-S2026072901-R13-Q0,13363,0x529d221e8f06411afde7771a71e3b48f5689f516481845aae55680089b366624,False,2026-07-29 11:12:56.737481+00:00
V4-W-00008-S2026072901-R13-Q7,13389,0xf8c3382e6d0f4726314870f3da716ab7f2b35fb45fef5beccc4367c5b19734fc,False,2026-07-29 11:12:56.840602+00:00
V4-W-00011-S2026072903-R13-Q1,13305,0x0185715d9b8236cf05b0ffeab8301e12909fb696aa6b415699bc1a58ac2aff47,False,2026-07-29 11:12:59.288417+00:00
V4-W-00011-S2026072903-R13-Q6,13159,0xa9eccfab2cd63877a8b42dd89ba4626e5742bf7356da45e400eb8b442770ade3,False,2026-07-29 11:12:59.420687+00:00
V4-W-00024-S2026072901-R13-Q4,13279,0x83081af27704e41ba6881a85d5e55e1a6e802a4e08cb2affaebb2c1b77743189,False,2026-07-29 11:13:01.788838+00:00
V4-W-00012-S2026072902-R13-Q1,13139,0x7138f6358c694e508820706c93bbcef71f197452b8489418746ed0c44a6908af,False,2026-07-29 11:13:06.894616+00:00
V4-W-00012-S2026072902-R13-Q6,13253,0x70288cbee1600345126970c538db578ee7a1d9be195055d94dbdb57b8ef77c9e,False,2026-07-29 11:13:07.220016+00:00
V4-W-00016-S2026072903-R13-Q2,13224,0xbe0d90b0e70414ff26a38861f196c7aeae1ef2434894ee1b06ce2b363d0a4076,False,2026-07-29 11:13:12.630937+00:00
V4-W-00019-S2026072902-R13-Q0,13199,0xff07de267070bdec64d613cbc36b08220196f26feede4cca9090dd91c5b3cd34,False,2026-07-29 11:13:15.106414+00:00
V4-W-00019-S2026072902-R13-Q4,13199,0xff07de267070bdec64d613cbc36b08220196f26feede4cca9090dd91c5b3cd34,False,2026-07-29 11:13:15.320786+00:00
V4-W-00024-S2026072902-R13-Q1,13416,0xbc926146a2ee7c4e1e9126ac97493fa21f7ebe21d984ad9b7f88c88cecfef187,False,2026-07-29 11:13:20.259166+00:00
V4-W-00024-S2026072902-R13-Q6,13309,0x8eb2d6b1771ea74e4c81e4f64f9116c8d3affd12e98441941661fceaa4592940,False,2026-07-29 11:13:20.513044+00:00
V4-W-00000-S2026072903-R13-Q3,13164,0x8aea92436945fbe258a40c06e53deac9eadf1c5d1855ff04e741618bbdb45bb1,False,2026-07-29 11:13:25.569268+00:00
V4-W-00025-S2026072903-R13-Q2,13198,0xaf13bd9ec0580caa6e296a83e4b1a03e36f8c7791bbd4a15fca7f4025371eaa8,False,2026-07-29 11:13:28.042654+00:00
V4-W-00025-S2026072903-R13-Q5,13198,0xaf13bd9ec0580caa6e296a83e4b1a03e36f8c7791bbd4a15fca7f4025371eaa8,False,2026-07-29 11:13:28.283800+00:00
V4-W-00001-S2026072902-R13-Q1,13178,0xec66332709be5676511ccb37f48fbfb7c30f8ac0edd98dbab0b96af489954d06,False,2026-07-29 11:13:30.591924+00:00
V4-W-00001-S2026072902-R13-Q5,13266,0x0f9f1e843f4833204d7d60a5b8383c826b2bee616ccdeeb09f65571ffe83c969,False,2026-07-29 11:13:30.882167+00:00
V4-W-00022-S2026072901-R13-Q6,13242,0xbc6a346da1feaa5909049b6a56ad8610a917fdf604d7d0ece836905242687ee7,False,2026-07-29 11:13:35.965925+00:00
V4-W-00000-S2026072902-R13-Q0,13229,0xa4319a2f085d5b49186609fe4777ae9236f0566d73c5c3f96914743ce8378c7a,False,2026-07-29 11:13:40.841303+00:00
V4-W-00000-S2026072902-R13-Q5,13255,0xfabba7517199f1057d5ce1487f873070554af5e53778639896bd6c5f0df86650,False,2026-07-29 11:13:41.125776+00:00
V4-W-00023-S2026072903-R13-Q2,13339,0x3227d6e917b20140a9faccd6a17edeb51937f477842b9b786307fbe04bbe9d9e,False,2026-07-29 11:13:51.292161+00:00
V4-W-00023-S2026072903-R13-Q5,13231,0x535d103278ba9be8b7911508d48de06afd1c0ac332bb5e79af9660e37543355e,False,2026-07-29 11:13:51.477465+00:00
V4-W-00020-S2026072903-R13-Q5,13436,0x670a41514ab7a98713af2edce6bd750bde858053d88ddec436648009bb88f658,False,2026-07-29 11:13:59.196017+00:00
V4-W-00014-S2026072902-R13-Q2,13322,0x2a96112abb42774b93579f925640b88de99cc92ab257f26f84be6556ab84f574,False,2026-07-29 11:14:06.695419+00:00
V4-W-00014-S2026072902-R13-Q7,13442,0x38037f994af05e3e9c45461e5afe6d5d3307c3ce96afc66dfc1a587334fcbf81,False,2026-07-29 11:14:06.959064+00:00
V4-W-00021-S2026072902-R13-Q2,13210,0x84332682be8daa8e438febf06fca24763a34c8055b22e11f71a16c089cebcfa3,False,2026-07-29 11:14:22.329749+00:00
V4-W-00021-S2026072902-R13-Q7,13177,0x7e498537163ad61359eb928976dd39412c71b9516d696b3b1dd58022d96ad5b6,False,2026-07-29 11:14:22.597647+00:00
V4-W-00015-S2026072901-R13-Q3,13180,0x1682f8d6f053f118db3839051cffdb8031be0f07d0612e64ed1f13bd35f18133,False,2026-07-29 11:14:27.593533+00:00
V4-W-00003-S2026072902-R13-Q0,13182,0xff8a97d68b86365ab12495e00b0e5226d7cad889797a97dcf2d40fe46e1f3c97,False,2026-07-29 11:14:32.604047+00:00
V4-W-00003-S2026072902-R13-Q5,13182,0xff8a97d68b86365ab12495e00b0e5226d7cad889797a97dcf2d40fe46e1f3c97,False,2026-07-29 11:14:32.866761+00:00
V4-W-00019-S2026072903-R13-Q2,13268,0xc149f1543a54b930e85cc3d1a4e96e9f9d0c7502933274be106557f74bc76bba,False,2026-07-29 11:14:43.090226+00:00
V4-W-00019-S2026072903-R13-Q4,13188,0xa4cb7cd18468d8d81c34829330da34348ad9dc0d0feeab991c2ef51e66f979c1,False,2026-07-29 11:14:43.313812+00:00
V4-W-00020-S2026072902-R13-Q5,13357,0x7d5bb217206d5d7602d246757fcd10fba9e0ff1d6965398e1f5625c69d4f6a22,False,2026-07-29 11:15:09.090623+00:00
V4-W-00005-S2026072903-R13-Q0,13258,0x38c42a773a45db34fcaa04bb7104cbe00411c525663c1333992be3b887ff35de,False,2026-07-29 11:15:29.521126+00:00
V4-W-00005-S2026072903-R13-Q6,13211,0xb23c17fd9edbba0c5cc64aee847d5461a4e25ae2c083df78d45f19ec5fa926d4,False,2026-07-29 11:15:29.837001+00:00
V4-W-00008-S2026072902-R13-Q0,13213,0x2cd95eec89eebf62b4f20c856599edba837f7faffee1094a31c4bdaefe7d94fc,False,2026-07-29 11:15:34.898885+00:00
V4-W-00008-S2026072902-R13-Q5,13236,0x506937b6314a62bd531556b77b69cf1e3f04e180544d9e58f8d5138a3436c412,False,2026-07-29 11:15:35.034775+00:00
V4-W-00021-S2026072901-R13-Q4,13307,0x0f8b750e8f56e316bc11f91afef4f2c4b206b4c86bd1b8ba40258e5b6bcdbf0f,False,2026-07-29 11:15:42.686268+00:00
V4-W-00012-S2026072901-R13-Q1,13220,0x6119bfd56afd39c9e09a53e9912df11402af5e1d0c8743886a9f4ca5c56b6a66,False,2026-07-29 11:15:47.714163+00:00
V4-W-00012-S2026072901-R13-Q5,13345,0x24bb01aec74e1ace262e59d23940bc35129baa8714fc53fce75a690dae4bbda4,False,2026-07-29 11:15:47.941203+00:00
V4-W-00020-S2026072901-R13-Q3,13353,0x668adadfe3434d82906c19a10ed04587fa09959f200a5ac06c4849e30e730057,False,2026-07-29 11:15:50.550322+00:00
V4-W-00020-S2026072901-R13-Q6,13221,0xb69990f096496ed15b4705b6b054578178ba10f5f122a874f754367878ce0b56,False,2026-07-29 11:15:50.673388+00:00
V4-W-00002-S2026072901-R13-Q1,13241,0x5d84189bfec19853cbfcd0be22e3ef58c99a776afc1ae14e98ee4243a7e095eb,False,2026-07-29 11:16:04.176253+00:00
V4-W-00017-S2026072903-R13-Q2,13275,0x08dd05d5f28f77c21406e95b99c60ea3bfe5f2aca55cf73637318c4b7627af1e,False,2026-07-29 11:16:12.026638+00:00
V4-W-00017-S2026072903-R13-Q1,13232,0xdde4e5f983835258a8830d9544f9151cf4febbdfe953cc2e37a42b15baf584bb,False,2026-07-29 11:16:12.110460+00:00
V4-W-00001-S2026072903-R13-Q1,13371,0xf30f0d1554580fa6c40bb69499972adf983e10cf332e1a65590011c05072746c,False,2026-07-29 11:16:48.076920+00:00
V4-W-00001-S2026072903-R13-Q7,13371,0xf30f0d1554580fa6c40bb69499972adf983e10cf332e1a65590011c05072746c,False,2026-07-29 11:16:48.316951+00:00
V4-W-00004-S2026072902-R13-Q5,13277,0x609a0edbf742bbab02db5679dcf4a6e6e89f03e132ab40ab671440bfa5a7053d,False,2026-07-29 11:17:09.108579+00:00
V4-W-00011-S2026072902-R13-Q3,13318,0x8085a7bfd9cd942c448bbb6b4b0619de9e199feacfdf336a902cd5266b2d1c7b,False,2026-07-29 11:17:26.904438+00:00
V4-W-00011-S2026072902-R13-Q7,13269,0xf71845df1025a99eba69019d975a758bef7d3ce87a81e0e51feef878c5aa0ed6,False,2026-07-29 11:17:27.186400+00:00
V4-W-00002-S2026072902-R13-Q7,13419,0x7743e46f47b91dec2ba45bfc03eef28d0d4b50f19a00ffac5bb5fdd71004bf61,False,2026-07-29 11:17:47.716012+00:00
V4-W-00002-S2026072902-R13-Q3,13419,0x7743e46f47b91dec2ba45bfc03eef28d0d4b50f19a00ffac5bb5fdd71004bf61,False,2026-07-29 11:17:47.861048+00:00
V4-W-00015-S2026072902-R13-Q4,13294,0x070a512cea57af951d95b28d97b687f7347bbfd90c959c837156f886b1436015,False,2026-07-29 11:18:16.052336+00:00
V4-W-00007-S2026072902-R13-Q3,13308,0x332e9f4afb0d9e1e51c3e6ee4e66d65c37195c4dfaeed9e06492e3a8cdb489ae,False,2026-07-29 11:18:44.022443+00:00
V4-W-00007-S2026072902-R13-Q2,13460,0xabb95012c7c1a77bac0ff6d3abd1957598839f1ab69d562ae82b5a11e02eb809,False,2026-07-29 11:18:44.349025+00:00
V4-W-00004-S2026072903-R13-Q2,13326,0x5325f629d8fc0392f79661472dfabc307de7a66393ff8984c1df9d7173108344,False,2026-07-29 11:19:20.195762+00:00
V4-W-00005-S2026072902-R13-Q5,13452,0x7712413e7238ce9d762b6e82a42b7412dca08cbc3fc391749db88becd7d0be03,False,2026-07-29 11:19:33.033115+00:00
V4-W-00005-S2026072902-R13-Q2,13452,0x7712413e7238ce9d762b6e82a42b7412dca08cbc3fc391749db88becd7d0be03,False,2026-07-29 11:19:33.116247+00:00
V4-W-00016-S2026072902-R13-Q1,13393,0x4dd7d4cadc1044bec8a411f4eecff4147632b0d84b8ef07643adf11b17632350,False,2026-07-29 11:19:43.236193+00:00
V4-W-00016-S2026072902-R13-Q6,13385,0x336c1af271ab1c42d955c6fd366c31fcd398b93ee5f6513f51b12c6cdc49fb81,False,2026-07-29 11:19:43.452084+00:00
V4-W-00004-S2026072901-R13-Q0,13344,0xdb39f0fd9407682cb8970621ca63f3b3c0c6d1c28489cac2c1f4467831087653,False,2026-07-29 11:19:56.008566+00:00
V4-W-00017-S2026072902-R14-Q3,13651,0x3d2f4add0d8230cf924a571991236b67a6b767839040ad92cd17a5f815a2fca6,False,2026-07-29 11:24:18.368909+00:00
V4-W-00017-S2026072902-R14-Q5,13651,0x3d2f4add0d8230cf924a571991236b67a6b767839040ad92cd17a5f815a2fca6,False,2026-07-29 11:24:18.603124+00:00
V4-W-00009-S2026072903-R14-Q1,13894,0xdb86619cd1527b3d62b110f759e71715238cadec31bb9e4476dbb367d6e25efc,False,2026-07-29 11:24:20.968990+00:00
V4-W-00009-S2026072903-R14-Q6,13479,0xa2adafbb79930c56f3aab03c7150c175894548932a07216f6368a14b01ecfcf8,False,2026-07-29 11:24:21.260583+00:00
V4-W-00018-S2026072901-R14-Q3,13506,0x9c66aff80f27e052d80b6616660fbbb2fa59200a66b8f0f1e08098eadcb84379,False,2026-07-29 11:24:23.705657+00:00
V4-W-00017-S2026072901-R14-Q3,13799,0x5cb9bfd98ca496636c1d315c7b78860f59b1f2e4717ce065619d613098c427cf,False,2026-07-29 11:24:28.828885+00:00
V4-W-00017-S2026072901-R14-Q0,13481,0x5bd56013b578f7b2d8571b7a84a8370a9cb37753eb7a51e399ff3b23a7188895,False,2026-07-29 11:24:29.109061+00:00
V4-W-00010-S2026072901-R14-Q3,13893,0xd3762ac572814a5a980c47ea90feb772e22ab095920d4d4d88b042609e6abd6b,False,2026-07-29 11:24:31.497954+00:00
V4-W-00010-S2026072901-R14-Q5,13887,0xc16342b31149e0c853d83a68c43083433e14057fc2acc6f797c21ba1e57836f2,False,2026-07-29 11:24:31.735719+00:00
V4-W-00006-S2026072903-R14-Q3,13591,0x90a5987f58f1d6c76725e72effba22fb0b3f1427d1392499dd8810240f783a22,False,2026-07-29 11:24:34.089765+00:00
V4-W-00012-S2026072901-R14-Q0,13772,0x5fd89fde796a7e14a816a1b4955951c0cf5fd6cad2304f56c45e3dc8b5da4743,False,2026-07-29 11:24:36.481944+00:00
V4-W-00012-S2026072901-R14-Q5,13556,0xa339c9d6afcfa2efe89813df84808f745d1bcb2f409bcf6ee9c7989351d1b842,False,2026-07-29 11:24:36.751752+00:00
V4-W-00013-S2026072901-R14-Q3,13635,0x34f0a65b7c026d2e64e11e99d8a2196e468dd9e220e0a4df9d42ace3815b587c,False,2026-07-29 11:24:39.210657+00:00
V4-W-00013-S2026072901-R14-Q7,13486,0xc85dfb539ab4896c5fb7cc185019259f4c529a92e87c6a1242332a71aa533a95,False,2026-07-29 11:24:39.412850+00:00
V4-W-00019-S2026072903-R14-Q6,13868,0x7a209bc0bdcbf0598867767d97b5af6a037df24d9605bdbbf473dac75939e411,False,2026-07-29 11:24:41.795900+00:00
V4-W-00001-S2026072903-R14-Q1,13634,0x46e3219fefdcf451e00385a5ed8dfbad6d40b966af7d60bff3f0514b86e2c007,False,2026-07-29 11:24:44.215877+00:00
V4-W-00001-S2026072903-R14-Q5,13634,0x46e3219fefdcf451e00385a5ed8dfbad6d40b966af7d60bff3f0514b86e2c007,False,2026-07-29 11:24:44.443383+00:00
V4-W-00011-S2026072903-R14-Q2,13709,0xf692a78e9b166a65d194ff18f7248bb8a18b226a35256883340af1d4f779b60e,False,2026-07-29 11:24:46.990662+00:00
V4-W-00011-S2026072903-R14-Q7,13709,0xf692a78e9b166a65d194ff18f7248bb8a18b226a35256883340af1d4f779b60e,False,2026-07-29 11:24:47.103548+00:00
V4-W-00019-S2026072902-R14-Q4,13724,0x1d79d19a0b9e4158651e9608db87808d7c54cfd13eeec6d271ce82d6ed43f9e9,False,2026-07-29 11:24:49.563959+00:00
V4-W-00026-S2026072902-R14-Q3,13736,0x009740e554590ac9a8b515ff0bc32d962bab9d31ce4b1b1bede735d0ffabee68,False,2026-07-29 11:24:51.919697+00:00
V4-W-00026-S2026072902-R14-Q1,13736,0x009740e554590ac9a8b515ff0bc32d962bab9d31ce4b1b1bede735d0ffabee68,False,2026-07-29 11:24:52.184276+00:00
V4-W-00021-S2026072902-R14-Q2,13493,0xcd638c5c77fef5a5492a5a826a5cb6075255a7b7b5ca359e01b64bd3ecb9cd5d,False,2026-07-29 11:24:54.561801+00:00
V4-W-00021-S2026072902-R14-Q7,13582,0x291407dcdf2e3b3c02e9c73a6bb1575f1411f872cf2f4d126f1e785506c9551b,False,2026-07-29 11:24:54.824749+00:00
V4-W-00015-S2026072902-R14-Q4,13774,0xdac90d8abfa1a6f4f8bd4ada321fd9b31941d3df403607197dbc2166b5fb28db,False,2026-07-29 11:24:57.232142+00:00
V4-W-00025-S2026072903-R14-Q1,13848,0x6f43b6f9b5ce8f57f4bbd209e57727a959c5a34f6cb645693b5dcb8ed114708b,False,2026-07-29 11:24:59.764166+00:00
V4-W-00025-S2026072903-R14-Q5,13845,0x9e0c03fc86772f9b3e0d1bd771c381405d67ea1db9aaeef4bf70bcfe5073d2ea,False,2026-07-29 11:24:59.984795+00:00
V4-W-00004-S2026072903-R14-Q4,13661,0x64f59b1e1a56d4977e95af0d812ca6045209852b8d91314c34750517e18d1a74,False,2026-07-29 11:25:02.399574+00:00
V4-W-00004-S2026072903-R14-Q7,13819,0xb4b2d3afea21dd1e93874668b5d8b1a4b36fb1e0c3ba2e08c98e03421949c62f,False,2026-07-29 11:25:02.613766+00:00
V4-W-00023-S2026072903-R14-Q6,13791,0x8d071de9aa99c1f5d87e8cf1c592ee3b0fa8b8d2fa0f6c014e3027d7b5bbd325,False,2026-07-29 11:25:05.157533+00:00
V4-W-00007-S2026072903-R14-Q0,13710,0xd50557a5db584d26654c9be3e40ac8cc3b23110d52833e4cb9f65fde1f9bc73a,False,2026-07-29 11:25:07.511632+00:00
V4-W-00007-S2026072903-R14-Q6,13710,0xd50557a5db584d26654c9be3e40ac8cc3b23110d52833e4cb9f65fde1f9bc73a,False,2026-07-29 11:25:07.748585+00:00
V4-W-00024-S2026072901-R14-Q2,13794,0x3c3d7e7a33c9d5bc68d11cb3e8397ae6c86247522a263873f09100f033b61d31,False,2026-07-29 11:25:10.094615+00:00
V4-W-00024-S2026072901-R14-Q7,13794,0x3c3d7e7a33c9d5bc68d11cb3e8397ae6c86247522a263873f09100f033b61d31,False,2026-07-29 11:25:10.353666+00:00
V4-W-00009-S2026072902-R14-Q4,13904,0xd5e359cc975cfeecc639cc1104ee01052a250c6d6225901c6a7b353c91e1df81,False,2026-07-29 11:25:12.826521+00:00
V4-W-00016-S2026072903-R14-Q1,13646,0x33a466676423e2b872669674fcf9827665474497a26dead5c9821db690b3ffc3,False,2026-07-29 11:25:15.366553+00:00
V4-W-00016-S2026072903-R14-Q5,13646,0x33a466676423e2b872669674fcf9827665474497a26dead5c9821db690b3ffc3,False,2026-07-29 11:25:15.584981+00:00
V4-W-00007-S2026072902-R14-Q6,13579,0x70c078294ed2bc0577476c1d5820fa3a50cd51e00b7e07190368c0b254ab10ea,False,2026-07-29 11:25:23.355156+00:00
V4-W-00007-S2026072902-R14-Q7,13508,0x2768b50bb5006daf8aa03fac3a836fd262bf77b10e311af56349ae8bf3500265,False,2026-07-29 11:25:23.482775+00:00
V4-W-00012-S2026072902-R14-Q4,13849,0x64bb1b45c5128c696b15946a535c44f24e7bd4f6ede130962b5c896ca23c90fc,False,2026-07-29 11:25:25.951549+00:00
V4-W-00022-S2026072902-R14-Q2,13751,0x28011f6d695a331c26613a1a5c64839bb17d81592b8ae4e7f31c11e03f5e0709,False,2026-07-29 11:25:28.437614+00:00
V4-W-00022-S2026072902-R14-Q7,13751,0x28011f6d695a331c26613a1a5c64839bb17d81592b8ae4e7f31c11e03f5e0709,False,2026-07-29 11:25:28.623827+00:00
V4-W-00003-S2026072903-R14-Q3,13737,0x74a6a1f329a365c1441045278d8389460f108afb0bee4358c7928c495fe7a8c1,False,2026-07-29 11:25:33.639214+00:00
V4-W-00009-S2026072901-R14-Q0,13816,0x636a2e65581ec41b0b85d0f044b6733e51241ccb28fc0e87f6b15cc820505224,False,2026-07-29 11:25:36.071473+00:00
V4-W-00009-S2026072901-R14-Q4,13866,0xe46eb104691f1f93896f3e67e40e12f156e5bfa381f79e7baa83c7129265e711,False,2026-07-29 11:25:36.280505+00:00
V4-W-00023-S2026072901-R14-Q6,13605,0xd54b8b9d69ca17a43ea946acf6047aa3ef9f28a5c326ae58d49ec985e5645bec,False,2026-07-29 11:25:38.790718+00:00
V4-W-00023-S2026072901-R14-Q5,13628,0x66542576de58f4db4d0ceb0524908b6ffe603b9416b4babda503a38dd79935c8,False,2026-07-29 11:25:39.047064+00:00
V4-W-00021-S2026072901-R14-Q3,13844,0x7dd428ab8eb4818affb35567f4fc082ca2f86b12f3fd2ab4221f686c6060296a,False,2026-07-29 11:25:41.416109+00:00
V4-W-00018-S2026072903-R14-Q0,13694,0x16e569452f7409500fd5a34270c6f0e3bd611069a33366456133e54aef66c558,False,2026-07-29 11:25:43.824067+00:00
V4-W-00018-S2026072903-R14-Q5,13694,0x16e569452f7409500fd5a34270c6f0e3bd611069a33366456133e54aef66c558,False,2026-07-29 11:25:44.074582+00:00
V4-W-00010-S2026072903-R14-Q1,13841,0x39788eb3369f86f13fd13fabe404bac7c2b7689cfbf3ce4caf1f5af371b66f7f,False,2026-07-29 11:25:46.491838+00:00
V4-W-00010-S2026072903-R14-Q6,13567,0x215ef46f84c72a419717e5660101634c5a3a287360ba6b0cb10d9d19fd5a949d,False,2026-07-29 11:25:46.733804+00:00
V4-W-00024-S2026072902-R14-Q3,13571,0x2a8f28a1c4b6bb9bb8c71e1d5ad552d62bba0923d0e5f9594f8f0e0f91555bb7,False,2026-07-29 11:25:51.710129+00:00
V4-W-00003-S2026072901-R14-Q0,13575,0x5d7d8f533cc5587446a8910c89130dcfbe2297400462b7b15f0f5e5e0d3a6fe4,False,2026-07-29 11:25:54.175756+00:00
V4-W-00003-S2026072901-R14-Q5,13735,0x3806abd0d4a405c8df7c9d70302871cb7d4020b87d7f183f8d30ed51eec70bf8,False,2026-07-29 11:25:54.430178+00:00
V4-W-00010-S2026072902-R14-Q2,13524,0x5a04372f68d2471ef747488a84b5e8a7a73ba32a03447637713b29bb9ae05cdf,False,2026-07-29 11:25:56.881303+00:00
V4-W-00010-S2026072902-R14-Q7,13783,0xe126634f0b7650cbb22036313f57b7b6eb3c121dd33a43212b688d3506dbbf09,False,2026-07-29 11:25:57.116783+00:00
V4-W-00013-S2026072903-R14-Q3,13770,0x941ea0eb6b3811dd0063d74f8dbbde312cc0b6de618474d8c04ae6925533f549,False,2026-07-29 11:25:59.556642+00:00
V4-W-00008-S2026072902-R14-Q3,13527,0x466e0b9540dfd03783e31425fffbe41737f693b896327b5f5d8e9b9a44966e18,False,2026-07-29 11:26:02.100677+00:00
V4-W-00008-S2026072902-R14-Q6,13725,0x1141717faddd1fa0a4628426895eb6ff52cc8038de6d32a3c350e23ca44b4239,False,2026-07-29 11:26:02.261755+00:00
V4-W-00017-S2026072903-R14-Q1,13528,0x72117c4d4aeca542181e53508ecc313c74da788f8af481af955645d414743000,False,2026-07-29 11:26:04.755079+00:00
V4-W-00017-S2026072903-R14-Q6,13528,0x72117c4d4aeca542181e53508ecc313c74da788f8af481af955645d414743000,False,2026-07-29 11:26:04.869477+00:00
V4-W-00026-S2026072901-R14-Q0,13614,0xeeb6f179c4db29801ac45c3044404402aed012e7f766ef8adc3e972232c649b0,False,2026-07-29 11:26:07.309543+00:00
V4-W-00005-S2026072903-R14-Q5,13873,0x9d91743173d9d9971f61b2c940ae3a58dc9340032c3cc49c655c9492268a1920,False,2026-07-29 11:26:09.787952+00:00
V4-W-00005-S2026072903-R14-Q6,13873,0x9d91743173d9d9971f61b2c940ae3a58dc9340032c3cc49c655c9492268a1920,False,2026-07-29 11:26:10.055805+00:00
V4-W-00002-S2026072901-R14-Q6,13837,0xafc230473e6a27d59b3a3f33d97b516360271a1fff3172f3094081f98fda1fd9,False,2026-07-29 11:26:17.940492+00:00
V4-W-00002-S2026072901-R14-Q7,13837,0xafc230473e6a27d59b3a3f33d97b516360271a1fff3172f3094081f98fda1fd9,False,2026-07-29 11:26:18.101300+00:00
V4-W-00007-S2026072901-R14-Q4,13790,0xd4ab48b0c312cfaaaa347912da24b1e01d86f0d74247dbff166af8b1f4f83f53,False,2026-07-29 11:26:20.689791+00:00
V4-W-00021-S2026072903-R14-Q0,13842,0x74e5cefcaf66d2ad77ace2111ea862b841eea9ad07fb7abc5efdc09e6c482d1f,False,2026-07-29 11:26:23.229976+00:00
V4-W-00021-S2026072903-R14-Q5,13842,0x74e5cefcaf66d2ad77ace2111ea862b841eea9ad07fb7abc5efdc09e6c482d1f,False,2026-07-29 11:26:23.499649+00:00
V4-W-00025-S2026072901-R14-Q2,13656,0xf6267c94aa39de6fc916050e31407616d9cbb45445fc670d9016723d045436d6,False,2026-07-29 11:26:31.474784+00:00
V4-W-00025-S2026072901-R14-Q4,13823,0x36d877322683f2efcbf08d912b93c9aa9dd176fd873f91dc1cf870d354e05a89,False,2026-07-29 11:26:31.697028+00:00
V4-W-00019-S2026072901-R14-Q1,13728,0xf6c9fd221cc087a5b17186beb6f1ca790d40adda14bf94501457c46a3aa91da5,False,2026-07-29 11:26:34.350727+00:00
V4-W-00022-S2026072903-R14-Q4,13618,0xb55343d57eed66f90b1c608962a8dd553875b5d6743c7a715df31ad90f87cc9d,False,2026-07-29 11:26:36.993744+00:00
V4-W-00022-S2026072903-R14-Q5,13776,0x9f4a1894f40c5c81124cb2123c34ed24e1541a34e8e07c66be6342348036ae94,False,2026-07-29 11:26:37.143221+00:00
V4-W-00006-S2026072902-R14-Q2,13809,0xec9b5d930f95792b7fba90fe726ac91b1039ae46eadbeb1acb04553818535162,False,2026-07-29 11:26:39.635795+00:00
V4-W-00006-S2026072902-R14-Q7,13546,0xfae3e7a0d47e27d0fa9f7197c0c9256af3a0a2d6dc6ac02695eb4da82ee22e67,False,2026-07-29 11:26:39.937456+00:00
V4-W-00023-S2026072902-R14-Q6,13550,0xe605873ee6e92109058c651f0a4f3c71fca5e52e23fa0f41a56d0fa35de7f8d3,False,2026-07-29 11:26:48.050595+00:00
V4-W-00025-S2026072902-R14-Q0,13615,0xa9ece517ed903a66c76192e830961016b6a92d2afa0287a289e43ede61ef74f7,False,2026-07-29 11:26:50.515396+00:00
V4-W-00025-S2026072902-R14-Q6,13804,0xbaf5f981d14c7f044d3f5b12278c61f29663d3c68fef16aaa8d71ee049443049,False,2026-07-29 11:26:50.764519+00:00
V4-W-00001-S2026072902-R14-Q0,13693,0xec531c9e1e85187ce92cd2032f01ac5bd2c97faa919578e9198cf830e5b943e4,False,2026-07-29 11:26:53.340806+00:00
V4-W-00001-S2026072902-R14-Q7,13729,0x804bfcc7d4fe03a610c81f5d55bb6fa8636a717d0a1eb593d4adb02929e676bc,False,2026-07-29 11:26:53.601843+00:00
V4-W-00002-S2026072902-R14-Q2,13558,0x5dbdec397f9cb09ec1c8edfb08ab6924f3c1bb32fb4f432aee3a65f67bce7003,False,2026-07-29 11:27:04.971356+00:00
V4-W-00004-S2026072901-R14-Q1,13660,0x0eb55f978112784da8fc857136c3edf3f205237d877ab9977858f79ad9853748,False,2026-07-29 11:27:07.531652+00:00
V4-W-00004-S2026072901-R14-Q5,13732,0x4f3f71815e998269d66be3ba77e8779dea9cf23a7212b9ac6fbdc3a2bdfe4977,False,2026-07-29 11:27:07.834576+00:00
V4-W-00001-S2026072901-R14-Q3,13561,0xea97c6d0e75d54d63c7ef9948a5beacfaf318a6ed357627b19612ed9bf1f2da6,False,2026-07-29 11:27:10.339863+00:00
V4-W-00001-S2026072901-R14-Q4,13820,0xbd81f4206a95cb21ce1d4169761597f484fb243ed50b5f9a77ddb1d7cafe2adb,False,2026-07-29 11:27:10.555940+00:00
V4-W-00013-S2026072902-R14-Q4,13563,0xab3cf80cc03917d34015233340717fc66d6b8408cdc9c06181d57a2ceb205319,False,2026-07-29 11:27:13.299600+00:00
V4-W-00008-S2026072901-R14-Q6,13648,0x6df70a13753415ca5aae83860a4f7592727bed99550d9ccaad7ab9a2350f0a8a,False,2026-07-29 11:27:15.948636+00:00
V4-W-00008-S2026072901-R14-Q7,13648,0x6df70a13753415ca5aae83860a4f7592727bed99550d9ccaad7ab9a2350f0a8a,False,2026-07-29 11:27:16.074808+00:00
V4-W-00020-S2026072903-R14-Q3,13798,0x7fc34b846087955f694193310530dbe6a4fb6f96573bc8123c8098f3b787f6a4,False,2026-07-29 11:27:18.625792+00:00
V4-W-00003-S2026072902-R14-Q0,13740,0x162137104bf20a8c1a2da74a0e16850e052e4036bfc4160554f44bcb6ef274ad,False,2026-07-29 11:27:32.021940+00:00
V4-W-00003-S2026072902-R14-Q4,13740,0x162137104bf20a8c1a2da74a0e16850e052e4036bfc4160554f44bcb6ef274ad,False,2026-07-29 11:27:32.231269+00:00
V4-W-00014-S2026072903-R14-Q3,13577,0x2d23015fe7b4237084ba4004baefb5b6c59191b18332c1b84f3566d7e37657c2,False,2026-07-29 11:27:42.727469+00:00
V4-W-00014-S2026072903-R14-Q7,13746,0x3136f6e58064ea98d164ffafd69ef74e82b57bf4455b2e690b6a614f7248b455,False,2026-07-29 11:27:43.102011+00:00
V4-W-00005-S2026072901-R14-Q2,13655,0x86abeb6fe2cf16a7179a85dd2ec27f9d581b9c135479f820d29900de74395271,False,2026-07-29 11:27:48.390785+00:00
V4-W-00015-S2026072901-R14-Q0,13856,0xa4c4b70f55a1352cb8df1823a77ee9bc8eee1ed01aafc01b0ceaf44b71c07f02,False,2026-07-29 11:27:53.356247+00:00
V4-W-00015-S2026072901-R14-Q5,13583,0xbafdf42034b7089e1507621b084b5181c885148f6f876ac723deb46411ba6ef3,False,2026-07-29 11:27:53.644701+00:00
V4-W-00000-S2026072903-R14-Q1,13697,0x3e20a5a64992054bcd1c724c8f9d313a481280baa7ce41a077f1c13e588e30c0,False,2026-07-29 11:27:56.120396+00:00
V4-W-00000-S2026072903-R14-Q6,13630,0x4ac2c5e6d4dbd8510cabeda39c4738bb13e5e70339f972aa4581ce26e47d26d0,False,2026-07-29 11:27:56.380854+00:00
V4-W-00024-S2026072903-R14-Q3,13857,0xf7b08950bf77e48d1a7371aab601371f0fb6a65c38d89ac0644da1c5a4dea9ea,False,2026-07-29 11:27:58.962952+00:00
V4-W-00004-S2026072902-R14-Q1,13773,0x4ae19ba18c87e2e67c8ec5eb9923f81bdacb644b7a58642009a1832d4ab68473,False,2026-07-29 11:28:17.854406+00:00
V4-W-00004-S2026072902-R14-Q5,13773,0x4ae19ba18c87e2e67c8ec5eb9923f81bdacb644b7a58642009a1832d4ab68473,False,2026-07-29 11:28:18.135510+00:00
V4-W-00015-S2026072903-R14-Q2,13670,0x6798d0893924087e6b95b7300d95257bde02a993b361df3f1b195d8781e27c1a,False,2026-07-29 11:28:20.630741+00:00
V4-W-00015-S2026072903-R14-Q6,13596,0x595241e1a76e79f8f17b4c317033081e330aeb72056bd87d89786a96560fa26f,False,2026-07-29 11:28:20.846664+00:00
V4-W-00016-S2026072901-R14-Q3,13852,0x01ef5fa109919e92e0f24f8b94bf7f8359fda22df114ad1a2e190577e07d7600,False,2026-07-29 11:28:26.108271+00:00
V4-W-00011-S2026072902-R14-Q3,13657,0xafa886d0e73836d678557e70b0a56b8ea2b6e9f0b4317c2d4dbb0bc9d2a0ea21,False,2026-07-29 11:28:28.789578+00:00
V4-W-00011-S2026072902-R14-Q5,13669,0x22d52e79cdf92376d8b9ff75ea10615769ef26668dac64c149b007ac7c0362dd,False,2026-07-29 11:28:29.086654+00:00
V4-W-00005-S2026072902-R14-Q4,13686,0xe8821c24cda40d6ebe9d0f48f4a787a1400f0ab9c2027bd778bda8ccd441442e,False,2026-07-29 11:28:34.423790+00:00
V4-W-00005-S2026072902-R14-Q2,13603,0xd3e052fb3588e1ca88cf5b854b931954b3b0585d8078e3eaf5c483e214a69e27,False,2026-07-29 11:28:34.509669+00:00
V4-W-00002-S2026072903-R14-Q0,13607,0xfafd775762278d2bf3a7e1504605ca7ef06641360479ed20c92eda9e0f07d480,False,2026-07-29 11:28:42.491322+00:00
V4-W-00016-S2026072902-R14-Q0,13874,0x59567a49249a3a5a1ff87688279b64e3bbb8c871f59a10bb11bb9974bf8fa216,False,2026-07-29 11:29:06.732659+00:00
V4-W-00016-S2026072902-R14-Q7,13874,0x59567a49249a3a5a1ff87688279b64e3bbb8c871f59a10bb11bb9974bf8fa216,False,2026-07-29 11:29:06.988077+00:00
V4-W-00012-S2026072903-R14-Q2,13861,0x6a4551048fdcf8818b4a2748d5112de8ca49af3a36baa91bce9ad10514773b3f,False,2026-07-29 11:29:12.303716+00:00
V4-W-00012-S2026072903-R14-Q7,13861,0x6a4551048fdcf8818b4a2748d5112de8ca49af3a36baa91bce9ad10514773b3f,False,2026-07-29 11:29:12.580035+00:00
V4-W-00022-S2026072901-R14-Q4,13717,0xbb4f782b8b9e670bfca6784e88c99fbbb56968e51d005f1d627f4a97f1a37b1b,False,2026-07-29 11:29:15.213678+00:00
V4-W-00020-S2026072902-R14-Q0,13707,0x6624feb21e069b5e6652e6cf1acb1c8cdcf82847a6a67cddbc96d3dc96a92928,False,2026-07-29 11:29:20.476911+00:00
V4-W-00020-S2026072902-R14-Q6,13812,0x313e23f26fa51cd6d5085db6ca3b480389d454320016ac6dd3f894a8ae8df666,False,2026-07-29 11:29:20.707616+00:00
V4-W-00026-S2026072903-R14-Q5,13900,0xc202a04dff649bb35131c5c0d797a70d1787bf52243c036edab829e488703b0f,False,2026-07-29 11:29:31.299400+00:00
V4-W-00026-S2026072903-R14-Q6,13900,0xc202a04dff649bb35131c5c0d797a70d1787bf52243c036edab829e488703b0f,False,2026-07-29 11:29:31.492192+00:00
V4-W-00000-S2026072901-R14-Q4,13705,0x972c995077907c2e3ed8e60449f75249eea45888646b64001763a63553ebf72d,False,2026-07-29 11:29:33.890794+00:00
V4-W-00014-S2026072901-R14-Q7,13909,0xc198f44613c5ac1edcc08ecd228f4a2cebe7dc34019897c648ece59317b13355,False,2026-07-29 11:29:46.606104+00:00
V4-W-00014-S2026072901-R14-Q6,13777,0x400ba42a8f0abcb145990ad4ed8f5c2435a6cd9f6f695bc27820ef29f725e700,False,2026-07-29 11:29:46.789328+00:00
V4-W-00011-S2026072901-R14-Q1,13642,0x63080f950524074ee2a551a8043e238f87f0d9a3d32062f5c65b333f22ded0af,False,2026-07-29 11:29:51.782331+00:00
V4-W-00011-S2026072901-R14-Q3,13907,0x83fcf41ff500daecdfea560ce9e0fa1fdab9b4d07c9167412d769fb773eff108,False,2026-07-29 11:29:52.000778+00:00
V4-W-00006-S2026072901-R14-Q4,13647,0x5f7d484bad27486a0af5d6d422273180ca802e82aca488736bc1dd394ce94a20,False,2026-07-29 11:30:02.114697+00:00
V4-W-00018-S2026072902-R14-Q1,13675,0x833b075bdc101e30da4e487a4fcd113542e09247af303b146621cf9c8c103f44,False,2026-07-29 11:30:50.911662+00:00
V4-W-00018-S2026072902-R14-Q6,13675,0x833b075bdc101e30da4e487a4fcd113542e09247af303b146621cf9c8c103f44,False,2026-07-29 11:30:51.182548+00:00
V4-W-00000-S2026072902-R14-Q2,13853,0x38295919b6c9b1716cbe9ebbe8d1e1ff36a723d00763d40b308f5adf5a6f74bd,False,2026-07-29 11:31:17.204887+00:00
V4-W-00000-S2026072902-R14-Q7,13764,0xd7b66f8147636c7eb836f02701c0e34c8cfc6b7868c791dd3a513d27d29c549f,False,2026-07-29 11:31:17.555475+00:00
V4-W-00020-S2026072901-R14-Q7,13714,0x8443606fb37017bcf06805b060a44838ace6c7116c2c1ea70c75bed4020f9b92,False,2026-07-29 11:32:16.602828+00:00
V4-W-00008-S2026072903-R14-Q7,13761,0x433d1dce76ca1bdaabdcf984f0e69e93051ee46d9e487c39bad3bfa35219d6d1,False,2026-07-29 11:32:40.898166+00:00
V4-W-00008-S2026072903-R14-Q4,13726,0x0477ea378b5f867a26fe9fa329811f67bd3ac1eaaa9e6758a6c6bbe62aa8b9a8,False,2026-07-29 11:32:41.042280+00:00
V4-W-00014-S2026072902-R14-Q5,13882,0xa8521110f4cbada85af65957fa8cb8380b5348891d3edcfa82c4f232e51c1108,False,2026-07-29 11:34:36.257629+00:00
V4-W-00014-S2026072902-R14-Q2,13882,0xa8521110f4cbada85af65957fa8cb8380b5348891d3edcfa82c4f232e51c1108,False,2026-07-29 11:34:36.341852+00:00
V4-W-00023-S2026072902-R15-Q2,14137,0x3c9e3e09041dc917091bcd1354ac57179d27bcf32e65fe8cbc930e87651c0740,False,2026-07-29 11:38:49.302608+00:00
V4-W-00010-S2026072903-R15-Q4,14187,0xb258dbb281afaf45a84c3fb2a253144f789966b6149556c6f205b1ab47c3a754,False,2026-07-29 11:38:51.854440+00:00
V4-W-00010-S2026072903-R15-Q7,14106,0xd60c4c43df09ef46b92a731ecf30dda85fa43f84bff84fd9d5bc975d349e7cd2,False,2026-07-29 11:38:52.075580+00:00
V4-W-00004-S2026072901-R15-Q0,14163,0x8abaffebbc5b649cf0f21af8473af8899d46019ad0d8daac5ca251aa1b1bc019,False,2026-07-29 11:38:54.625935+00:00
V4-W-00007-S2026072901-R15-Q3,14005,0x540f5da86115941bc2c6ab1d0fe83ce497063d2d2a3c3a6df940a7415e6ac9eb,False,2026-07-29 11:38:59.860647+00:00
V4-W-00007-S2026072901-R15-Q6,13916,0x6398bdaba7a9c4cef79eadb78cfd2b23a27881a93c4e1d2743006489792bc532,False,2026-07-29 11:39:00.005914+00:00
V4-W-00017-S2026072903-R15-Q5,14078,0xaa1e62f4c903b793c1fad862ba7d1fa023cb803c0c8c767a8eed9df57844a6d2,False,2026-07-29 11:39:02.678567+00:00
V4-W-00017-S2026072903-R15-Q7,14288,0x7ff4042b799d29dab2f631c25018e92ae84bbf7ade0bb9f8fd0deafb2e90ed44,False,2026-07-29 11:39:02.826712+00:00
V4-W-00016-S2026072903-R15-Q0,13925,0x43425679b0a3e914c62b64ee8a1b8265f0b72075c7549aef80a5b3b82f50cf28,False,2026-07-29 11:39:05.333094+00:00
V4-W-00020-S2026072901-R15-Q0,13943,0x7fe1af5990efd46d776156a2ca4fe19c38d412dc98ed992c249a078bfcc78ba7,False,2026-07-29 11:39:07.915578+00:00
V4-W-00020-S2026072901-R15-Q7,13990,0xd4dc93f03428f6ff52c77c6f6f68e2abb875b0adc2987ff4f49c7ec5ad95c49b,False,2026-07-29 11:39:08.267246+00:00
V4-W-00019-S2026072901-R15-Q1,13921,0x37de8863819dce669c586e7b44e4cede2ac71e43aacea21c9d6f83f13afb4a3c,False,2026-07-29 11:39:10.691611+00:00
V4-W-00019-S2026072901-R15-Q5,14300,0xa26b05cdd30da8f5c40deda28c6c2eb63efb5ab831146638636af8807362891d,False,2026-07-29 11:39:10.970197+00:00
V4-W-00009-S2026072901-R15-Q3,13923,0x0e7d81e22a492bd11fde0cd978b62ae357b8916f5ebd01a454e08c0744d9074d,False,2026-07-29 11:39:13.598085+00:00
V4-W-00018-S2026072903-R15-Q0,14091,0x8c6f5c033fc73e45f57349a338ca3f5d5847c8bfe5c41ff1924e2ba6bdacad40,False,2026-07-29 11:39:16.198465+00:00
V4-W-00018-S2026072903-R15-Q5,13924,0xd336e580b9a98e41f929185516b3fbdbda45b9431dc079c4fa543c957f3c388f,False,2026-07-29 11:39:16.468754+00:00
V4-W-00001-S2026072902-R15-Q2,14217,0x8fa282a70c884caf5110f1449340df473693a0d600ee2c5b63ebe89cfe64ff7e,False,2026-07-29 11:39:21.747214+00:00
V4-W-00001-S2026072902-R15-Q5,14217,0x8fa282a70c884caf5110f1449340df473693a0d600ee2c5b63ebe89cfe64ff7e,False,2026-07-29 11:39:21.955803+00:00
V4-W-00023-S2026072903-R15-Q2,14159,0xa3e5e39b51202c39b4bcf8e30bc301b17ded1fae217709784c8439b5a2276538,False,2026-07-29 11:39:24.547018+00:00
V4-W-00022-S2026072903-R15-Q0,13991,0x33b4e57fbe194886037fc967a7cb9292b63005a133554797e74f0e26b377ea7a,False,2026-07-29 11:39:27.026402+00:00
V4-W-00022-S2026072903-R15-Q5,13930,0x4c599f5abee926e2f42ed7ad7bd70d8a6d3a6e0d01785e70a2f6b5a9abb6ea1c,False,2026-07-29 11:39:27.363382+00:00
V4-W-00020-S2026072903-R15-Q0,14011,0x2519509548b71f0a9ed3c1612dbe92fa01947bcbe56780f7562fdbe96ea38f00,False,2026-07-29 11:39:29.800695+00:00
V4-W-00020-S2026072903-R15-Q1,14326,0x08c99ae33f2fd39a28481a6bfd637a4755d91c6d80771fc8cafe32851679a05f,False,2026-07-29 11:39:30.030394+00:00
V4-W-00012-S2026072902-R15-Q3,14291,0x003f82f766f15c11f1460e7de5188afea3c309ef95e695143b76f73d62167b67,False,2026-07-29 11:39:32.575294+00:00
V4-W-00014-S2026072901-R15-Q5,13934,0xa049a36c4661a3c729fa2cafe8f8b0db9637dc660bac521b9565b48679e32986,False,2026-07-29 11:39:35.263738+00:00
V4-W-00014-S2026072901-R15-Q3,14289,0x6c2bfd34051d0c94d779f7c5a27d755591d0b9217081e45cd695e1fd59e6a442,False,2026-07-29 11:39:35.512589+00:00
V4-W-00011-S2026072901-R15-Q3,14138,0x53fc8bc5e77b823863450639956538ec830a84b0464261f4bfd6d0db85e65b6e,False,2026-07-29 11:39:38.064556+00:00
V4-W-00011-S2026072901-R15-Q4,13935,0xb9479a66ff2f90a0ec09d1375bccb0594c1977245f12a824478b58cbb4d0c391,False,2026-07-29 11:39:38.269209+00:00
V4-W-00015-S2026072902-R15-Q4,13936,0xe80326e7a9e364e687b792eefc0fd07eb9e1478b7e0ac414a7b8b92df6d6167e,False,2026-07-29 11:39:40.822871+00:00
V4-W-00025-S2026072902-R15-Q1,14320,0x6d6e15ccf52cafdea1b66b95201660f157ddc7b41161fa6a609fa217ecd3ca90,False,2026-07-29 11:39:43.409812+00:00
V4-W-00025-S2026072902-R15-Q3,14320,0x6d6e15ccf52cafdea1b66b95201660f157ddc7b41161fa6a609fa217ecd3ca90,False,2026-07-29 11:39:43.603407+00:00
V4-W-00007-S2026072903-R15-Q2,14231,0x280ac8a1483de377425bc2d226a960204d9c40b76f5e4ba913d3cf75fe30fc6d,False,2026-07-29 11:39:46.197732+00:00
V4-W-00007-S2026072903-R15-Q7,14232,0x15580d5c4b3287adc8f352f611b4cf9b9eb109eed8dd9629fe9b96085ecdb592,False,2026-07-29 11:39:46.441958+00:00
V4-W-00003-S2026072901-R15-Q4,13940,0x4b7fe602f827525fd86159e8cd3415e4bbab1f90dd7f95edf386d0d327b3b1af,False,2026-07-29 11:39:49.040716+00:00
V4-W-00022-S2026072901-R15-Q2,14125,0xd1b99770df6187dfd816c53d53885a9c0810c4dcdec24bb4275409edde889400,False,2026-07-29 11:39:51.660318+00:00
V4-W-00022-S2026072901-R15-Q5,14306,0xa8886b8518a46d71cecd56565544055018e1152bb50c202bc2b87dd8405be99b,False,2026-07-29 11:39:51.869846+00:00
V4-W-00025-S2026072903-R15-Q2,14026,0x9a2f5feafa6d9612084ddb1559051b10494ff9c7e45c2a740e9f0c2269c5be70,False,2026-07-29 11:39:57.271984+00:00
V4-W-00025-S2026072903-R15-Q6,14335,0x2c314740b7a5c8d921b47d89cc692fe0d76aa63a87852c2c82cefaedaf954bae,False,2026-07-29 11:39:57.439166+00:00
V4-W-00006-S2026072902-R15-Q4,14317,0xddd33c2dc6cbaf271a73ff2b5557863fec1e6a91a207334db72af3a9059b8a7b,False,2026-07-29 11:39:59.957926+00:00
V4-W-00002-S2026072903-R15-Q7,14129,0xb3e6fb53b2fe446e64c6c1cad4f37086168608af1b05861878113363faaee1f9,False,2026-07-29 11:40:02.535401+00:00
V4-W-00002-S2026072903-R15-Q3,13947,0xe2d807c0478f35333d0ef0f388d0870d6cc164a5456df9b3389010a806422cb3,False,2026-07-29 11:40:02.779362+00:00
V4-W-00019-S2026072903-R15-Q5,13969,0x97682bdb436a223a0bf9c324142ca35b594d7235da0e3c96e0e4fb9d2597456d,False,2026-07-29 11:40:05.419837+00:00
V4-W-00019-S2026072903-R15-Q7,14184,0x9443042ec20ca59c2e149c5279ecf47653d200ecf130169a4a7b815e08caa497,False,2026-07-29 11:40:05.591441+00:00
V4-W-00004-S2026072902-R15-Q3,13950,0xb2e48f412f062020e433ff18826ef6cd6955af5bc964361519446fe57198777f,False,2026-07-29 11:40:08.090028+00:00
V4-W-00013-S2026072903-R15-Q1,14047,0xd12bad8b9d8c4abf54ba2af7024195813c43320a311afcdf7bf80df79f1d1dd2,False,2026-07-29 11:40:13.470229+00:00
V4-W-00013-S2026072903-R15-Q5,14047,0xd12bad8b9d8c4abf54ba2af7024195813c43320a311afcdf7bf80df79f1d1dd2,False,2026-07-29 11:40:13.693439+00:00
V4-W-00002-S2026072901-R15-Q3,14080,0x7784339009ef1379853e2da91374ddb8858ac35356e2f076534fb63f0fed6800,False,2026-07-29 11:40:19.073638+00:00
V4-W-00002-S2026072901-R15-Q4,14080,0x7784339009ef1379853e2da91374ddb8858ac35356e2f076534fb63f0fed6800,False,2026-07-29 11:40:19.156439+00:00
V4-W-00026-S2026072901-R15-Q0,13970,0xa5a683e72c45c02941cbbd6dcee7940e5d2b14ddaef2015fff53fcf4ec8ba3cb,False,2026-07-29 11:40:21.723966+00:00
V4-W-00018-S2026072901-R15-Q1,14094,0x67f3e6aab9c729e6bda7405e29b341a6a7206801916060a08aa001dc97348aa3,False,2026-07-29 11:40:27.003705+00:00
V4-W-00018-S2026072901-R15-Q6,13960,0x739773eb1a6747af4cd2970b30762237271c5c6bed0449e551f0a613d26ce4fe,False,2026-07-29 11:40:27.288009+00:00
V4-W-00000-S2026072902-R15-Q3,13988,0x0805309204bd292815f747d3c6efd0084c47a2494d2b0e3e987deb484cf0f034,False,2026-07-29 11:40:29.828693+00:00
V4-W-00017-S2026072902-R15-Q2,14204,0xd107981baff9876f71d1868f809dc1c9a8cddbf350df49d8a72094b77943f3d6,False,2026-07-29 11:40:35.128238+00:00
V4-W-00017-S2026072902-R15-Q1,14199,0x3183955319fef63fd9d2b580396a45afb6934b4302bf9064f7c633de16a02cf4,False,2026-07-29 11:40:35.391743+00:00
V4-W-00004-S2026072903-R15-Q1,14263,0x3850c31738c3da25fb40c73d5fdcf04a6da925b135c05eb1628c988b0e012a1b,False,2026-07-29 11:40:38.003528+00:00
V4-W-00004-S2026072903-R15-Q6,14079,0x182b8d979511d40ff953fea1c6a32ccef153786f570f74ec8f2b719355fda432,False,2026-07-29 11:40:38.227399+00:00
V4-W-00001-S2026072901-R15-Q4,14019,0x82f2418402713356604af941622573f1acb1bb28b75c414537b68677b0ee3004,False,2026-07-29 11:40:40.802453+00:00
V4-W-00016-S2026072902-R15-Q0,13972,0x4d2d73bbc6cdfec7187d617dff8e63580b28b551b8cf05c341c48963fd86851e,False,2026-07-29 11:40:51.669779+00:00
V4-W-00016-S2026072902-R15-Q7,14221,0xccb79304014e27476d182dd3ec9325bbd024e8ef2384cfdd07e128da0acafaec,False,2026-07-29 11:40:51.881803+00:00
V4-W-00026-S2026072903-R15-Q5,14115,0xc74e3214c1a3633359fee1a6ae2d23790aa7a9b4ad94369a8a09b8fd7612a5a1,False,2026-07-29 11:40:57.168130+00:00
V4-W-00026-S2026072903-R15-Q1,14043,0xc1c42f2351909313d6a92c04e7a08eb73005f8cd752251b7ff093943131a4d8d,False,2026-07-29 11:40:57.487260+00:00
V4-W-00015-S2026072903-R15-Q3,14330,0x18f8f01ff15b36054e403597140e4ac82a43b1896147e4b8fc879971cecadcdb,False,2026-07-29 11:41:00.000095+00:00
V4-W-00024-S2026072903-R15-Q0,14108,0xddb196cbad98d8b8bead26035917d54d8139c8d490db1fa3b317da1f4cea32c4,False,2026-07-29 11:41:02.665398+00:00
V4-W-00024-S2026072903-R15-Q5,14172,0x66ccc9a822599728b825305d31e85c60a05ffae469397019c0a4555d11c2a888,False,2026-07-29 11:41:02.930609+00:00
V4-W-00018-S2026072902-R15-Q2,13979,0x33af96215b33eb9cb42ca19166f58532e9561690f46a3fb580fb5745c2cc8def,False,2026-07-29 11:41:05.539707+00:00
V4-W-00018-S2026072902-R15-Q6,14116,0xbca774ff584b8d6268d40f0d1ea161a4f58b649bad3c7c6ff0b22daa2addf036,False,2026-07-29 11:41:05.765759+00:00
V4-W-00002-S2026072902-R15-Q0,14315,0x79b9cbbbc11ea4d66d1fbb7f304b886ba01303e545c8681b6a3562fc9c273e78,False,2026-07-29 11:41:11.242272+00:00
V4-W-00001-S2026072903-R15-Q2,14098,0x203bc03c0904fd67230fe3e6c75657d3d7820341ecb8c1c86a7dfdd5f36a806e,False,2026-07-29 11:41:13.832715+00:00
V4-W-00001-S2026072903-R15-Q5,14148,0xc0f9512ef1306d9043f8ef0459fe5ec54ecb0999f88ab461818371fbfdf9e69e,False,2026-07-29 11:41:14.046060+00:00
V4-W-00007-S2026072902-R15-Q1,13984,0xa4440252e3ff0e622eb34a1dbd9df0d97d10e381341d1ff5c311f470507ef8aa,False,2026-07-29 11:41:16.757847+00:00
V4-W-00007-S2026072902-R15-Q7,13984,0xa4440252e3ff0e622eb34a1dbd9df0d97d10e381341d1ff5c311f470507ef8aa,False,2026-07-29 11:41:16.947050+00:00
V4-W-00022-S2026072902-R15-Q4,14150,0x875f87c630438ade71ee2f3c9319c5647b40be0f52f270ee739d4f88b838e916,False,2026-07-29 11:41:19.614495+00:00
V4-W-00000-S2026072903-R15-Q0,14251,0xa5fbfd34c6a9875e1d72aec02569ba44aa742e1cea06ea85897a26dc07efe681,False,2026-07-29 11:41:22.057978+00:00
V4-W-00000-S2026072903-R15-Q5,13987,0x46e5b73757989ab6048052081510a19e95f7f33030f695865cd4b8df3837a8f2,False,2026-07-29 11:41:22.321185+00:00
V4-W-00003-S2026072902-R15-Q2,13993,0xe94ea12dc0f546dc13aa879978e37d673165d7e0c9570b0bf0503959e20b5705,False,2026-07-29 11:41:33.218222+00:00
V4-W-00003-S2026072902-R15-Q7,14111,0x11ddae443a0e1b6e8219977953fe4486fb006bf215c17ca4b34b850cb6104c18,False,2026-07-29 11:41:33.538824+00:00
V4-W-00011-S2026072902-R15-Q2,13994,0x2bd5c83631cb977bb32dd2cd5a80ff969bf3d73a351688551bbaf05e3fba59ea,False,2026-07-29 11:41:36.170692+00:00
V4-W-00010-S2026072901-R15-Q2,14277,0x25ae472bbe7366c45e60f24f9b32b721eb44a3e4a1be8ab7f31aedbf2667454e,False,2026-07-29 11:41:38.711674+00:00
V4-W-00010-S2026072901-R15-Q1,14205,0x058903f7303bd0191475554e7485abe1cd53fc2db82be77c4575717163c99029,False,2026-07-29 11:41:38.947296+00:00
V4-W-00024-S2026072902-R15-Q2,14012,0xb1fca53ac145e6ecf11e1927086920360384c99a816ea5d4f3d5f6e1a7480340,False,2026-07-29 11:41:44.311626+00:00
V4-W-00024-S2026072902-R15-Q7,13998,0xfe755e22c19c552db352fa64a8ad299460bbd677e333b07be2ff0c6d8e75ea60,False,2026-07-29 11:41:44.642403+00:00
V4-W-00010-S2026072902-R15-Q1,14002,0xa436b1de1f05ab2280efc6193fafd18fdaa67cdd8231c062cbf1bac52f0239e5,False,2026-07-29 11:41:52.825143+00:00
V4-W-00015-S2026072901-R15-Q1,14004,0xea9dc07fa218ba985a3017f4ac01aee5a7c5559cb14c08ec898aa202404a4a4e,False,2026-07-29 11:41:55.332341+00:00
V4-W-00015-S2026072901-R15-Q5,14170,0x7e5463e7a951552ee285fb3c0437ca85e9c717b5b452b99af7155d8d7f659dcc,False,2026-07-29 11:41:55.593642+00:00
V4-W-00000-S2026072901-R15-Q2,14006,0x8dad840f9413b753811582496e3c366522bd16047fbe1f7aa1c1cc26b292b89c,False,2026-07-29 11:42:00.973825+00:00
V4-W-00000-S2026072901-R15-Q7,14007,0x28e1a548b92b9a842457a2109868d17ac42d4b75f178196835e7b5e22170cd0d,False,2026-07-29 11:42:01.254075+00:00
V4-W-00008-S2026072903-R15-Q4,14008,0x21bdb22d35b835c34ffb5779dd64c0b473c99be732239fc1de1d840ac08e7602,False,2026-07-29 11:42:03.978160+00:00
V4-W-00020-S2026072902-R15-Q4,14013,0xfddf4a3e4e653f7bf6bc41223416c95b8d140b678af1ccff4f5705dd7515e36f,False,2026-07-29 11:42:14.819241+00:00
V4-W-00020-S2026072902-R15-Q7,14093,0x772ed3f96126981ea81bf0c23062cc9db9fe0da8216692342f76bf813d5e49fe,False,2026-07-29 11:42:15.106818+00:00
V4-W-00025-S2026072901-R15-Q1,14086,0x5f6c32c20e3e694d1ae5b73d1430055e28b82e0e7343d0bce3d3cf4355482ba9,False,2026-07-29 11:42:17.724473+00:00
V4-W-00025-S2026072901-R15-Q7,14207,0xa100bd474a8be32260aeb28f8236a7b3d8da45b08ee5bc499238388d4f31bc71,False,2026-07-29 11:42:17.973894+00:00
V4-W-00011-S2026072903-R15-Q3,14031,0xa21a74e4d29cacf9bec7882944f357a6816104abaf37eac75e123028b9a71d7c,False,2026-07-29 11:42:28.725288+00:00
V4-W-00019-S2026072902-R15-Q3,14261,0x22f1084da5d5f47f73c2f584a0d3df849dd93c141b612f9f3398b4ef535e8f7f,False,2026-07-29 11:42:31.286820+00:00
V4-W-00019-S2026072902-R15-Q7,14260,0x154777a6e3236dcc33b2733872fc8006f020261ce04a921485dc3609ef555552,False,2026-07-29 11:42:31.564110+00:00
V4-W-00006-S2026072901-R15-Q3,14130,0xad3c07fbd68759c603cccd98205d66488ba20f17328e573da038ac78b14de7be,False,2026-07-29 11:42:34.098321+00:00
V4-W-00006-S2026072901-R15-Q7,14023,0x21cfc0e612d2ef6f4b15cc37a66519f9685e71d9ac764b291610e4019fd1bf6d,False,2026-07-29 11:42:34.292227+00:00
V4-W-00005-S2026072902-R15-Q0,14051,0x8eae3a58bb27e141e9bb74b60e3c70734993953ed95da007d359dccf75e28c91,False,2026-07-29 11:42:42.703747+00:00
V4-W-00017-S2026072901-R15-Q2,14265,0x531367a58bad9af0c2834a1be7ecb51b12e1e760aaf7fb91ae0007a3d3c3ba4f,False,2026-07-29 11:42:58.898109+00:00
V4-W-00017-S2026072901-R15-Q6,14035,0xe4e974e6062de4e141328b44b25f3db3bd2c1214a04c96a136937541e30852a9,False,2026-07-29 11:42:59.117441+00:00
V4-W-00008-S2026072902-R15-Q5,14112,0xacc69361aa7b35698b044d557d9168ae0ac137c91ae2aa2b4f982bcdcd6482a5,False,2026-07-29 11:43:01.817804+00:00
V4-W-00005-S2026072903-R15-Q4,14324,0x4b9464d73097a2e632a9c41cb0e0e8fd00c8414b8c843b05effee08eed51c400,False,2026-07-29 11:43:10.195819+00:00
V4-W-00005-S2026072903-R15-Q2,14140,0xfeb1f1f5afa23c4890ad452ee2bb3005f14c41a32a8175243d7ff75491515866,False,2026-07-29 11:43:10.378097+00:00
V4-W-00006-S2026072903-R15-Q1,14183,0xeceef0b04125d6f08f8f2564c0a53fecd66fd9277410a354cfc8f4546247aee5,False,2026-07-29 11:43:16.130341+00:00
V4-W-00006-S2026072903-R15-Q6,14044,0x47624aa158a311a6e1d25b8ebbac58dc23bc13ba94401b222c11fe67baeaffe6,False,2026-07-29 11:43:16.407783+00:00
V4-W-00014-S2026072902-R15-Q2,14164,0xd33901c2320ab4c2a0c49b4e6c52cee0be2538a80cf7a27e3251a28b2fdf5204,False,2026-07-29 11:43:24.695739+00:00
V4-W-00003-S2026072903-R15-Q0,14050,0xdc167e416473119b89ddc0b2a24cd32df24ab548cb06985e294aae5432a78373,False,2026-07-29 11:43:27.173833+00:00
V4-W-00003-S2026072903-R15-Q5,14050,0xdc167e416473119b89ddc0b2a24cd32df24ab548cb06985e294aae5432a78373,False,2026-07-29 11:43:27.439194+00:00
V4-W-00021-S2026072903-R15-Q1,14068,0x48b5f86dfa1a5974eae5e99e851161bcb28680b8a0324e38134acd16201ab3e3,False,2026-07-29 11:43:43.955248+00:00
V4-W-00021-S2026072903-R15-Q6,14280,0x16847e68f58ae215112c9be71b1d71f241ad0ae9659a2566fa94359379a9d8f4,False,2026-07-29 11:43:44.207853+00:00
V4-W-00021-S2026072902-R15-Q3,14312,0xa1414b5ba3897c7e407648204125fbf88cd023b9a1028292fcbbc244e8cf5711,False,2026-07-29 11:43:49.495926+00:00
V4-W-00009-S2026072903-R15-Q0,14124,0xe0d5ff9a5cb2bd8a90288175497ded5c0ac3357cad909d9fe57b3efe1324e5ab,False,2026-07-29 11:43:57.715464+00:00
V4-W-00009-S2026072903-R15-Q5,14178,0xaea346de8c9de4cee7e91890cb129ff79c8b677a1b92e58cf79f65306e712958,False,2026-07-29 11:43:58.038540+00:00
V4-W-00026-S2026072902-R15-Q4,14072,0x33ebfc0d1d668714a0cbd853990c40a60210f06e04a88fd9c11c4934e4677e2a,False,2026-07-29 11:44:11.966209+00:00
V4-W-00026-S2026072902-R15-Q0,14208,0x032d743ff95ec7b0e1ac906f97d63b07c748e5ec18554ed9bba3ca1e2f435ac2,False,2026-07-29 11:44:12.116499+00:00
V4-W-00024-S2026072901-R15-Q3,14107,0x6c88e48b81ba1f04dce6db646057cc9e88a877cb7b7b00b3b6d22364df9f81f3,False,2026-07-29 11:44:14.649126+00:00
V4-W-00016-S2026072901-R15-Q0,14327,0xb1a72932f3aa431e76e3c0e9a3f851bee1d93c79edaa192b1e2622c54da6020c,False,2026-07-29 11:44:34.176860+00:00
V4-W-00016-S2026072901-R15-Q5,14281,0x1564eb4a3f97bd7326426a1edccb08b9c6005bee8a129c83473c73c0ca94f055,False,2026-07-29 11:44:34.500464+00:00
V4-W-00014-S2026072903-R15-Q1,14089,0x4947b821e2e1c9ec7f2728e2d5402c0d2c1eac2d6951538bbefd080b86a4742e,False,2026-07-29 11:44:45.586483+00:00
V4-W-00014-S2026072903-R15-Q5,14242,0xae93a75060dc4f243d4f11cbf6ce4be01f59482e54b6ebaf0c64fcf7a139380f,False,2026-07-29 11:44:45.713938+00:00
V4-W-00013-S2026072901-R15-Q3,14103,0xb2e48f5513b486f0ab816c61b3ef0fb07b238044555a223060329740a00622bf,False,2026-07-29 11:45:14.366255+00:00
V4-W-00005-S2026072901-R15-Q0,14104,0x00a8922da950e8e8e48b546e752389c7a60d290f0ed26fb623619fa251a28e33,False,2026-07-29 11:45:16.787005+00:00
V4-W-00005-S2026072901-R15-Q6,14334,0x5c7a92c01836825f5cf956757a9b28a369bc7dd172fbc74c5a429f629771ba16,False,2026-07-29 11:45:17.123097+00:00
V4-W-00008-S2026072901-R15-Q1,14255,0x8e98b6bcd640a8383ba1823b4f7e3ddbc9e510ba6bf7c1f893d919d28c0ca943,False,2026-07-29 11:45:42.927631+00:00
V4-W-00008-S2026072901-R15-Q4,14268,0x94f1d152c07be87d3eaf565c86a38cfc6177d7564a71efe20a4b332b19544599,False,2026-07-29 11:45:43.169560+00:00
V4-W-00023-S2026072901-R15-Q4,14179,0x28609161334df4aebde055b8a2fd841a8b84c6ba7cbc752579c4d8fd92af53e2,False,2026-07-29 11:45:53.560104+00:00
V4-W-00012-S2026072903-R15-Q0,14272,0xea0f1fc7bb9d96f1fb226b02801b8b15665b7d80ede418e6e02cacc13611fb22,False,2026-07-29 11:46:11.286648+00:00
V4-W-00012-S2026072903-R15-Q5,14272,0xea0f1fc7bb9d96f1fb226b02801b8b15665b7d80ede418e6e02cacc13611fb22,False,2026-07-29 11:46:11.534009+00:00
V4-W-00009-S2026072902-R15-Q2,14336,0x619e9a29fd833b4334056dd56ed854f84d23849bbde5b310ebf645fc09c661b8,False,2026-07-29 11:46:29.623133+00:00
V4-W-00009-S2026072902-R15-Q7,14162,0x73d379e8112851bdbd4e0203d4b0aa4018ca197388816df0c8a09d36cf2944e8,False,2026-07-29 11:46:29.884015+00:00
V4-W-00013-S2026072902-R15-Q4,14333,0x61651c5e4aea63dcc9cbc17a0125175524fec1b9f3c7c667a9c8b5c2152fd849,False,2026-07-29 11:46:49.889539+00:00
V4-W-00012-S2026072901-R15-Q1,14192,0x297045599ee95dc4a2a7066f039fd3f2f25f586947c45e6f412990672f659dde,False,2026-07-29 11:47:21.821889+00:00
V4-W-00012-S2026072901-R15-Q5,14192,0x297045599ee95dc4a2a7066f039fd3f2f25f586947c45e6f412990672f659dde,False,2026-07-29 11:47:22.064923+00:00
V4-W-00021-S2026072901-R15-Q2,14247,0xc5d5f75785aa1fd03da99108b5b3bdfd75d8264eb0964736aed342aadac96094,False,2026-07-29 11:48:17.434858+00:00
V4-W-00021-S2026072901-R15-Q7,14331,0x46caaa2dfe660e733830a0ad3b3f9ce61398cb51dff1b641ba173329edc15864,False,2026-07-29 11:48:17.707184+00:00
V4-W-00000-S2026072901-R16-Q4,14345,0xf4f15ff096a0ff0639748f7053d66b5131b5f53c6521c3a1b8febd64a3fd4ae7,False,2026-07-29 11:53:17.117774+00:00
V4-W-00007-S2026072901-R16-Q1,14370,0x160f28d89bbf6d5ce110f3b902807668f6d5efb3ca792a7f0bc2bfa65d40e6a0,False,2026-07-29 11:53:19.495394+00:00
V4-W-00007-S2026072901-R16-Q5,14513,0xe042d87842155475837069a43f76e72ea58edcef6c9a18dc38af8173e3619081,False,2026-07-29 11:53:19.769193+00:00
V4-W-00003-S2026072902-R16-Q2,14649,0xafbcd6a596ed2dfd47610650724eb1594bf025ee8161cb4696b99fbb311b64cb,False,2026-07-29 11:53:22.054265+00:00
V4-W-00003-S2026072902-R16-Q7,14649,0xafbcd6a596ed2dfd47610650724eb1594bf025ee8161cb4696b99fbb311b64cb,False,2026-07-29 11:53:22.308653+00:00
V4-W-00021-S2026072902-R16-Q4,14462,0x1d0a1b48006e6dc670c07ee563dd4cbb1cf221e6019553c84b5b35e0e85afd1b,False,2026-07-29 11:53:24.771144+00:00
V4-W-00014-S2026072903-R16-Q6,14565,0x0f7296b9db09094d1c96a504ee4ac68a351a95ae7bf1a3ba21b8bbbfb3f81c5e,False,2026-07-29 11:53:27.244069+00:00
V4-W-00014-S2026072903-R16-Q5,14350,0xbbe7892b8823039c41af81b3287497d1d4e168167ff21c9e52278d0f1dd56eec,False,2026-07-29 11:53:27.497762+00:00
V4-W-00023-S2026072901-R16-Q6,14537,0x1370d57e64c67eecc97a78894113e2b4160a75b711faa6247e14d0fba345863d,False,2026-07-29 11:53:29.940087+00:00
V4-W-00023-S2026072901-R16-Q7,14428,0x5e77ea759dc5174c7a5aef6e769a8e5b6e6aa3e7cd8ec0c49f5ddf9cf20d0a6e,False,2026-07-29 11:53:30.103053+00:00
V4-W-00018-S2026072903-R16-Q4,14391,0xfad3716c92b2ecb9a13da59e8460f4b28c02b00f7d930f06b43e12a0cadc6095,False,2026-07-29 11:53:32.505382+00:00
V4-W-00015-S2026072901-R16-Q1,14526,0xe925fedf69afd94e6b2adc83ed664100b9e390abdbd84e093993487155df7ac7,False,2026-07-29 11:53:34.939979+00:00
V4-W-00015-S2026072901-R16-Q6,14354,0x2c2ac653df39e8677e5e521c3178793f867054cab71021771e6784aeebd88dd0,False,2026-07-29 11:53:35.227109+00:00
V4-W-00007-S2026072903-R16-Q2,14451,0x9c1149b5acb554543f9e7c805b74cd065b8aafee7f93ff55491ea350bed9523f,False,2026-07-29 11:53:37.621734+00:00
V4-W-00020-S2026072902-R16-Q0,14356,0x151338113a78a2f8b5d22c0cf75d9f57a7178a58b4960a5633d091ad0bc4c106,False,2026-07-29 11:53:40.045602+00:00
V4-W-00020-S2026072902-R16-Q5,14624,0x194cd281b980045c70666ed0862c90a11d4664c281512118544c7c7591af52d5,False,2026-07-29 11:53:40.329404+00:00
V4-W-00012-S2026072903-R16-Q1,14493,0x2b4e4e1bf9a02080eb9a9a84dacc7885dfe34914552f78da23d634b75ff2b07a,False,2026-07-29 11:53:42.689769+00:00
V4-W-00012-S2026072903-R16-Q6,14493,0x2b4e4e1bf9a02080eb9a9a84dacc7885dfe34914552f78da23d634b75ff2b07a,False,2026-07-29 11:53:42.957018+00:00
V4-W-00025-S2026072903-R16-Q1,14672,0x23896d6b164e1d07ccae91c571e4cf32a67c55ed2d07d3e62928e5afa12c10c7,False,2026-07-29 11:53:48.022085+00:00
V4-W-00011-S2026072901-R16-Q3,14361,0xf8963a38eef8dbaff59abbdd7f876254720440a49ffe2b8c38f76db3640714bc,False,2026-07-29 11:53:50.370456+00:00
V4-W-00011-S2026072901-R16-Q7,14361,0xf8963a38eef8dbaff59abbdd7f876254720440a49ffe2b8c38f76db3640714bc,False,2026-07-29 11:53:50.630270+00:00
V4-W-00000-S2026072902-R16-Q1,14567,0xff683c1913c0aded7971cbd6d15dd14fc6c25b793d12160f14c3ab28042d4dd0,False,2026-07-29 11:53:52.907871+00:00
V4-W-00000-S2026072902-R16-Q6,14397,0x392ad5b642f894ca3f9d85e476da0da32f688a2cc018ba9a82bcf5f04d7144e6,False,2026-07-29 11:53:53.201525+00:00
V4-W-00025-S2026072902-R16-Q0,14542,0x353fedcdeb018404fe9fff01a03111510c273aee1827ba87c0ea9d276870cec2,False,2026-07-29 11:53:55.728482+00:00
V4-W-00024-S2026072902-R16-Q0,14762,0x2d45f381c93b1fc04ed1ad72a3894cf9c6397f4fd8d24b7958e819df835a7119,False,2026-07-29 11:53:58.077905+00:00
V4-W-00024-S2026072902-R16-Q5,14365,0xb327da5feb8f87478c8f6b964e0d1f67da3b56ce841b97342162c6e74a9e0b4f,False,2026-07-29 11:53:58.390104+00:00
V4-W-00003-S2026072901-R16-Q2,14374,0xd1eb8592ca7ee31d1d534ac99f07c74f057f3957538082ab11ca9cc99747a74a,False,2026-07-29 11:54:00.871287+00:00
V4-W-00003-S2026072901-R16-Q6,14682,0x07f21a08844db501d149a31b69307b1fbba220c7a59cedd72a2cb96b98156483,False,2026-07-29 11:54:01.100020+00:00
V4-W-00026-S2026072902-R16-Q7,14475,0x3ed28709f641a53f18917e36143f1e7ee942342e335c704bf0156e9fb29cf129,False,2026-07-29 11:54:03.700567+00:00
V4-W-00017-S2026072902-R16-Q0,14392,0x9370a888e9fa4f17f339126825f9e9ad8e512595e268aded5ca17dd7a2facafe,False,2026-07-29 11:54:05.958963+00:00
V4-W-00017-S2026072902-R16-Q1,14369,0x2ae180e729647941b27568d1bc1d3b3ced298dc333abc8021376424f2f80369a,False,2026-07-29 11:54:06.247656+00:00
V4-W-00017-S2026072901-R16-Q7,14707,0x459e06e6b39f6ed2a11d1cb3056adc47f9b29aea205982cd99196aed0edfe263,False,2026-07-29 11:54:11.195558+00:00
V4-W-00017-S2026072901-R16-Q2,14501,0xe59dd48f71a7f13cda5000c964e83afde2d66b697a90dfc5f59447bb2b54b60a,False,2026-07-29 11:54:11.445639+00:00
V4-W-00000-S2026072903-R16-Q3,14390,0xc3c57d3774bad998e30c790a5f12c03fca9cd23e1729528216f06c820fbe249e,False,2026-07-29 11:54:13.841045+00:00
V4-W-00008-S2026072903-R16-Q0,14375,0x7adc3e378ba4e50fe78c5228afe28c5806147958bbf0d5d2f8e38521ca8db721,False,2026-07-29 11:54:18.880958+00:00
V4-W-00008-S2026072903-R16-Q7,14614,0x567474483eccf22e2dca926311c6354defab567a916e04ff30d7ffee4be5694c,False,2026-07-29 11:54:19.224068+00:00
V4-W-00024-S2026072903-R16-Q2,14772,0x7194d782412e67f12b36eff16e55bb4bc7883d36756da2e39ee0b2f7b747d37a,False,2026-07-29 11:54:21.609847+00:00
V4-W-00024-S2026072903-R16-Q7,14377,0x79f08653d3fe8b00ea433d46537cdf28caea12894e02e0b898204ea8aab54b83,False,2026-07-29 11:54:21.870149+00:00
V4-W-00019-S2026072902-R16-Q5,14598,0xb7553ab3064fee4b2c76413be70adb73013f6d420bbd9436c094b69142ad2596,False,2026-07-29 11:54:24.313111+00:00
V4-W-00005-S2026072902-R16-Q0,14561,0x4617a415d4a30e6a18d4ea9981e9d00ce908f57a13907b0550fc17e7e4787056,False,2026-07-29 11:54:26.694125+00:00
V4-W-00005-S2026072902-R16-Q5,14561,0x4617a415d4a30e6a18d4ea9981e9d00ce908f57a13907b0550fc17e7e4787056,False,2026-07-29 11:54:26.886687+00:00
V4-W-00023-S2026072902-R16-Q5,14633,0xfb5e819d59424c92986f8f7296ab883dc52be1df95e6f94cf094aabdfd39f25d,False,2026-07-29 11:54:29.411324+00:00
V4-W-00023-S2026072902-R16-Q1,14633,0xfb5e819d59424c92986f8f7296ab883dc52be1df95e6f94cf094aabdfd39f25d,False,2026-07-29 11:54:29.566217+00:00
V4-W-00022-S2026072903-R16-Q7,14657,0xa69d0507b424341125d7d0d2556ae413bd3bc7745262e42825a5993d0166e4ca,False,2026-07-29 11:54:32.105914+00:00
V4-W-00004-S2026072903-R16-Q3,14756,0x71c45eae9a02e95f651b7bdfb525f342cf7be2637b1b4bfad4f9e717ab1eafba,False,2026-07-29 11:54:34.381078+00:00
V4-W-00004-S2026072903-R16-Q1,14490,0xca7ee64271a43b81d3b12a6f598f569d4594d955b7d72eed7dfe3a93c07d3c71,False,2026-07-29 11:54:34.593187+00:00
V4-W-00010-S2026072902-R16-Q2,14507,0x98ebbb6108a2c7a6653e638062041b610b0e50bc2a8f526214bb42b14876aeba,False,2026-07-29 11:54:36.971850+00:00
V4-W-00010-S2026072902-R16-Q4,14507,0x98ebbb6108a2c7a6653e638062041b610b0e50bc2a8f526214bb42b14876aeba,False,2026-07-29 11:54:37.217128+00:00
V4-W-00023-S2026072903-R16-Q4,14675,0xff82ab7b37233ec570937b9c2a23090654940948fc3c3aeb4808319eeddd5871,False,2026-07-29 11:54:44.977911+00:00
V4-W-00008-S2026072902-R16-Q3,14596,0x6369b51e400dba93870d8a617ee9ab09cbffaf4360cd1683a0e5578a3707061b,False,2026-07-29 11:54:55.133479+00:00
V4-W-00008-S2026072902-R16-Q1,14394,0xfa5741c0b89afbd04e9d635b648a289ef197e153fab8c938f7a4a700c597aae9,False,2026-07-29 11:54:55.221437+00:00
V4-W-00011-S2026072902-R16-Q0,14450,0x067a43197b7664cac2e768aa9e8bc0f4f956f45e4df83e9559dde7635e00caa9,False,2026-07-29 11:54:57.670458+00:00
V4-W-00011-S2026072902-R16-Q5,14767,0xae63916573219fb2662d94fea894971b1540ab8cbf327744609cb5f4ba61b54b,False,2026-07-29 11:54:57.824610+00:00
V4-W-00026-S2026072903-R16-Q4,14578,0xc2ede08b6bcc0b2129e413c3d62096b854d35622af3704e3122a005dc9afd230,False,2026-07-29 11:55:00.310590+00:00
V4-W-00013-S2026072902-R16-Q3,14715,0x7dfa8b3c47e1a4efee8deb0cd74c4dde6bfeaf0d72c3bec36ad6252f44a889a1,False,2026-07-29 11:55:05.291208+00:00
V4-W-00013-S2026072902-R16-Q6,14715,0x7dfa8b3c47e1a4efee8deb0cd74c4dde6bfeaf0d72c3bec36ad6252f44a889a1,False,2026-07-29 11:55:05.524991+00:00
V4-W-00018-S2026072901-R16-Q3,14401,0xcb79369eda555dce6628e8c6b2f0d8b06dd8a454174d688b1fb64b24fd3898d6,False,2026-07-29 11:55:10.434948+00:00
V4-W-00018-S2026072901-R16-Q7,14498,0x184baade0662f8411175da0f41c06db846846f6caf71ff0ad766ed18cab0d0cf,False,2026-07-29 11:55:10.638364+00:00
V4-W-00002-S2026072903-R16-Q6,14768,0xcd074d1914d26cf1d2fcb3e7d6663ddd2c39828db2a897d1b66bebafeef1daba,False,2026-07-29 11:55:15.737868+00:00
V4-W-00006-S2026072901-R16-Q1,14532,0x51efaa08bf4b533baec86509763024bd82ebf382e47f0e7422d5a28208b90092,False,2026-07-29 11:55:18.052919+00:00
V4-W-00006-S2026072901-R16-Q6,14622,0xf1d75480e9d22768f25e6cb4b4e260015515cff6a1314dc824a5eb5fac89e2dc,False,2026-07-29 11:55:18.321123+00:00
V4-W-00017-S2026072903-R16-Q3,14406,0xc9a4dc7a4df4b1e7b73c6cdd0a36631c3b6cfa266605d1c1740523f6ba36540a,False,2026-07-29 11:55:20.854449+00:00
V4-W-00007-S2026072902-R16-Q2,14408,0x6d04157544724ba3476033027e5cad64ff9613a3ea0054a0e083f70c670232bc,False,2026-07-29 11:55:23.176787+00:00
V4-W-00007-S2026072902-R16-Q3,14744,0x12a2cec1cb6171c0c1f9dc52a5ab68ddbbe505d0bf583860334c55836b928b78,False,2026-07-29 11:55:23.352747+00:00
V4-W-00003-S2026072903-R16-Q1,14538,0x822c4145de317482e3fb976856fb36d418e91986d6fe81d89b31450fec9dce3a,False,2026-07-29 11:55:28.430206+00:00
V4-W-00003-S2026072903-R16-Q6,14538,0x822c4145de317482e3fb976856fb36d418e91986d6fe81d89b31450fec9dce3a,False,2026-07-29 11:55:28.714316+00:00
V4-W-00004-S2026072901-R16-Q3,14412,0xc171c6f3bde168d23dda5f14d43b6e5e3e1deeef5f17ad913835c4cd0c6b97fb,False,2026-07-29 11:55:31.154462+00:00
V4-W-00025-S2026072901-R16-Q0,14414,0x37a62f915fb7830aae43c18fed0d9d89f5b02cceb75d34ca6cb70c1a81113015,False,2026-07-29 11:55:36.186425+00:00
V4-W-00025-S2026072901-R16-Q7,14562,0xefcf847ee0961019343488ef1d4805af589023ac59ffb5b28f71531a98b04692,False,2026-07-29 11:55:36.502988+00:00
V4-W-00014-S2026072901-R16-Q3,14415,0xb7139ee27e4da432d19f1ad87741710f49a6c4bc7b24afd51d22e8bce9175eb7,False,2026-07-29 11:55:38.905345+00:00
V4-W-00014-S2026072901-R16-Q2,14415,0xb7139ee27e4da432d19f1ad87741710f49a6c4bc7b24afd51d22e8bce9175eb7,False,2026-07-29 11:55:39.108807+00:00
V4-W-00016-S2026072903-R16-Q3,14439,0x2d010a508835f990217e2f63ae62db8fb5a58028957ac70c003fe4e2b5bef014,False,2026-07-29 11:55:41.484601+00:00
V4-W-00001-S2026072901-R16-Q3,14423,0x663f442884ed43eba5b070c23f22e6125cb9a3c2c2a2d56db68bf389ea629f28,False,2026-07-29 11:55:46.569246+00:00
V4-W-00001-S2026072901-R16-Q5,14423,0x663f442884ed43eba5b070c23f22e6125cb9a3c2c2a2d56db68bf389ea629f28,False,2026-07-29 11:55:46.823750+00:00
V4-W-00015-S2026072902-R16-Q2,14421,0x359c2dc96be4407d5b7dbd145e6450c1a34972d179128174a3922b835fd0a106,False,2026-07-29 11:55:49.185919+00:00
V4-W-00015-S2026072902-R16-Q6,14728,0x3e42b859d2442579cf8ed48f6fa92e44ffc732c57530a9ae026352dc98701dd4,False,2026-07-29 11:55:49.403957+00:00
V4-W-00012-S2026072901-R16-Q3,14645,0x3603431571d2ad2c1f4446d562b64f680da401d953bcda2676db817b163ff3f1,False,2026-07-29 11:55:51.826818+00:00
V4-W-00026-S2026072901-R16-Q5,14579,0x6fc002cbb707ad56d0708bf954f4fda96e0f8446a04305fa8d084d2fcff963ed,False,2026-07-29 11:55:56.931660+00:00
V4-W-00026-S2026072901-R16-Q4,14661,0xe0abbeacf8cf1d3f369e382e20e025bab45408bccc40505a0872ae9bc5de7602,False,2026-07-29 11:55:57.184265+00:00
V4-W-00005-S2026072903-R16-Q5,14426,0x45a51e2875f57be8d18f579d0c79ba2019d70987a9b4077dfc8f58cc092de80a,False,2026-07-29 11:55:59.628664+00:00
V4-W-00005-S2026072903-R16-Q7,14536,0x8cfbe21d85a354093113abfa95101ad4363c57f5a4ae69410a1c2191c96ae80a,False,2026-07-29 11:55:59.801051+00:00
V4-W-00001-S2026072902-R16-Q0,14587,0x5bf47c9282defbc8178a65ea42a1bc892e122e9c3a567a9f67042267435b9255,False,2026-07-29 11:56:07.198174+00:00
V4-W-00015-S2026072903-R16-Q0,14496,0x7317c8382ac178b3563937186969925b04e6c6bc5cc002fe82b52f1dd3d57ce2,False,2026-07-29 11:56:12.224523+00:00
V4-W-00015-S2026072903-R16-Q5,14714,0xdcaa0457f680fa53db988a9d68bb0d5b17ca426968aa7ff3328f2914dbd7f8d8,False,2026-07-29 11:56:12.498624+00:00
V4-W-00008-S2026072901-R16-Q2,14627,0x1ce0e1235e3f1dcee4d9bc277203f2a58b204537dc741394d922eeb844de0c73,False,2026-07-29 11:56:15.029842+00:00
V4-W-00008-S2026072901-R16-Q7,14514,0x0eff16d1b7a4fb4812b6faa2fb912834189a6bf99ee59b28dddcf7d871740ef7,False,2026-07-29 11:56:15.175535+00:00
V4-W-00016-S2026072902-R16-Q4,14616,0x891e59568ddaf197c5ca61f672917c16ddaf3dcf661a925675ce6f6645f9ced6,False,2026-07-29 11:56:17.598515+00:00
V4-W-00019-S2026072903-R16-Q3,14503,0xf473bace88d2041b396c0b1a19d9e15d54517055c2125ef1a219d48799cee2f3,False,2026-07-29 11:56:19.988649+00:00
V4-W-00019-S2026072903-R16-Q7,14758,0x63aa0c2e9da906c451df3ff85716f397a27e44e40c1cc0a7a64f6e903ba017d6,False,2026-07-29 11:56:20.277799+00:00
V4-W-00002-S2026072902-R16-Q0,14660,0x61b2bde1b650b93e1f12a8163e965d04f5e0d64603728590f46959d92972c9fe,False,2026-07-29 11:56:27.927006+00:00
V4-W-00002-S2026072902-R16-Q2,14660,0x61b2bde1b650b93e1f12a8163e965d04f5e0d64603728590f46959d92972c9fe,False,2026-07-29 11:56:28.045726+00:00
V4-W-00004-S2026072902-R16-Q1,14441,0x8382843fdb682d7465b26bbe767345fb612363f9c32eed4bce7149838c314443,False,2026-07-29 11:56:30.535390+00:00
V4-W-00018-S2026072902-R16-Q1,14753,0xb6944887ae5494d0967db1bbdb22287489df9e883e4d0f2a0c9188b55b5b72f9,False,2026-07-29 11:56:32.889746+00:00
V4-W-00018-S2026072902-R16-Q5,14554,0xc5277068a75aa5930c2553fc3a75852ad73856a01645d23642f199e508721ebc,False,2026-07-29 11:56:33.130707+00:00
V4-W-00024-S2026072901-R16-Q2,14603,0x1838b47cad9cba623dec3e1b4b6423ade0c5753d4f9a585cc2b6a8ba73344da8,False,2026-07-29 11:56:35.545899+00:00
V4-W-00024-S2026072901-R16-Q7,14604,0x7dab446c6835afe96e42275d0c75afbf992bc3dc424fd57078acd3afeae3cc8d,False,2026-07-29 11:56:35.800345+00:00
V4-W-00020-S2026072903-R16-Q4,14597,0x79335bb114b989f6495df1e3f6ed952f8b5f3bf56ca8dee394c996bc06d259dc,False,2026-07-29 11:56:38.315206+00:00
V4-W-00016-S2026072901-R16-Q1,14751,0x1fa370feefd105329c8ba587bd0e53d9fb40ea06e818fbbdb97f73008a37c204,False,2026-07-29 11:56:45.921630+00:00
V4-W-00016-S2026072901-R16-Q5,14751,0x1fa370feefd105329c8ba587bd0e53d9fb40ea06e818fbbdb97f73008a37c204,False,2026-07-29 11:56:46.138545+00:00
V4-W-00012-S2026072902-R16-Q2,14664,0x81f5885f4776e6ba6322aa530c7388bcc5f8fbae5dee6e56cd7a0c968a26a0d6,False,2026-07-29 11:57:01.230774+00:00
V4-W-00012-S2026072902-R16-Q7,14510,0x553d58fe295f1d3ed5c86dec17c1e60764ca275e7b0dfe130856a38769724150,False,2026-07-29 11:57:01.505905+00:00
V4-W-00002-S2026072901-R16-Q3,14612,0xcb48c356fb3c0e6e077e168075b5e3888c721ad744f235dcc6a3160ef5cace13,False,2026-07-29 11:57:06.478742+00:00
V4-W-00006-S2026072902-R16-Q1,14463,0xfd376c9922a23ceadb6928e20211b69ef6bdf5bceabbc0cb4b92ad9d128ab24e,False,2026-07-29 11:57:14.141732+00:00
V4-W-00006-S2026072902-R16-Q6,14505,0x9cff4ca86f5c45171d0879823a0b4035086e4a620e630ee40aea2cf24acc14e3,False,2026-07-29 11:57:14.396395+00:00
V4-W-00021-S2026072901-R16-Q3,14506,0x3c013d4a2b042f933be1e1d35112a2b9b2e7cf009900974bb8c483a9deef7944,False,2026-07-29 11:57:16.924658+00:00
V4-W-00021-S2026072901-R16-Q7,14580,0xcf45f76f97650ccf58b135b61aa694ddad72b6f832ebc9a0bea03a60c69f4408,False,2026-07-29 11:57:17.139118+00:00
V4-W-00006-S2026072903-R16-Q4,14600,0x490592510fd275310c0ae88b3f38acd8bb0ea47775d9a561860a3ed86d4ed18a,False,2026-07-29 11:57:22.078706+00:00
V4-W-00013-S2026072901-R16-Q2,14470,0x3752bcab14d1b90bc5355ae530fca47553853b98dc2640d378bd404a039f746c,False,2026-07-29 11:57:27.124719+00:00
V4-W-00013-S2026072901-R16-Q6,14470,0x3752bcab14d1b90bc5355ae530fca47553853b98dc2640d378bd404a039f746c,False,2026-07-29 11:57:27.347904+00:00
V4-W-00005-S2026072901-R16-Q5,14686,0xc90fcbd227d04ddd8b0eb3baff4c986997f7f14f5634219d723c720bdf261035,False,2026-07-29 11:57:34.942428+00:00
V4-W-00011-S2026072903-R16-Q0,14602,0xd4820f2616cdef23f1062fdaf97b6d43cc4229b68cfa426d77ff8a97cae6631d,False,2026-07-29 11:57:42.567367+00:00
V4-W-00011-S2026072903-R16-Q2,14602,0xd4820f2616cdef23f1062fdaf97b6d43cc4229b68cfa426d77ff8a97cae6631d,False,2026-07-29 11:57:42.881039+00:00
V4-W-00020-S2026072901-R16-Q3,14534,0x50cbbee5d8a1a2f2789e1616855fb0bfc8179a87e1026e530484fefac3240f2c,False,2026-07-29 11:57:47.804177+00:00
V4-W-00020-S2026072901-R16-Q6,14687,0x95d530d726b96020ddb8eba2870e0f8424dce9412e3140663211024ab8d1d463,False,2026-07-29 11:57:48.092430+00:00
V4-W-00009-S2026072903-R16-Q3,14515,0xdb3bb28db779746af88ec43b3414667c0189a3193e29cd2ca447181c9bcc20ee,False,2026-07-29 11:57:50.450534+00:00
V4-W-00010-S2026072901-R16-Q2,14738,0xbab60f89e51a5215e0382e6cd8f09b17e22a13d03aeb779c0a1e64c7deee55ed,False,2026-07-29 11:58:16.692926+00:00
V4-W-00010-S2026072901-R16-Q6,14676,0xaf10bb99f62fe16d96542e733b48ed625f55abe966258c931cb7faede94b2fa8,False,2026-07-29 11:58:17.033533+00:00
V4-W-00014-S2026072902-R16-Q2,14497,0xf874d67ab4d278a56e3f340230ff561c4c255da5dc0182db580d9f1ae604d262,False,2026-07-29 11:58:22.160001+00:00
V4-W-00014-S2026072902-R16-Q7,14497,0xf874d67ab4d278a56e3f340230ff561c4c255da5dc0182db580d9f1ae604d262,False,2026-07-29 11:58:22.247561+00:00
V4-W-00022-S2026072902-R16-Q1,14651,0x0019cd54e83ae3c031624a98d30e296b24a2c326826e36a437f3a657530d6e76,False,2026-07-29 11:58:45.531933+00:00
V4-W-00021-S2026072903-R16-Q0,14518,0x422deedc18a65e2c0dc112921792ae6bc15876fc66383dfdfaf35a5d990122ab,False,2026-07-29 11:59:04.332604+00:00
V4-W-00021-S2026072903-R16-Q5,14683,0x81e2d7bf3da6fe8510a2782e3e6f9391006da69bca3788176013d695b7bfcfc2,False,2026-07-29 11:59:04.613973+00:00
V4-W-00001-S2026072903-R16-Q2,14701,0xab98a6094cd7fd8824258d5c2f109ac2fb2eaee46553274fb2d6e0b785704ba3,False,2026-07-29 11:59:09.957908+00:00
V4-W-00001-S2026072903-R16-Q6,14668,0xa2d15da944df5746bc837c44a4098cb703a0478808eb59a653bbeae3b2d8086d,False,2026-07-29 11:59:10.155801+00:00
V4-W-00013-S2026072903-R16-Q1,14525,0x5ef44f11963f267eb6fb0dee3d6ec53c8a7b30fb3a567ca76e20ee65e40f5ef2,False,2026-07-29 11:59:18.459046+00:00
V4-W-00010-S2026072903-R16-Q0,14665,0x3d0598910ee4298d224b3b709ab7511dd440f61d073743a4738ff2f07c092634,False,2026-07-29 11:59:49.900682+00:00
V4-W-00010-S2026072903-R16-Q5,14541,0xe44930a4da9388e424c4ac066c81695ec495a1fbb4dec81a3961ef59dfc464ea,False,2026-07-29 11:59:50.198772+00:00
V4-W-00022-S2026072901-R16-Q2,14568,0x89ef78b86136fbc8dded6f1d2eae675665951b016a2fcdb7f133a8e1ad6c57c2,False,2026-07-29 11:59:55.318811+00:00
V4-W-00022-S2026072901-R16-Q7,14544,0x387a1aef35217e1a03a8695c717be946d77d8682be5487a3625d2db22e3115ae,False,2026-07-29 11:59:55.557403+00:00
V4-W-00019-S2026072901-R16-Q3,14563,0x7a7dce4d668b8763dc02bf024de0d7abe052d4625b5ea3394280dda1571b5e48,False,2026-07-29 12:00:34.483155+00:00
V4-W-00009-S2026072902-R16-Q0,14669,0x0ee5cddd3b4bc1f3824f6fea24e487e13da3743171e9a515ece7eada3975dca2,False,2026-07-29 12:03:14.180534+00:00
V4-W-00009-S2026072902-R16-Q5,14669,0x0ee5cddd3b4bc1f3824f6fea24e487e13da3743171e9a515ece7eada3975dca2,False,2026-07-29 12:03:14.513685+00:00
V4-W-00009-S2026072901-R16-Q2,14667,0x88b9d2c8c0cc198db5e5cc85fb734cc75cbcdf69259a04435980334a4b2d4374,False,2026-07-29 12:04:01.106173+00:00
V4-W-00009-S2026072901-R16-Q7,14667,0x88b9d2c8c0cc198db5e5cc85fb734cc75cbcdf69259a04435980334a4b2d4374,False,2026-07-29 12:04:01.458377+00:00
V4-W-00012-S2026072901-R17-Q4,14818,0x90d37a0cc373b3a2d9560cf6c9ba901822e5caa5a005cfe1c49fef0a91281d66,False,2026-07-29 12:07:38.178868+00:00
V4-W-00014-S2026072901-R17-Q6,14789,0xe9d79196b8c04a2c5274c0f83fa906c743812bc0238e8324b4134044dbefa4b4,False,2026-07-29 12:07:40.759586+00:00
V4-W-00014-S2026072901-R17-Q1,14789,0xe9d79196b8c04a2c5274c0f83fa906c743812bc0238e8324b4134044dbefa4b4,False,2026-07-29 12:07:41.046299+00:00
V4-W-00003-S2026072901-R17-Q2,14855,0x921041f367067d510c4b3ea343007e39ecb658563d4d2787d91be95cdcd13cc6,False,2026-07-29 12:07:43.560858+00:00
V4-W-00003-S2026072901-R17-Q7,14855,0x921041f367067d510c4b3ea343007e39ecb658563d4d2787d91be95cdcd13cc6,False,2026-07-29 12:07:43.828029+00:00
V4-W-00018-S2026072902-R17-Q4,15048,0xf764cce8eea143e68471f0abb5b00332df86cbc4d0caf0baa8790421b8ea9ab8,False,2026-07-29 12:07:46.503002+00:00
V4-W-00016-S2026072901-R17-Q2,15010,0x02a132a490ec281ece5bd5597787118d49b20b413a0d08c0ca5f68a13c2a99b5,False,2026-07-29 12:07:49.130567+00:00
V4-W-00016-S2026072901-R17-Q5,15056,0x94f58f5840b8af038274754b5adf6ff879cc90b71904de89452a53647c1a00cc,False,2026-07-29 12:07:49.335627+00:00
V4-W-00022-S2026072903-R17-Q2,14915,0x09a2fdcd70e19938520fffddb9e97194954d85c2bc018b7f403a05cff729c764,False,2026-07-29 12:07:51.915711+00:00
V4-W-00022-S2026072903-R17-Q7,15221,0x073e431fb228c0da0589041792d2a51289c615d28cd23bc64b4c4f2da66697af,False,2026-07-29 12:07:52.171440+00:00
V4-W-00020-S2026072902-R17-Q3,14783,0xa7e823251b2a4a5d3a53706c0dc8397560639a32db6a753049fce396b309eff0,False,2026-07-29 12:07:54.782101+00:00
V4-W-00018-S2026072903-R17-Q1,14785,0x96c84a6f3b27c860b775d0d65d855130eb8b5e6c744444ee770d55b904755b1b,False,2026-07-29 12:07:57.394105+00:00
V4-W-00018-S2026072903-R17-Q6,15191,0xf5463b266c58ed1f39eea5b327aaf7000bd3c848f851ffc0d1744a1d5f6e22ca,False,2026-07-29 12:07:57.650691+00:00
V4-W-00020-S2026072903-R17-Q2,15116,0x62a1153c6c957c92adc825779e0fcf4be5a760575692b1ee2780cb9b535c1941,False,2026-07-29 12:08:00.399854+00:00
V4-W-00020-S2026072903-R17-Q7,14960,0x4cd4d4cb5871f49c0c7fe60b4d3567130d9de19e8b81f5f5cd4a3cf8fc007f2e,False,2026-07-29 12:08:00.488886+00:00
V4-W-00003-S2026072902-R17-Q4,14940,0xd027ffb9389295977c44383487143536a3ddf15c8daa792159819d831a234db2,False,2026-07-29 12:08:03.105694+00:00
V4-W-00013-S2026072902-R17-Q1,15184,0x9fe87e3c63963b87d558eac33978e79f48d015af5dea2d766e4c8bc41b61e48b,False,2026-07-29 12:08:08.305765+00:00
V4-W-00013-S2026072902-R17-Q6,15184,0x9fe87e3c63963b87d558eac33978e79f48d015af5dea2d766e4c8bc41b61e48b,False,2026-07-29 12:08:08.537326+00:00
V4-W-00000-S2026072903-R17-Q3,14792,0x02bc37a2c6334a5ff32425974de511bea00096699ba6d6d4f3c381267d4cd7ae,False,2026-07-29 12:08:11.157294+00:00
V4-W-00000-S2026072903-R17-Q7,15028,0x9b43cc27efd2c9a380aa018a1aefa6823295ff67d244ab18d243dca695854115,False,2026-07-29 12:08:11.366050+00:00
V4-W-00023-S2026072903-R17-Q4,15053,0x145a8a278a4dc9819b0b707b145f26d52ab457e551112d933f462c52b29928ca,False,2026-07-29 12:08:14.034400+00:00
V4-W-00022-S2026072902-R17-Q3,14907,0x67dcf5829beb78cb1c7022f7c35318bce78b543d82530dcd9ba7d2a5532255f6,False,2026-07-29 12:08:16.590805+00:00
V4-W-00022-S2026072902-R17-Q5,14938,0x409df75e1059f8f682e359cdbafcd3ae79069c0d41cd7f0e6c987b8ce49bc2b3,False,2026-07-29 12:08:16.824839+00:00
V4-W-00013-S2026072903-R17-Q2,14796,0xc57f998667a240489e758e609544bf9779482b7a2c75685b4c96cd2926d57f4d,False,2026-07-29 12:08:19.376636+00:00
V4-W-00007-S2026072902-R17-Q2,14963,0x96dd7ba20e9904d754c207295af2652722f8ce2e2db75a659c71f9dd6f703b5f,False,2026-07-29 12:08:21.897095+00:00
V4-W-00007-S2026072902-R17-Q5,15066,0xff0a83f217f54fedab6196bca92fef204900f5ed43b801ccaa212468d45d9c5c,False,2026-07-29 12:08:22.133598+00:00
V4-W-00003-S2026072903-R17-Q1,14953,0x3d4619a50ca2caccfa67b049f163326c9b06ff0ba669e93e2ed70e858452b5c9,False,2026-07-29 12:08:24.642846+00:00
V4-W-00003-S2026072903-R17-Q6,15067,0x563b961442504ab54d1fbf896ad24e7a6d12c3eef39d01211573638551a0f190,False,2026-07-29 12:08:24.915626+00:00
V4-W-00004-S2026072902-R17-Q2,14928,0xb27ec95a7d40558bc1d94f232615b09b2e68c2528ad99d1799bae6e83b68cec2,False,2026-07-29 12:08:27.617803+00:00
V4-W-00020-S2026072901-R17-Q1,15197,0x7772f358e07f18706121c553442fa12e28bd1f5b9e805c117fbbecf100cfce5c,False,2026-07-29 12:08:30.113205+00:00
V4-W-00020-S2026072901-R17-Q0,14801,0xe4b52dda2187678b7e54641bd797caccaf093855a81197821ec73e9cfd821670,False,2026-07-29 12:08:30.383841+00:00
V4-W-00017-S2026072901-R17-Q0,15022,0x2e068c790d16c03f9715eb220f60a6a60271afab99a8528b50cc4c79b608963d,False,2026-07-29 12:08:32.888255+00:00
V4-W-00017-S2026072901-R17-Q7,14802,0xcac81ba46640aab07debf4445fbb6cb64d26de06a615a70544f5984507293368,False,2026-07-29 12:08:32.991028+00:00
V4-W-00002-S2026072902-R17-Q4,14811,0x1332b0e9eae95e5ff199dd72f8823434006499dc679957d5f053cfcb75431104,False,2026-07-29 12:08:35.556036+00:00
V4-W-00017-S2026072902-R17-Q0,14805,0x41807274a4ec43f0011b9fe4747b29eadbc622df5d36f36146ee1326c1abd846,False,2026-07-29 12:08:38.091699+00:00
V4-W-00017-S2026072902-R17-Q7,14805,0x41807274a4ec43f0011b9fe4747b29eadbc622df5d36f36146ee1326c1abd846,False,2026-07-29 12:08:38.429077+00:00
V4-W-00012-S2026072903-R17-Q2,14806,0xf30a3fd42623b5c09036676afe952a8b3a54bd1ebc3c1557ee2838d044172214,False,2026-07-29 12:08:40.952184+00:00
V4-W-00012-S2026072903-R17-Q6,14999,0x8c9a8bc918c33d5b75600178124d747072234e1075416466db6016c1c8e60eb7,False,2026-07-29 12:08:41.243076+00:00
V4-W-00011-S2026072902-R17-Q1,14998,0xa20172cda631dacd18965cf1d2081a0066135ec2d500ca283eff4e7666c73fc9,False,2026-07-29 12:08:43.944110+00:00
V4-W-00000-S2026072901-R17-Q0,15153,0xfc852152f8d83cfad86028c10a04bb09b58cc5a0bd9e1bbc64ac1bbf75570fe7,False,2026-07-29 12:08:51.928075+00:00
V4-W-00000-S2026072901-R17-Q5,15109,0x27bf375381b865df2a74bdd2d32704576fdc15b3f6571b4770b94ec60defbb39,False,2026-07-29 12:08:52.248542+00:00
V4-W-00010-S2026072903-R17-Q2,14966,0xa85b7af5d149b86c0e7d54aa1c1d760d78b1ea37e57a9a452fe42a6b77bd2a81,False,2026-07-29 12:08:54.880865+00:00
V4-W-00010-S2026072903-R17-Q7,15095,0x5f3d9b24a4407d048dc49d529419f43b53f01ef6a5b991d5cd99300a60430fa0,False,2026-07-29 12:08:55.194096+00:00
V4-W-00018-S2026072901-R17-Q3,14949,0xf3ead3c06ff4f9e25dfd8a5a407422f2943c359507d1136ffa1746189cee9e20,False,2026-07-29 12:08:57.738165+00:00
V4-W-00024-S2026072902-R17-Q0,14816,0x6960ad34f376ac2c4f355784e78829e0ad6ea5b47c7abf3c200f1736f87625a1,False,2026-07-29 12:09:00.300855+00:00
V4-W-00024-S2026072902-R17-Q5,15152,0xacfbf584dc93576651f57ab40c06d4609017cb3fe99161488c94ba42f3d76408,False,2026-07-29 12:09:00.561182+00:00
V4-W-00019-S2026072903-R17-Q2,14950,0x0b952e1405a1c2a13419bbfad7960a3ce8df3b75354a21afb66899cfcd0521eb,False,2026-07-29 12:09:05.832403+00:00
V4-W-00019-S2026072903-R17-Q4,14904,0x19a64f5b6e89bd294b62ece9932fce766aa19b83fbd4d35680eb933d95f2ca87,False,2026-07-29 12:09:06.057978+00:00
V4-W-00023-S2026072902-R17-Q7,15071,0x843ccc7a864be21009c06f152900f3894d8c9620e54510a41522a3d06fd275ca,False,2026-07-29 12:09:11.658876+00:00
V4-W-00008-S2026072902-R17-Q0,14922,0x109b7ddf1f266fe51adb65f646a4e30610d41f55aad7574e418f7e8ac403a53a,False,2026-07-29 12:09:14.174956+00:00
V4-W-00008-S2026072902-R17-Q4,14922,0x109b7ddf1f266fe51adb65f646a4e30610d41f55aad7574e418f7e8ac403a53a,False,2026-07-29 12:09:14.530825+00:00
V4-W-00009-S2026072902-R17-Q2,15078,0x369d12dc3161ff4d26c32a5ca3797ab5fdda0620feca276dbf73b4dd7ecde090,False,2026-07-29 12:09:19.868742+00:00
V4-W-00009-S2026072902-R17-Q7,14826,0x14001823b9fae0256d295472a27f38794a0ae6d3a0325c7535ef7400661fd2a5,False,2026-07-29 12:09:20.122055+00:00
V4-W-00001-S2026072902-R17-Q5,14827,0x674e9eb36ba59eb843d644b2ab0c788af04fe142cbe13d164a57a13ee44f4c88,False,2026-07-29 12:09:22.766684+00:00
V4-W-00026-S2026072903-R17-Q3,14829,0xbf81bc85be311d24c184c89dd950b33e6bcbf4e50fbe474534c220b4550b6597,False,2026-07-29 12:09:25.368887+00:00
V4-W-00026-S2026072903-R17-Q2,14829,0xbf81bc85be311d24c184c89dd950b33e6bcbf4e50fbe474534c220b4550b6597,False,2026-07-29 12:09:25.638491+00:00
V4-W-00007-S2026072903-R17-Q1,15087,0xf0d26faa7c744dd8486c9d4c38d90351b38076c7e1c3ecbf2bc9a2852bfec494,False,2026-07-29 12:09:28.287150+00:00
V4-W-00007-S2026072903-R17-Q7,15087,0xf0d26faa7c744dd8486c9d4c38d90351b38076c7e1c3ecbf2bc9a2852bfec494,False,2026-07-29 12:09:28.481778+00:00
V4-W-00019-S2026072901-R17-Q4,15151,0x2e80b638db19ef072bb8939c291a3109414e3a9e432646d7423d184255ec45c8,False,2026-07-29 12:09:33.841982+00:00
V4-W-00010-S2026072901-R17-Q3,14834,0xc049aa6d3883bbc1ed10ba3f7f28459f47c3de27939e448442844c03f4e60ad9,False,2026-07-29 12:09:36.397863+00:00
V4-W-00010-S2026072901-R17-Q4,15127,0xfb1a198fd17a13cb6073d4a0599528eec9a14cda360524a8faf64897e07d31c8,False,2026-07-29 12:09:36.645711+00:00
V4-W-00025-S2026072902-R17-Q1,15177,0xde55e3d0204145919d19b312968808cc7b562f7de665e49193e9322345ac7e0f,False,2026-07-29 12:09:39.264790+00:00
V4-W-00025-S2026072902-R17-Q5,14836,0xa6898cc393e6d9b4d020980d3c067ae372d93f0af4091635474224a1bc8622a4,False,2026-07-29 12:09:39.496836+00:00
V4-W-00009-S2026072901-R17-Q4,14897,0x6f9f04ae5dc213a161e7408938349e101d01518a7df2cf6a54b36a2ff67bd884,False,2026-07-29 12:09:42.067487+00:00
V4-W-00007-S2026072901-R17-Q1,15046,0x34c698042ead5690e8a8447c6ce417dfad13e8aba2fa46a0715c00b9ecce09d3,False,2026-07-29 12:09:47.587772+00:00
V4-W-00007-S2026072901-R17-Q3,15134,0xf445f654c08d610c1d0160bf79ff29c157bb920b56b7af0de7ed47294c1aa666,False,2026-07-29 12:09:47.836192+00:00
V4-W-00014-S2026072902-R17-Q6,15218,0x1c11926fe4425e31776d8eb58cf9640f0c633941b2fbb56e3078b54c5150685c,False,2026-07-29 12:09:53.362623+00:00
V4-W-00014-S2026072902-R17-Q4,15218,0x1c11926fe4425e31776d8eb58cf9640f0c633941b2fbb56e3078b54c5150685c,False,2026-07-29 12:09:53.539774+00:00
V4-W-00002-S2026072903-R17-Q5,15091,0xe98a4eef55be59101109a77502c59f03148b0d25b4487f533710b3b537df0fc7,False,2026-07-29 12:09:56.128587+00:00
V4-W-00022-S2026072901-R17-Q1,15035,0x7ea0c0c2d609b7eb4e710fbdf7ebb5345c3e548ad36274847f9f4591b80de819,False,2026-07-29 12:10:01.221718+00:00
V4-W-00022-S2026072901-R17-Q7,14847,0x3d910cfdb0e0e0d208d4249b1c1924f23ff4ad1cc4f41e4cde4284b1cd74cca2,False,2026-07-29 12:10:01.547733+00:00
V4-W-00025-S2026072903-R17-Q0,14849,0xc56a327e90b2ef367d381ea97a8b8490f06ea1b4897c45bb630baf9dea90f003,False,2026-07-29 12:10:06.861113+00:00
V4-W-00008-S2026072901-R17-Q3,15049,0x7f96c3d3598cfdd7a48813b4bf936842a979954f3a5d909dd02ae9e19699837f,False,2026-07-29 12:10:12.134757+00:00
V4-W-00008-S2026072901-R17-Q6,15049,0x7f96c3d3598cfdd7a48813b4bf936842a979954f3a5d909dd02ae9e19699837f,False,2026-07-29 12:10:12.446350+00:00
V4-W-00021-S2026072902-R17-Q1,14858,0x97dfb88c5bb3a7b87e5b0c3909ed3a7f40bad02dd19e1cb07e38b05f828e288e,False,2026-07-29 12:10:23.141781+00:00
V4-W-00021-S2026072902-R17-Q6,14858,0x97dfb88c5bb3a7b87e5b0c3909ed3a7f40bad02dd19e1cb07e38b05f828e288e,False,2026-07-29 12:10:23.463007+00:00
V4-W-00001-S2026072901-R17-Q4,15215,0xc8294ccec0af45073b40ae0b5cc709d5177ce5d6a2ca40888cb360fec227dd37,False,2026-07-29 12:10:26.031701+00:00
V4-W-00019-S2026072902-R17-Q0,15188,0xc6626dc47a9150384ad1b4b40fab3bec7148d8df4a1de18eba0b06e442743c70,False,2026-07-29 12:10:28.517775+00:00
V4-W-00019-S2026072902-R17-Q5,15000,0x53d8170527b5ad83cbb8735d9c3a0813d6fd8ef9566204b1301939d54d173442,False,2026-07-29 12:10:28.790585+00:00
V4-W-00005-S2026072902-R17-Q0,15212,0x8f7d3fa6d87b36016917d36fb161495e275a1c92d67a67b71bb673111fc81391,False,2026-07-29 12:10:31.378697+00:00
V4-W-00005-S2026072902-R17-Q6,15208,0xfd27443870b350c1465e79cfef085ee7272a0791328da966287eb6bbc8cecd0e,False,2026-07-29 12:10:31.587048+00:00
V4-W-00008-S2026072903-R17-Q2,14996,0x0822b69d94181dd757ff92c8560e3faf77f77c0906deb2b3f086488cd98e38ab,False,2026-07-29 12:10:36.987080+00:00
V4-W-00024-S2026072901-R17-Q0,15081,0x4757f07459dd2ad574dde624f4a046ca28892e4a108583a173395c8e2c9d9236,False,2026-07-29 12:10:39.475102+00:00
V4-W-00024-S2026072901-R17-Q5,15081,0x4757f07459dd2ad574dde624f4a046ca28892e4a108583a173395c8e2c9d9236,False,2026-07-29 12:10:39.740126+00:00
V4-W-00001-S2026072903-R17-Q3,14870,0x2c89f45faf27ed24f2b65429f9367f10a2a9de76633c5de4b11c039f287683f4,False,2026-07-29 12:10:47.725592+00:00
V4-W-00001-S2026072903-R17-Q4,15036,0x5cae1b3b62998b63bf1d6d7516c756cdb19d034c6a88a257a14c597e0dd17c17,False,2026-07-29 12:10:47.970778+00:00
V4-W-00015-S2026072902-R17-Q3,14903,0xf7d21cf5c34f1dd493e8d13ae712bed2a593bce77f06fa8ba72cd623fd4e5c9f,False,2026-07-29 12:10:50.456591+00:00
V4-W-00006-S2026072903-R17-Q0,14873,0x3d5810b54c925bafc8fa5b7232a94d4079411635efcc75c9d3aef1d9127abd77,False,2026-07-29 12:10:53.103680+00:00
V4-W-00006-S2026072903-R17-Q5,14906,0xf3e522f317fc80d7d64b7af8a083cdc6174ce0b272a31889c2fa815f114129a8,False,2026-07-29 12:10:53.384681+00:00
V4-W-00005-S2026072903-R17-Q2,14874,0xb797b14004ffd0be7f5c16f27c1fdb555ff0256b8b6ffb5c3c9313305171e23a,False,2026-07-29 12:10:55.956870+00:00
V4-W-00005-S2026072903-R17-Q6,15131,0x165fd9710b2b341f25460b2857ca0d92662cfffa0c9c5ef2733bb11326487381,False,2026-07-29 12:10:56.161695+00:00
V4-W-00023-S2026072901-R17-Q3,15139,0x0d561386fffbc13eea668a29410d92ce79214ccc997351abf2e3a92b130ed5d8,False,2026-07-29 12:10:58.802678+00:00
V4-W-00002-S2026072901-R17-Q4,14943,0xd9885837e307fc573114e2b5f9b389a01cb2ebdd40150bfaf717172c795bcf66,False,2026-07-29 12:11:01.348387+00:00
V4-W-00002-S2026072901-R17-Q3,14943,0xd9885837e307fc573114e2b5f9b389a01cb2ebdd40150bfaf717172c795bcf66,False,2026-07-29 12:11:01.600590+00:00
V4-W-00012-S2026072902-R17-Q2,14981,0x32f406b95035aa81e5073c9fbb56de468c952173df8b6cafa80d85d3550793f9,False,2026-07-29 12:11:04.175510+00:00
V4-W-00012-S2026072902-R17-Q7,14909,0x9794127e9850e049cb1449f42a1229695d70b073560b32ac014b9f8677c9eeec,False,2026-07-29 12:11:04.494597+00:00
V4-W-00017-S2026072903-R17-Q5,14881,0x882a8bb5b03d808d251fd234ddf202dbd2bf65c0fad41013b5c93e214fb33ee6,False,2026-07-29 12:11:09.786149+00:00
V4-W-00021-S2026072903-R17-Q0,14988,0x9da8a25228f43a02dd19f134873ae3d85a5ddb76535fdbbafdc584704598c34a,False,2026-07-29 12:11:23.171983+00:00
V4-W-00021-S2026072903-R17-Q5,14888,0xef8f0b866dd4c0d726def210bc7bf5577e92f1837c4227c2b12fd4ae26445c3d,False,2026-07-29 12:11:23.494984+00:00
V4-W-00006-S2026072901-R17-Q2,15060,0x1ca65a4f17546d28716cae14acedf48d24f027a7bb646914ab851fc950196c2a,False,2026-07-29 12:11:31.476671+00:00
V4-W-00006-S2026072901-R17-Q7,15060,0x1ca65a4f17546d28716cae14acedf48d24f027a7bb646914ab851fc950196c2a,False,2026-07-29 12:11:31.751034+00:00
V4-W-00025-S2026072901-R17-Q4,14893,0x77c31e903d4d29a919f67eaa5fc7e00e2d78c6a29ccdbee8047e43e51b1788b7,False,2026-07-29 12:11:34.412958+00:00
V4-W-00026-S2026072902-R17-Q6,14896,0x42ac88470b0e51771721aaa748309506bd50d763f90ebb2fe7e98cb485c01571,False,2026-07-29 12:11:39.818208+00:00
V4-W-00026-S2026072902-R17-Q4,15103,0x7ecafe0cedf0a7a5955eb600b1f9186680d5caf3544ae879f32e3e981247fae1,False,2026-07-29 12:11:39.909229+00:00
V4-W-00015-S2026072903-R17-Q2,15156,0xe68567e8994810a9b64f33467ab9f86b92c923e955100425c633b035786bb88e,False,2026-07-29 12:11:45.304901+00:00
V4-W-00015-S2026072903-R17-Q7,14942,0x2cb4bbd1bc57b8aaf1957e62c6c70a59467672c9a8acddb1fcfa7bdbf09985e6,False,2026-07-29 12:11:45.626201+00:00
V4-W-00011-S2026072901-R17-Q5,14917,0x4c39ca406f79993634949a5c114ecf96836dae4dc05e7d72da37ebfe2f3ced0c,False,2026-07-29 12:11:48.354339+00:00
V4-W-00009-S2026072903-R17-Q1,15198,0xc89b942d978acfb61f7fe5565af06d38dc1c075c45ca552e1677244eaddc062d,False,2026-07-29 12:12:07.579520+00:00
V4-W-00009-S2026072903-R17-Q6,15198,0xc89b942d978acfb61f7fe5565af06d38dc1c075c45ca552e1677244eaddc062d,False,2026-07-29 12:12:07.877055+00:00
V4-W-00026-S2026072901-R17-Q4,15142,0x889c0b7c8f31b9c6af800419dc777860db01be4d73430c4e91d508019ff63f5b,False,2026-07-29 12:12:10.468997+00:00
V4-W-00026-S2026072901-R17-Q1,15041,0xa905d2245fadae58e612546726a8e093a71a34d044c1e5bf08c68e0029f093cc,False,2026-07-29 12:12:10.707225+00:00
V4-W-00021-S2026072901-R17-Q4,15106,0xde0951916cb9f6c4f1fd33b174ccac42fc67693f53fac884856ecfdf209388f8,False,2026-07-29 12:12:16.078925+00:00
V4-W-00006-S2026072902-R17-Q1,15002,0xd3feb5c2f2ec0bf8c015fdd4c57da5e48f83edf462405a4ffa5f589818f3749c,False,2026-07-29 12:12:29.752732+00:00
V4-W-00006-S2026072902-R17-Q6,14921,0xe8f87d4d232bdbd5d5f4b85f173a0a289749291a25a121fb8e05e4cf562baedd,False,2026-07-29 12:12:30.025940+00:00
V4-W-00000-S2026072902-R17-Q3,14931,0x36f6b4acf40b6566defd8b3b82d01f3e3845eca3b02bb0d9e15816c14f0a8a5b,False,2026-07-29 12:12:49.382654+00:00
V4-W-00000-S2026072902-R17-Q7,14971,0x25bdf4395c75577001ad0c2e03801976edc8b4419745002c53df9b86697c166f,False,2026-07-29 12:12:49.607673+00:00
V4-W-00013-S2026072901-R17-Q4,15094,0xb2b99c9c50c726f7ff312557a2ee488feaf788506696f48f6406eefbb53d5bbe,False,2026-07-29 12:13:18.078177+00:00
V4-W-00014-S2026072903-R17-Q4,15170,0x5416f0ef9e56bf5caf75c096dfa2104e5cfe1da33964a9df1f1e413cc897ee67,False,2026-07-29 12:13:31.548678+00:00
V4-W-00014-S2026072903-R17-Q2,15138,0xbd51b22da62f905b9fd7a42f8f738b674129ba8a54e335dad884834065840917,False,2026-07-29 12:13:31.856549+00:00
V4-W-00016-S2026072903-R17-Q3,15003,0x7f325cc4e9b637cbb5e18a28fa64c99b02de7b073e174f9322b5d92ba5f6fbdf,False,2026-07-29 12:14:02.053774+00:00
V4-W-00011-S2026072903-R17-Q4,15073,0xd93d195c6a1591654578f4b9ee71e05f85dc64b58a2532a1c2c30ae1ce647024,False,2026-07-29 12:14:04.606996+00:00
V4-W-00011-S2026072903-R17-Q3,15144,0xa2d5d096b30092a46135744fee68965231a720fba2ea5ade6bd82c3bc7765703,False,2026-07-29 12:14:04.819529+00:00
V4-W-00004-S2026072903-R17-Q2,15164,0x2619cd84b703d79279b651becf0603029f86faaeadbfe4b9714671cf5d4076a7,False,2026-07-29 12:14:12.882767+00:00
V4-W-00004-S2026072903-R17-Q1,15165,0xeeb042bc9ce114b9d05059a8debf9b7b3b83fbd40141d3414a159e07c23db4dd,False,2026-07-29 12:14:13.182818+00:00
V4-W-00024-S2026072903-R17-Q3,15126,0x3a49bfdc6bb2e93fa6cf9890da4050fcd347e992277a46d0141f8a59cd0e64fd,False,2026-07-29 12:14:21.228627+00:00
V4-W-00005-S2026072901-R17-Q0,14978,0x6cb84d50d6615bbed712964aac813c808a1e6dfa71fbfb33793c5368bd099f89,False,2026-07-29 12:14:23.817950+00:00
V4-W-00005-S2026072901-R17-Q5,15006,0xa99e3197759afaf17a75cba1e3931e0d734fc9618ff3dbede68abffa1bd1280d,False,2026-07-29 12:14:24.210536+00:00
V4-W-00016-S2026072902-R17-Q3,14982,0xbd4ad90b2acea5809ce7c5bfefa43aea8c954c51f1bdddb0c49142aa5426e956,False,2026-07-29 12:14:32.324148+00:00
V4-W-00016-S2026072902-R17-Q6,15193,0x057290b1a7f79a4ee7eaee79f4282dd1ecc1a74b1abcef58e2986114c198805a,False,2026-07-29 12:14:32.606659+00:00
V4-W-00010-S2026072902-R17-Q3,15204,0x09b756825882a3a1764d621e39f79e255114d79df6a478002ff336ffebdc9043,False,2026-07-29 12:15:41.855114+00:00
V4-W-00015-S2026072901-R17-Q0,15054,0xe1f5efe8f0b3ef01a36b9430085776cc22966429a8f64d49e5572dad00def3eb,False,2026-07-29 12:16:56.995014+00:00
V4-W-00015-S2026072901-R17-Q5,15055,0xaf2a6505bd0c6350a75ef07d5414a467536cf6d64bf1488aae7aff900db4225c,False,2026-07-29 12:16:57.284047+00:00
V4-W-00004-S2026072901-R17-Q2,15119,0xb3dab0adbe567543c09ca0360261b798559956312f98011f66eddcceadfc00e9,False,2026-07-29 12:18:42.932123+00:00
V4-W-00004-S2026072901-R17-Q7,15108,0x75759e604823a50b62907ad41f93faff0f0987aa1aa89e80ffc0f5d986ca9d6b,False,2026-07-29 12:18:43.183117+00:00
V4-W-00003-S2026072901-R18-Q3,15344,0x97c8aa964cc1b53ce9576807dbc25ec266b3ab1c89653c4b6b68fdaa2f678675,False,2026-07-29 12:22:37.323088+00:00
V4-W-00004-S2026072902-R18-Q0,15272,0xd8ec74a56976fae05dd7e9b779dbdb01d8301f77b24a596974c308941975374c,False,2026-07-29 12:22:39.851068+00:00
V4-W-00004-S2026072902-R18-Q7,15305,0xee7b99a222d43d0058749b54539d41aa098f3df99f9b4e81973fa829a3ecb622,False,2026-07-29 12:22:40.207251+00:00
V4-W-00002-S2026072902-R18-Q4,15274,0xdadd47f7b12173faffb88d136b71b458795b9983a01552b16731b4c6615c00a8,False,2026-07-29 12:22:42.706601+00:00
V4-W-00002-S2026072902-R18-Q2,15300,0x8d2874c4dc09b3cabedca54222170d22557a07f80e0e930ccfc6e36a819c86ad,False,2026-07-29 12:22:42.902971+00:00
V4-W-00002-S2026072901-R18-Q6,15574,0x4a589651331a89a2f08ab701e2ee6c9678226be67d12916b4c70961eedc339ae,False,2026-07-29 12:22:45.539290+00:00
V4-W-00010-S2026072902-R18-Q3,15567,0x4f8f23d09fe2c49948f6ba20b55a721b3b243064391b984685f1cb42d3106c2b,False,2026-07-29 12:22:48.137580+00:00
V4-W-00010-S2026072902-R18-Q7,15625,0x741aaff134af60985c004b1b36de5846fe04b7d85af2b45c21b4b94a3077caa4,False,2026-07-29 12:22:48.355454+00:00
V4-W-00017-S2026072901-R18-Q1,15647,0xba1fe6e7884e73fdfdf484e66cd23df4bf848bf913f1029edd6f728764ca49df,False,2026-07-29 12:22:51.011311+00:00
V4-W-00017-S2026072901-R18-Q7,15231,0x72ddb6ec6d8fb435e7a9ab276c34ff8d500d0df8523929438c0370da10433af4,False,2026-07-29 12:22:51.129631+00:00
V4-W-00010-S2026072903-R18-Q4,15439,0xe035e4cdc7272607b0a7fbbb55ddb321047156b76dc12e5494e831e44c15f549,False,2026-07-29 12:22:53.713677+00:00
V4-W-00014-S2026072901-R18-Q3,15552,0x81cf12f6c570c96166a76f8b74cbc6199668b864b2bc840c35f2473381df01b8,False,2026-07-29 12:22:56.224821+00:00
V4-W-00014-S2026072901-R18-Q2,15417,0x85214280115bb16a1e5ae7d2362e7f9f7dc82ce6b56b708867f4ad541bf47776,False,2026-07-29 12:22:56.552130+00:00
V4-W-00005-S2026072903-R18-Q2,15264,0x08459b57db5448ef89ec0fbb64441471f758cb91ea6cb715845958f9b2fb684a,False,2026-07-29 12:23:01.974615+00:00
V4-W-00005-S2026072903-R18-Q7,15278,0x7e59dbecbc5fdf9e127478bec97a3f00da67db1a421ad5ccd4675f8b34f52997,False,2026-07-29 12:23:02.065054+00:00
V4-W-00004-S2026072901-R18-Q5,15347,0xc7788cc5c5f443761942277328dd1046fd915fe29e4c77c335e82cc5fdfe18ce,False,2026-07-29 12:23:04.713443+00:00
V4-W-00003-S2026072903-R18-Q1,15563,0x8f2b436d72c2bd717c805bb8c08a1a70b56fdf0d361f7af2966a865a2af53519,False,2026-07-29 12:23:07.274899+00:00
V4-W-00003-S2026072903-R18-Q5,15240,0xea1b9e0440143dd20017f872c0d0c4a222d2c4414eda8043bb0553e8069edb75,False,2026-07-29 12:23:07.515627+00:00
V4-W-00013-S2026072903-R18-Q0,15241,0x9d83c598943b17f6c5be0e9becfe085fff4b659aa69f941e99e036bd79118fe3,False,2026-07-29 12:23:10.022628+00:00
V4-W-00013-S2026072903-R18-Q5,15241,0x9d83c598943b17f6c5be0e9becfe085fff4b659aa69f941e99e036bd79118fe3,False,2026-07-29 12:23:10.266033+00:00
V4-W-00015-S2026072903-R18-Q4,15553,0x64e643fa3fc4d2abdc6140ad1ec6d554e9aa6391c1c4ff359ee04fd9b8007fb6,False,2026-07-29 12:23:13.128127+00:00
V4-W-00020-S2026072902-R18-Q6,15244,0x535dbff7ef75a7704b2e61beb0e5436c573539d95df459b58b3d3f4570ea9d25,False,2026-07-29 12:23:15.816487+00:00
V4-W-00020-S2026072902-R18-Q3,15244,0x535dbff7ef75a7704b2e61beb0e5436c573539d95df459b58b3d3f4570ea9d25,False,2026-07-29 12:23:16.121314+00:00
V4-W-00002-S2026072903-R18-Q0,15400,0xf3db4ad1938dfea8b8062f1b11c9597a0af38417b8f78b705cafd14273fe4e26,False,2026-07-29 12:23:18.887491+00:00
V4-W-00002-S2026072903-R18-Q6,15400,0xf3db4ad1938dfea8b8062f1b11c9597a0af38417b8f78b705cafd14273fe4e26,False,2026-07-29 12:23:19.010452+00:00
V4-W-00012-S2026072901-R18-Q4,15263,0x762e6f60799e67b9885fe1963477e4e03f271a4dbc49ce51da8f40081f1cbccc,False,2026-07-29 12:23:21.846921+00:00
V4-W-00026-S2026072901-R18-Q5,15248,0x59be1fa82e00b0198f865965dd8b6e461dc98d1d7b204cbcd8b15e3b953b02cd,False,2026-07-29 12:23:24.956379+00:00
V4-W-00026-S2026072901-R18-Q0,15248,0x59be1fa82e00b0198f865965dd8b6e461dc98d1d7b204cbcd8b15e3b953b02cd,False,2026-07-29 12:23:25.114966+00:00
V4-W-00001-S2026072901-R18-Q3,15351,0x7cbc43a0526dccedd4a7ff21d4982dff428da827202a3e90750f12e1ddf2715e,False,2026-07-29 12:23:30.470922+00:00
V4-W-00001-S2026072901-R18-Q6,15251,0x5b530eaab9d8a4311f17569dea239dca1f6e76d0bfb119cdcaa33ebdfc39940d,False,2026-07-29 12:23:30.746836+00:00
V4-W-00013-S2026072901-R18-Q4,15253,0xab393a2c32356d4e33cfc2120a84dc6b3ebdf32b1921241e3cd6653820bfc903,False,2026-07-29 12:23:33.451190+00:00
V4-W-00001-S2026072903-R18-Q2,15445,0x25dc193d35068d18679f6ee89c8aa96a6bbb70554a947f6961b498e44df3056e,False,2026-07-29 12:23:36.065271+00:00
V4-W-00001-S2026072903-R18-Q5,15303,0x19bcca4b7948abd589cc03649d24ab51f9746cec2a2b900e393b83ab2e16eff2,False,2026-07-29 12:23:36.328650+00:00
V4-W-00024-S2026072902-R18-Q3,15453,0x06a2fd35dd03d4deac5ae3418ba91ea77b04dbe60b962fb273b94c51309514eb,False,2026-07-29 12:23:38.903906+00:00
V4-W-00011-S2026072901-R18-Q3,15322,0xe7397cc54cdc80a7a8d66e735ab7e517138a59cedb5df2c5335d99345cb4a884,False,2026-07-29 12:23:41.601100+00:00
V4-W-00011-S2026072901-R18-Q5,15322,0xe7397cc54cdc80a7a8d66e735ab7e517138a59cedb5df2c5335d99345cb4a884,False,2026-07-29 12:23:41.877789+00:00
V4-W-00012-S2026072903-R18-Q1,15258,0xd59ecf731604e881a1b220d45d9666124c76913e79745be515ca4afae93913aa,False,2026-07-29 12:23:44.479505+00:00
V4-W-00012-S2026072903-R18-Q6,15598,0xbe5704c7732b29cadf8be93d56b78626319cf1442836a3e0b8b9797ae92acd09,False,2026-07-29 12:23:44.765844+00:00
V4-W-00009-S2026072901-R18-Q3,15397,0x6be6e0238c621d248785e9e59c0fcdcb17e7ae370f15148b201b732cf96cfbd1,False,2026-07-29 12:23:47.425199+00:00
V4-W-00009-S2026072902-R18-Q0,15623,0xef9072f12a2db93a9a669f629e5a4a5844dc795a5f452b98f1ddeaf81b5c40af,False,2026-07-29 12:23:49.998323+00:00
V4-W-00009-S2026072902-R18-Q5,15505,0x8faad8e6cd424288f5a4a6584295afe4f1b2ccab162df1f658f45061263a3336,False,2026-07-29 12:23:50.255736+00:00
V4-W-00001-S2026072902-R18-Q1,15265,0x1f0bf2b89a6bb1b94e425615e7fe7d60ffb2afdf299e6a40d58e9d5db5308da2,False,2026-07-29 12:23:58.506151+00:00
V4-W-00001-S2026072902-R18-Q6,15442,0x5e27fad2d0262001839c7ad2f54e4b5a7d25593113852baf92aafafacc2edb8a,False,2026-07-29 12:23:58.713132+00:00
V4-W-00016-S2026072902-R18-Q0,15469,0x279544bdf37f755762f485be6f1b9ef9bd6ba557ff7bc629ef2891cfb218a0aa,False,2026-07-29 12:24:04.215029+00:00
V4-W-00026-S2026072902-R18-Q0,15533,0x67afb96a6b5dc5693734df987e83576b96c5818bf26679360bce08dd6807fdb6,False,2026-07-29 12:24:09.635588+00:00
V4-W-00026-S2026072902-R18-Q2,15648,0xee9d3032bfa41b22be6dc2b0947176a065b494855c497b55ef3692b58c4e6069,False,2026-07-29 12:24:09.963879+00:00
V4-W-00021-S2026072903-R18-Q2,15516,0xe242ecdf2d2f864a844dafff47e14b487c11cf251bf0d93aa72037290e0bd460,False,2026-07-29 12:24:18.073784+00:00
V4-W-00021-S2026072903-R18-Q6,15549,0x785a2eaad91167f5cc9c9253a98728db05e4d85273112d6576fc6305d581d81d,False,2026-07-29 12:24:18.276845+00:00
V4-W-00005-S2026072902-R18-Q1,15637,0xe46f3330353222e40632a0dec94584847f0f8edd7f30fa33d304bb8c9cc169f3,False,2026-07-29 12:24:20.970517+00:00
V4-W-00017-S2026072902-R18-Q0,15559,0xbe1392083ac82d63cf7bc0ddb3ab8f16710460862504b464cb290124b0abc542,False,2026-07-29 12:24:26.253383+00:00
V4-W-00017-S2026072902-R18-Q6,15634,0x3e0d85d7dec7cd0e9d6deef3a38c2111c2d5c2f1c2a49325dde3bf81846a224c,False,2026-07-29 12:24:26.602565+00:00
V4-W-00025-S2026072903-R18-Q2,15407,0x310727b6aa1249b8ca00cf7f269a06dae0961a7ece0595d3daed528e87e68241,False,2026-07-29 12:24:29.189489+00:00
V4-W-00025-S2026072903-R18-Q6,15570,0xb44651e89d051a2b03032bc7fb61f434da0b8fae9a5874fbd061dea27a74b097,False,2026-07-29 12:24:29.450881+00:00
V4-W-00017-S2026072903-R18-Q2,15418,0x0ab79ecdd5ee6d32ccb6fe925a68fb1f3ae503eaf5dc1527317973d40c9afa5a,False,2026-07-29 12:24:32.141742+00:00
V4-W-00015-S2026072902-R18-Q0,15477,0x03808ef81c4cf164a9bd6d11cc5f5532f5ccc03488547b14410c9abee16b7948,False,2026-07-29 12:24:40.137542+00:00
V4-W-00015-S2026072902-R18-Q5,15477,0x03808ef81c4cf164a9bd6d11cc5f5532f5ccc03488547b14410c9abee16b7948,False,2026-07-29 12:24:40.404496+00:00
V4-W-00004-S2026072903-R18-Q3,15529,0x03ed017a20792988a2b611dfa1c243b70c44405f883ebd883b80a55f828bf7f1,False,2026-07-29 12:24:43.137776+00:00
V4-W-00004-S2026072903-R18-Q7,15529,0x03ed017a20792988a2b611dfa1c243b70c44405f883ebd883b80a55f828bf7f1,False,2026-07-29 12:24:43.359857+00:00
V4-W-00021-S2026072902-R18-Q4,15289,0xf70976577dee0699bbb2eda699d79e5fac4d722e47a1070bbf88bcb3ae03a08c,False,2026-07-29 12:24:45.987640+00:00
V4-W-00008-S2026072902-R18-Q2,15353,0x0e2752a5bca18480c321c1716a6e7bfca23b2564be71f483ff3121f225cb22c1,False,2026-07-29 12:24:48.566753+00:00
V4-W-00008-S2026072902-R18-Q6,15622,0x88965f62f63c1dff267d26803a0939fcfca3bcf84a94ca02773ccd9725ae45cd,False,2026-07-29 12:24:48.849297+00:00
V4-W-00018-S2026072902-R18-Q2,15293,0x476ab1509c71569833ce969f8b6b107f1397870d3a0fc313ae45a443e5942890,False,2026-07-29 12:24:54.069984+00:00
V4-W-00018-S2026072902-R18-Q7,15336,0xd02cc63d9d5dab57a0b955ddebc048af5cf20afa412ba52f6bc18e9102a3c2bc,False,2026-07-29 12:24:54.371888+00:00
V4-W-00018-S2026072901-R18-Q4,15340,0x20fb334b09241bd43254dd9930c3a170ebd72de9194cc92f7c86cddb35467f56,False,2026-07-29 12:24:56.983167+00:00
V4-W-00019-S2026072902-R18-Q3,15406,0x4b516c6956ffdc8dd81e9c66d36dbda8ba39cd5ad07c372f5f8580ba8a0c38ca,False,2026-07-29 12:25:02.361924+00:00
V4-W-00019-S2026072902-R18-Q6,15297,0xbed362cc6ff92798090e0d219f069b090ee2310d40000337e9ba719a9ceaf83a,False,2026-07-29 12:25:02.565014+00:00
V4-W-00000-S2026072901-R18-Q2,15504,0xa644d7c3b9af6c5fb58d075680322196428d3f499e943af2e366ed91f4a698ce,False,2026-07-29 12:25:04.952518+00:00
V4-W-00000-S2026072901-R18-Q7,15393,0x37da5088d68b81aa19c7759ad8a492e8ec920b2379566b9961a80d1e003ac62e,False,2026-07-29 12:25:05.233110+00:00
V4-W-00022-S2026072902-R18-Q5,15301,0x43a2c438b1b4d57d8e3cda9106014d3e518e78f0111de375926c5dff6d80d6aa,False,2026-07-29 12:25:10.655950+00:00
V4-W-00006-S2026072902-R18-Q1,15304,0xfbe49d1913958f273ab91dc586a7538dabf93a5badea21a8697549d875943d10,False,2026-07-29 12:25:15.809049+00:00
V4-W-00006-S2026072902-R18-Q6,15663,0x97d243a8d0d44621f0d1d5b6ac246dbdea60d22eb47d2c2f8cb3f68fc2897b99,False,2026-07-29 12:25:16.064689+00:00
V4-W-00008-S2026072903-R18-Q0,15644,0xce20b9528b35145a9529f63f4138f9932c8cd64463ccc0d0a75ee76eb3bf7bb5,False,2026-07-29 12:25:24.087137+00:00
V4-W-00008-S2026072903-R18-Q7,15644,0xce20b9528b35145a9529f63f4138f9932c8cd64463ccc0d0a75ee76eb3bf7bb5,False,2026-07-29 12:25:24.230649+00:00
V4-W-00025-S2026072902-R18-Q3,15410,0x3fc8f8d6a85979323d9589f7f1712fa91cc1563a5679d7a2e35ebb2b5743cd16,False,2026-07-29 12:25:26.874144+00:00
V4-W-00024-S2026072901-R18-Q1,15315,0x84cff3928657aa929e9e186c533589d6d51b94d102ab15cab6402ab8db9ef26f,False,2026-07-29 12:25:37.481962+00:00
V4-W-00024-S2026072901-R18-Q6,15315,0x84cff3928657aa929e9e186c533589d6d51b94d102ab15cab6402ab8db9ef26f,False,2026-07-29 12:25:37.798060+00:00
V4-W-00014-S2026072902-R18-Q3,15651,0x06fc75e3b50402043005690fa3cda2d2b241414f757d63e11eef1c1a6e4d8159,False,2026-07-29 12:25:40.455135+00:00
V4-W-00014-S2026072902-R18-Q2,15368,0xe111347e50f7c09912eb4c3c54265844398882df5de7088e97f6b67ca4247638,False,2026-07-29 12:25:40.580766+00:00
V4-W-00009-S2026072903-R18-Q4,15319,0xcdc0570a188474c1c23a7354eddddfaa41f033cb32ff3c03e2bde1e2cf14a901,False,2026-07-29 12:25:46.002896+00:00
V4-W-00025-S2026072901-R18-Q1,15650,0x88535a2b0981d0ff2b694b395506b5d95e05fd189620492040a95295b48d69ad,False,2026-07-29 12:25:48.628040+00:00
V4-W-00025-S2026072901-R18-Q7,15526,0x4c5de13321d4040d470233920ea8ced13c05b45c1cad36e219b461262d8b8091,False,2026-07-29 12:25:48.871404+00:00
V4-W-00024-S2026072903-R18-Q3,15326,0x2cb3fe77681750cff2d5def58cfab48439e38a401bb8261d33306f9c67c3d2c9,False,2026-07-29 12:25:59.791014+00:00
V4-W-00020-S2026072903-R18-Q6,15539,0x4aae88338bcd06c6aaf0064d47b26f1c651b42cd53a7e744609db82a1bd27e89,False,2026-07-29 12:26:02.594020+00:00
V4-W-00020-S2026072903-R18-Q2,15589,0x3c6eb6b8db723696afc569dd85192c4bc6ce1ebcda2f309c65a00864efb9bf58,False,2026-07-29 12:26:02.837796+00:00
V4-W-00023-S2026072903-R18-Q0,15658,0x8377a1d93344d5f7aff253c43057d783e5c518c90e1dd2ee77f39f1464a41164,False,2026-07-29 12:26:05.782334+00:00
V4-W-00023-S2026072903-R18-Q5,15329,0x0fb530ee5717dc9cda686c8b7101f29cc1f4320db3166ecb9800d47aa6c13ae8,False,2026-07-29 12:26:05.878012+00:00
V4-W-00006-S2026072903-R18-Q3,15522,0x67852edc932350d00548ed1c9a9de847a546530e930b7315f63ac6049abffbcd,False,2026-07-29 12:26:08.403965+00:00
V4-W-00011-S2026072903-R18-Q3,15402,0x7c99443773add66416ad0c7e22fbfcee0f625b0d6439edb32f195c835d03dd5e,False,2026-07-29 12:26:11.116912+00:00
V4-W-00011-S2026072903-R18-Q5,15332,0xbcffc757a14d8f92ccd058e524bddf6d89145278069fc45b51299287d4d7d5e8,False,2026-07-29 12:26:11.422331+00:00
V4-W-00020-S2026072901-R18-Q5,15383,0x48444290cd18d744768960a606b0b18ef47fdf05d0e41deebfbb1df7614d7708,False,2026-07-29 12:26:25.151225+00:00
V4-W-00020-S2026072901-R18-Q7,15602,0x7a58ae1f5ad5d157757a55752fca2493c74fc2a4a014f2848f9c5ffa8ad66141,False,2026-07-29 12:26:25.431938+00:00
V4-W-00000-S2026072903-R18-Q3,15346,0x9b919040179306d6ff591d74e224e9c5f8f8cbb0e4216230aac90e4c5ceab6e1,False,2026-07-29 12:26:33.551896+00:00
V4-W-00013-S2026072902-R18-Q1,15490,0x480b014bb6165fbaa62785309a115fce4d4a2dc0722a2dbc2ca16a999276f10c,False,2026-07-29 12:26:55.967798+00:00
V4-W-00013-S2026072902-R18-Q5,15354,0xe4a9fea3714e53c4169e5b0e57eabc89746252db592000e6071525ec87957296,False,2026-07-29 12:26:56.284952+00:00
V4-W-00007-S2026072903-R18-Q0,15571,0x044b78c7e2a8ab1b3e849332a93363d03e2d1332a3b39fba1933126fe084cc78,False,2026-07-29 12:27:01.513606+00:00
V4-W-00007-S2026072903-R18-Q6,15571,0x044b78c7e2a8ab1b3e849332a93363d03e2d1332a3b39fba1933126fe084cc78,False,2026-07-29 12:27:01.721383+00:00
V4-W-00008-S2026072901-R18-Q2,15358,0x9b3fdc8370ec314a0a09ebec42f0a3c1f333e6d65fadddecec492592886528fe,False,2026-07-29 12:27:04.468022+00:00
V4-W-00023-S2026072901-R18-Q2,15364,0x1c7a3885885ef5cabff2da97eb8e7ef9669b69b1468ef0115dd1f55812d96282,False,2026-07-29 12:27:15.302899+00:00
V4-W-00023-S2026072901-R18-Q0,15485,0xb2863b39c5f5081a6ed437921365411e92b5ad64237287b6751f4abe0aca882b,False,2026-07-29 12:27:15.591958+00:00
V4-W-00003-S2026072902-R18-Q2,15436,0xfdf6b0a97d12bac4b3f258199b93b663efe6674286adc63e75cc0ba883642648,False,2026-07-29 12:27:20.917742+00:00
V4-W-00003-S2026072902-R18-Q7,15501,0x125827a551d8d63b2369f7576cdc15aff852d6be836ede59cf3cf0f3ed82e55f,False,2026-07-29 12:27:21.208048+00:00
V4-W-00023-S2026072902-R18-Q3,15374,0x3a645dd24d3477fddde5bc8881bee7f0d07ce4dc6c31fa938974ec7ba15ee83a,False,2026-07-29 12:27:35.716326+00:00
V4-W-00012-S2026072902-R18-Q0,15382,0x0ee6f31529b67ddf03bddfc730f2c4cf9edd09b28a5bdf335afaba9ad415cf2a,False,2026-07-29 12:27:46.525908+00:00
V4-W-00012-S2026072902-R18-Q5,15382,0x0ee6f31529b67ddf03bddfc730f2c4cf9edd09b28a5bdf335afaba9ad415cf2a,False,2026-07-29 12:27:46.819845+00:00
V4-W-00011-S2026072902-R18-Q5,15578,0x0a9143fe2d1bcf925e38acd7db79bf227de83b49cbaef3815d4cdecd80daf34d,False,2026-07-29 12:27:49.572646+00:00
V4-W-00011-S2026072902-R18-Q3,15578,0x0a9143fe2d1bcf925e38acd7db79bf227de83b49cbaef3815d4cdecd80daf34d,False,2026-07-29 12:27:49.730996+00:00
V4-W-00019-S2026072901-R18-Q1,15461,0xb0c2972785a413e684c3a3788dca6c952799cf870cf74e00c0e7d22da5f4dd0c,False,2026-07-29 12:27:57.858616+00:00
V4-W-00018-S2026072903-R18-Q0,15619,0x63a9e9c197901a712c4419ed6cfcced1454c8a9b144f7003b3f7cf6ba55a3e53,False,2026-07-29 12:28:00.404454+00:00
V4-W-00018-S2026072903-R18-Q5,15386,0xb852b5db8c93b046e204fb72676b7e6b5f1c20c0f349b2421e4e009138809a1a,False,2026-07-29 12:28:00.705432+00:00
V4-W-00007-S2026072901-R18-Q0,15408,0xe6ea5d41efdd49101df943b7944cf6dc0d5a5fcb34ed23ed34f96b495e933d89,False,2026-07-29 12:28:03.407926+00:00
V4-W-00007-S2026072901-R18-Q7,15409,0xa37bb58619d0ee9fc3d4f6d4f182426d7bfb8e4f28467ecd6a31ace5ad12c213,False,2026-07-29 12:28:03.625516+00:00
V4-W-00000-S2026072902-R18-Q4,15478,0x04a464d14cf0534e0a1e07660f01977a1b0710970a6cb5a0e91ec25af4165962,False,2026-07-29 12:28:11.753609+00:00
V4-W-00022-S2026072903-R18-Q2,15590,0xd77ccc9c33a51dd9c83a64f7425982b93d3eb3ba7c3e71ea3f119b6482fa3492,False,2026-07-29 12:28:20.024291+00:00
V4-W-00022-S2026072903-R18-Q7,15543,0x44efd71ed9af06d894144a54f48df4f81500cdca9275ef921fb56de896a7f028,False,2026-07-29 12:28:20.286926+00:00
V4-W-00019-S2026072903-R18-Q1,15669,0x35b2d70c70c42a6045b9c515c8160bcba944f2e29a9b85e3fa88523de78c859c,False,2026-07-29 12:28:58.861913+00:00
V4-W-00019-S2026072903-R18-Q7,15556,0x8081c2bae14acce2add718f0daabf0a5cfe04ce367c4f3707df616de6d4d5100,False,2026-07-29 12:28:59.147876+00:00
V4-W-00021-S2026072901-R18-Q4,15611,0xb2b486617cb42642c1dd6d172efc47c39954d3b9167b5735d92babdd1297fe0d,False,2026-07-29 12:29:07.613276+00:00
V4-W-00007-S2026072902-R18-Q2,15512,0x232ff11b31fb4e23d2913118a48319a7a3be837fa0e947eea3bc68802c935360,False,2026-07-29 12:29:10.201854+00:00
V4-W-00007-S2026072902-R18-Q3,15564,0xb2db9a3cadc6073519af557ffbec23a20e667332e550ace6ea90cba03caa88d9,False,2026-07-29 12:29:10.450131+00:00
V4-W-00010-S2026072901-R18-Q1,15495,0x9282b82870095411a1b20cf13dd54a27149fefffa1dfc8f88bbce9c3c1c3a9a6,False,2026-07-29 12:29:12.929730+00:00
V4-W-00010-S2026072901-R18-Q6,15423,0x206a9d97aab1266a6a021a22c59ea26074581b3fc9c1d7ab7ad2abeddddb75ec,False,2026-07-29 12:29:13.315153+00:00
V4-W-00005-S2026072901-R18-Q5,15435,0xbeeee107241a252390b87e21770eadfc3955afa10956ec9db3306b7a553d65b6,False,2026-07-29 12:29:15.992765+00:00
V4-W-00006-S2026072901-R18-Q1,15659,0x5c4fc294744ac3e4cb20a5872de3c17fb6c86d43c82d8aded8475e33725d16bf,False,2026-07-29 12:29:18.521005+00:00
V4-W-00006-S2026072901-R18-Q6,15659,0x5c4fc294744ac3e4cb20a5872de3c17fb6c86d43c82d8aded8475e33725d16bf,False,2026-07-29 12:29:18.783318+00:00
V4-W-00026-S2026072903-R18-Q4,15506,0x6f96e32903913403865ab8686ccb6a70e897029722a1eb6012f5621284fc2008,False,2026-07-29 12:29:54.941237+00:00
V4-W-00026-S2026072903-R18-Q3,15443,0x9de25c48a6d404f2d4f1724ae190d0bb2f52952ed21d4a1809489418589a033b,False,2026-07-29 12:29:55.028306+00:00
V4-W-00022-S2026072901-R18-Q4,15643,0xf8427a26263b555e19a8d2c7b9b886a124d7f4b387535b160c177ff823243ce4,False,2026-07-29 12:30:03.414558+00:00
V4-W-00014-S2026072903-R18-Q1,15597,0x493cc59bc43f7f7899525505c6972772c847a87653c37b76674b83532a2ec8e3,False,2026-07-29 12:30:08.940750+00:00
V4-W-00014-S2026072903-R18-Q6,15451,0x62d66d028fe7f9d57e28e41cc3cf28020fa279efac6a9383718e369006fee114,False,2026-07-29 12:30:09.162694+00:00
V4-W-00016-S2026072903-R18-Q0,15582,0x00efebdc516079f4855d0a847b822fe8ef186a2a5aead20074d69156c4ef63dd,False,2026-07-29 12:30:48.155528+00:00
V4-W-00015-S2026072901-R18-Q0,15480,0x667befa524228493249d788fa4dd61977ae8dc8837f99ac9497651ff36db0254,False,2026-07-29 12:31:07.876720+00:00
V4-W-00015-S2026072901-R18-Q4,15481,0x5eaf492dbbf0769124903f4e45f7b64be91ec80709108b50c3c01f5f82da2f79,False,2026-07-29 12:31:08.112438+00:00
V4-W-00016-S2026072901-R18-Q2,15515,0xc229d1d1eee7553d8320670801850c02dd3289b98ef72750300f5f4e03bf378b,False,2026-07-29 12:31:41.462088+00:00
V4-W-00016-S2026072901-R18-Q4,15497,0x25435033f768f39e02723a67db89b5d1cfdc7e4650ce4239137e53da47a40f31,False,2026-07-29 12:31:41.756926+00:00
V4-W-00001-S2026072902-R19-Q4,15913,0x3073f7ca1893a5c1390bcb990d3ccb2a338a1383c9d3e4206a1e37e1e1cb4e49,False,2026-07-29 12:37:39.670528+00:00
V4-W-00023-S2026072903-R19-Q4,15756,0x876437f97f7c3a496ae5608897dc8a42d5afdd3fb1150dc23395ef37f4006b13,False,2026-07-29 12:37:42.165570+00:00
V4-W-00023-S2026072903-R19-Q5,15677,0x0f89cbac9016b0b5cecbc106c3f4a724556607335d58bc91a28a22beafdcf385,False,2026-07-29 12:37:42.422661+00:00
V4-W-00003-S2026072903-R19-Q1,15678,0xcfe215929efcf013312a0526aee16a9698bf921a56f7d981c6573406e88e2501,False,2026-07-29 12:37:44.947129+00:00
V4-W-00003-S2026072903-R19-Q6,15679,0x41d15a655e81114ffa60d4142b44d93070ce6beaf3cb7567427e77826b27db43,False,2026-07-29 12:37:45.221804+00:00
V4-W-00020-S2026072902-R19-Q0,15680,0x6dd4244fbb6eaed4c033e10388398562e96bca941732907b0c625695b8e61eeb,False,2026-07-29 12:37:47.894107+00:00
V4-W-00002-S2026072903-R19-Q1,15745,0xe8220615e188d92a112b22e4fb55d4fac589701a92ed39a7ce0ac19e574bbbf6,False,2026-07-29 12:37:50.393852+00:00
V4-W-00002-S2026072903-R19-Q7,15745,0xe8220615e188d92a112b22e4fb55d4fac589701a92ed39a7ce0ac19e574bbbf6,False,2026-07-29 12:37:50.766292+00:00
V4-W-00022-S2026072903-R19-Q0,15873,0x42e16a148e89ebfce7fc9acb4096a04afd62cf68d9d3d30dd07e4dd6ae8240ae,False,2026-07-29 12:37:53.339558+00:00
V4-W-00022-S2026072903-R19-Q7,15683,0xb623af09936cc723d13831928f5f11316992730648376458ffa2d47c303fef58,False,2026-07-29 12:37:53.574150+00:00
V4-W-00005-S2026072903-R19-Q5,15885,0x2174d4374050a1b3df4bf5e4b27056a5ddd9931ddc10d35aaff25e4ab8de8f1e,False,2026-07-29 12:37:56.143763+00:00
V4-W-00012-S2026072903-R19-Q0,15977,0x1ac363e2488a464aa74d4b73c58c5f2a29936da1c95099f6d957308086ecd050,False,2026-07-29 12:37:58.716017+00:00
V4-W-00012-S2026072903-R19-Q5,15977,0x1ac363e2488a464aa74d4b73c58c5f2a29936da1c95099f6d957308086ecd050,False,2026-07-29 12:37:59.005861+00:00
V4-W-00008-S2026072903-R19-Q0,16027,0xf798835adc8000ffa72810f83ebdb426c771db43cf0f40b12addc78fcad20176,False,2026-07-29 12:38:01.729923+00:00
V4-W-00008-S2026072903-R19-Q3,15951,0xc067f5f48ef74c8fddcdaf0cb13ab06ab9f1ea28addba09ea572738e709d0027,False,2026-07-29 12:38:01.874415+00:00
V4-W-00014-S2026072902-R19-Q3,15712,0xf754ce015bda8fb648c62efec2a69151918fb3562e3de74644909d65f852343d,False,2026-07-29 12:38:04.521202+00:00
V4-W-00006-S2026072902-R19-Q0,15856,0x53b0870b45c45dee1ec14a931f8cc426572755cb791ba7b95f3f93a8f6dc3397,False,2026-07-29 12:38:07.051813+00:00
V4-W-00006-S2026072902-R19-Q5,16054,0xbb10fd219b7f85eb84d6281d2f47bf58f051622a8297bd34d05d41becad6c11a,False,2026-07-29 12:38:07.314914+00:00
V4-W-00004-S2026072901-R19-Q1,15883,0x44fbaf06ef416bcfc52adb78d70829524b610aa3a95db4ddfbf99ea33295ae00,False,2026-07-29 12:38:09.951690+00:00
V4-W-00004-S2026072901-R19-Q5,15691,0xfce79d8ff1b18b4824a79c5b774d2abed390f348a0173f68b2be940c976b56ef,False,2026-07-29 12:38:10.192040+00:00
V4-W-00013-S2026072902-R19-Q4,15746,0xf28429f666e79eca71016db6e7d5ee52c28e8ec86020399d414ac9166bbba278,False,2026-07-29 12:38:12.856166+00:00
V4-W-00014-S2026072903-R19-Q7,15708,0xcc9270937b94cc5c8a5a60b43b345d81c862ca699580ae65bf1c1733e0c894ff,False,2026-07-29 12:38:15.480532+00:00
V4-W-00014-S2026072903-R19-Q3,15854,0x8de3d9f47c8135878d18a4ba44cbbcc78d0a407d5529063fd21a25a4ecfce09f,False,2026-07-29 12:38:15.656726+00:00
V4-W-00017-S2026072903-R19-Q1,15721,0x502346397714314bd02bda5677eaa63340702adc15a11399efb64a99aef1d78a,False,2026-07-29 12:38:18.444432+00:00
V4-W-00017-S2026072903-R19-Q5,15695,0xca96c7589321d696b979bc08ff4c4494e9f92a43ca1639a2a11935409858e91f,False,2026-07-29 12:38:18.553120+00:00
V4-W-00010-S2026072902-R19-Q1,15697,0x60c5d1e7dfd71552be5a3a2e605dd54fcb24046612c2ed503ed2515827d997b2,False,2026-07-29 12:38:21.214479+00:00
V4-W-00011-S2026072903-R19-Q7,15964,0xa015ee71dd4678f2dd3593651e4891dbc70b212606bc1ceb7109668dd7a1b979,False,2026-07-29 12:38:23.912198+00:00
V4-W-00011-S2026072903-R19-Q6,15980,0x65feee18db32ca0648138af955ce7e30aec5051505498d02e5bfa5e9f20699c7,False,2026-07-29 12:38:24.018881+00:00
V4-W-00006-S2026072903-R19-Q2,16062,0xce56c7aa6ccb9ab0f3be6dc85642f9767e6a3992be8796931edc7526276b73de,False,2026-07-29 12:38:26.550852+00:00
V4-W-00006-S2026072903-R19-Q7,15710,0x823b09bf0a4b8918cfb176e9528acfe18f546a9b6ca8979ffd5eb2011a962d91,False,2026-07-29 12:38:26.885262+00:00
V4-W-00018-S2026072903-R19-Q4,15773,0xd6c063c061d8b9473f6fa3f415b16a5f4d0a7ca9a2b12bb478a5ee35b76306a7,False,2026-07-29 12:38:29.454113+00:00
V4-W-00025-S2026072901-R19-Q2,16050,0xb0e86c86639cab0427150f3c59a53143d54e3c35f1a489928599f83ff5e95cd6,False,2026-07-29 12:38:32.054488+00:00
V4-W-00025-S2026072901-R19-Q7,15702,0xe1ad5fd5c70ee3872427b6a74209b9b6a2fb42242264f1d4b850ae41fb38edb0,False,2026-07-29 12:38:32.319585+00:00
V4-W-00005-S2026072901-R19-Q2,16012,0xf4e19aa4e6a9064e25b6ea980fd26d1e304ceee186ea6eff09b3a65b35087088,False,2026-07-29 12:38:34.861612+00:00
V4-W-00005-S2026072901-R19-Q5,15703,0x849b3ff479bc31e8a0e0da651c7009ea8f3685f61e191c464906ae992a25b827,False,2026-07-29 12:38:35.103806+00:00
V4-W-00024-S2026072902-R19-Q4,15827,0x2c04834f7093f26750776cadc43ea31576b47333299c5953b173f84f2ecc8485,False,2026-07-29 12:38:37.677628+00:00
V4-W-00021-S2026072903-R19-Q1,15903,0xb8d5ca85caa282571b75c82c78fa647b9fa5398fb082bf12f548b1c33001478c,False,2026-07-29 12:38:40.316747+00:00
V4-W-00021-S2026072903-R19-Q6,15713,0x58c2f5b4cb99570888c2fc46d013ca88765e2d30e92620152a97234f75e0914d,False,2026-07-29 12:38:40.572634+00:00
V4-W-00021-S2026072901-R19-Q3,15709,0x05e44b4ea01f3d1ad020e194bdd6f991b4cbec92ed8fd08f5fa17c04bac3986c,False,2026-07-29 12:38:46.056128+00:00
V4-W-00021-S2026072901-R19-Q7,15709,0x05e44b4ea01f3d1ad020e194bdd6f991b4cbec92ed8fd08f5fa17c04bac3986c,False,2026-07-29 12:38:46.261431+00:00
V4-W-00001-S2026072901-R19-Q5,16006,0x4f7bc594d28f4719937d0807ddf1208768f1572974667343103c38e0c0583b2e,False,2026-07-29 12:38:57.146772+00:00
V4-W-00004-S2026072902-R19-Q1,15771,0x7dd958a2b7a468da265e9cc0d65faf339051689ba19846a1ce83e6e2b321551b,False,2026-07-29 12:39:02.480042+00:00
V4-W-00004-S2026072902-R19-Q7,15717,0x06b67980d011ec9246b4e5077e2326c30c6559bf57d4801bcb7daf2d92657115,False,2026-07-29 12:39:02.803940+00:00
V4-W-00017-S2026072902-R19-Q5,16078,0x65c9a7bc0245dba6ce20fe79c3f1e3ef71157426257b9d50a9eb046645eabf80,False,2026-07-29 12:39:05.588034+00:00
V4-W-00003-S2026072902-R19-Q0,15744,0xb5f217e003c9fd026bac19c83709d53491405315fffb334afe1ddfcfcfea2c4e,False,2026-07-29 12:39:08.085931+00:00
V4-W-00003-S2026072902-R19-Q4,15876,0xb52249fb7135ade7a9c87bb25cada2c777e7b2d483082e03ad37bfb0df65ceb1,False,2026-07-29 12:39:08.304927+00:00
V4-W-00000-S2026072901-R19-Q1,15961,0xda1e8188d6660b991369fe4c50e7cb02dfd6b583bedfaf8b8d6f3a231de41334,False,2026-07-29 12:39:13.756795+00:00
V4-W-00000-S2026072901-R19-Q6,15961,0xda1e8188d6660b991369fe4c50e7cb02dfd6b583bedfaf8b8d6f3a231de41334,False,2026-07-29 12:39:14.058425+00:00
V4-W-00000-S2026072903-R19-Q3,15790,0x143cfdeea8ab037af5b0f890e22d4b0e41a79786287dd59dbf84a3313c547c82,False,2026-07-29 12:39:16.552790+00:00
V4-W-00016-S2026072902-R19-Q2,16044,0x2ba4088efe91d07032d62dd8cba34529ceb1a5fb07779654f7dd0f3adbb74146,False,2026-07-29 12:39:22.025913+00:00
V4-W-00016-S2026072902-R19-Q7,15762,0x3d90c754b20d3e2700fa52b8558ee59b3325e45400df951bc396201636176830,False,2026-07-29 12:39:22.262319+00:00
V4-W-00025-S2026072903-R19-Q3,15728,0x2d4dad4e7abeb8a8bfaae54a35796cd234579f2342e243ae18092670ff2cdf35,False,2026-07-29 12:39:24.815087+00:00
V4-W-00025-S2026072903-R19-Q6,15976,0x3d5389d6e55127e476b5b303aaaba75b3d7a2764545c6326c468111bec09413f,False,2026-07-29 12:39:25.159436+00:00
V4-W-00011-S2026072902-R19-Q1,15893,0x5c0326eb0cfda5e13ac6bd0a8eaacdc03b023bcc3454156c9925eda44e91456c,False,2026-07-29 12:39:27.728417+00:00
V4-W-00012-S2026072901-R19-Q0,15973,0xe7eca4c505b93da4fdad683ae79f80b4f391de31df51ab55570b83bc97753c5e,False,2026-07-29 12:39:33.004219+00:00
V4-W-00012-S2026072901-R19-Q5,15752,0x788d48e8768b79f598243f1112e25cb4c27abad7a8070f1d9cf6b9747e521134,False,2026-07-29 12:39:33.305835+00:00
V4-W-00023-S2026072902-R19-Q0,15734,0x46cbd1b7766b1d5f3a2a5316cb59821c71abe35d3a1acccc1fe2f9b063b9776c,False,2026-07-29 12:39:36.027552+00:00
V4-W-00023-S2026072902-R19-Q7,15734,0x46cbd1b7766b1d5f3a2a5316cb59821c71abe35d3a1acccc1fe2f9b063b9776c,False,2026-07-29 12:39:36.153853+00:00
V4-W-00002-S2026072902-R19-Q7,15769,0x7721072ddeb5d1fd3bbc564da2be7322b24c1b638f1d19be97447186711721ee,False,2026-07-29 12:39:38.748661+00:00
V4-W-00007-S2026072902-R19-Q3,16016,0x817bbb1e4f9e994929bef63c877b3f6c370ba3bb5ad65d89fe38ed8b63aa2f7f,False,2026-07-29 12:39:41.437558+00:00
V4-W-00007-S2026072902-R19-Q4,16030,0x558a4878c4a522ad86eaaa3c82abe232dfa91090a84c8623c1e47891924e94c0,False,2026-07-29 12:39:41.596666+00:00
V4-W-00024-S2026072903-R19-Q2,15794,0x0d3508f21dff13e5e75a2cc930773d5f109bf7dc0f443105f778083029523859,False,2026-07-29 12:39:44.267508+00:00
V4-W-00024-S2026072903-R19-Q7,15905,0xb6050cf47a5681308e918685502eab43d7b7153556fc22a9229e9be9ae625bd3,False,2026-07-29 12:39:44.528214+00:00
V4-W-00016-S2026072903-R19-Q1,15739,0xb3745b596d88ed105d94b90a344a8cbdc68655749fd2028633aa339629a66a90,False,2026-07-29 12:39:47.078636+00:00
V4-W-00018-S2026072901-R19-Q0,15923,0x09f55a3ab79ff8242daa142b9989c06dbde45ed7c107db28677a9e0ea9f8a582,False,2026-07-29 12:39:49.600463+00:00
V4-W-00018-S2026072901-R19-Q5,15966,0x2cf31267d3598ad213d441b76a610448c74e04377843edbaa9e9cf5cad3cea0d,False,2026-07-29 12:39:49.895517+00:00
V4-W-00010-S2026072901-R19-Q0,15942,0x4d92e1e53d6743e5fabcc45092557b9b6d248ce38a6fc441cca21b241279320c,False,2026-07-29 12:39:52.526251+00:00
V4-W-00010-S2026072901-R19-Q7,15943,0x4772ae229750be3266a4095f68666f532474c572ee330e713f522ee98e81e828,False,2026-07-29 12:39:52.739630+00:00
V4-W-00025-S2026072902-R19-Q4,15748,0x4d9771be49ec75cb2742ba3a8e86af4dbd33499499a54d0ea92f249fa9d630f3,False,2026-07-29 12:40:03.807680+00:00
V4-W-00005-S2026072902-R19-Q0,16090,0xd8026b23d6d15d7091aa4c5784196752d784bef0cde60b944967f8bccbfce704,False,2026-07-29 12:40:14.900864+00:00
V4-W-00005-S2026072902-R19-Q5,15888,0x7eb09668b0dfd14ad58f7723cc66d00319f995371f336e376dfece991fdd80f8,False,2026-07-29 12:40:15.143398+00:00
V4-W-00020-S2026072901-R19-Q3,15755,0xab77b67f8cc23b5248ba3d0748b4fd06ee8a8e565e618b49221dfbcb7ee5a465,False,2026-07-29 12:40:17.707734+00:00
V4-W-00020-S2026072901-R19-Q6,15755,0xab77b67f8cc23b5248ba3d0748b4fd06ee8a8e565e618b49221dfbcb7ee5a465,False,2026-07-29 12:40:17.969240+00:00
V4-W-00022-S2026072901-R19-Q4,16112,0x4fa22a60c68fd378f59521bc6a623a4f3048349b43828d762aa5ad1fbb021df4,False,2026-07-29 12:40:28.866725+00:00
V4-W-00018-S2026072902-R19-Q1,15763,0x8e15425db3bdafd6b8ca2d8c35b1b00441a49d7af906ab538cbf0bde7d55e935,False,2026-07-29 12:40:34.269778+00:00
V4-W-00018-S2026072902-R19-Q5,15763,0x8e15425db3bdafd6b8ca2d8c35b1b00441a49d7af906ab538cbf0bde7d55e935,False,2026-07-29 12:40:34.474407+00:00
V4-W-00019-S2026072902-R19-Q2,15764,0x337667b2f544d8aaaaac9d77ace9ccb26e4084d6a12502ad0bd61b42d7852e26,False,2026-07-29 12:40:37.135551+00:00
V4-W-00019-S2026072902-R19-Q4,15848,0x87eba5c5fff866e7cb33284dd1afad423ee8e3462c9ac3658e033f0423b35c56,False,2026-07-29 12:40:37.406113+00:00
V4-W-00009-S2026072902-R19-Q4,16079,0xeeeceefa867c3677b1a2e710a720df0cc5c22690d954d5b5e0d92a3e80b0396d,False,2026-07-29 12:40:39.993024+00:00
V4-W-00002-S2026072901-R19-Q4,16065,0x6ba1491601364246b6afa2d3c97cab36077b51df2764801d98c7c7276085a10b,False,2026-07-29 12:40:42.598261+00:00
V4-W-00002-S2026072901-R19-Q3,16065,0x6ba1491601364246b6afa2d3c97cab36077b51df2764801d98c7c7276085a10b,False,2026-07-29 12:40:42.882516+00:00
V4-W-00008-S2026072901-R19-Q0,16053,0xcd0ed7b5698c0f1282b5bef1367bd1a5afa72e885311ee427bbe46d46eec6233,False,2026-07-29 12:41:02.193150+00:00
V4-W-00008-S2026072901-R19-Q1,16053,0xcd0ed7b5698c0f1282b5bef1367bd1a5afa72e885311ee427bbe46d46eec6233,False,2026-07-29 12:41:02.432944+00:00
V4-W-00019-S2026072901-R19-Q5,15986,0x2dbd38514c264cf68d04baf64c11add9a0350c54cdaf409146190786e7048094,False,2026-07-29 12:41:05.202354+00:00
V4-W-00022-S2026072902-R19-Q1,16070,0xabadb4ab5e8c0484d563c15a893f65dc92175a94b088b9766149fec3e4e089c1,False,2026-07-29 12:41:13.331727+00:00
V4-W-00022-S2026072902-R19-Q5,15858,0x780bc2ea82a4a44330ebe16ab8ca3ae0f9571c9cac5b1d6958d3db31fe055b92,False,2026-07-29 12:41:13.553945+00:00
V4-W-00010-S2026072903-R19-Q3,15784,0xca919a727dceffe788f5639353fbd7e6e327bda28fdca83d9eac31d882834550,False,2026-07-29 12:41:16.072720+00:00
V4-W-00010-S2026072903-R19-Q6,15909,0xf0609db3dd5766585fb48f7cafbce185778e49aa7ce099b3cb6395c2286756d8,False,2026-07-29 12:41:16.316947+00:00
V4-W-00024-S2026072901-R19-Q4,15906,0xfbd32e458ff3260f1879c6db8a2fcd17a51e865a502fd47cc1fcbd4bcccf7faa,False,2026-07-29 12:41:18.908466+00:00
V4-W-00013-S2026072903-R19-Q0,16013,0x39840e0462d1a450a66f3a12cd5c82bcaaffe0ec428f353d8ed0e2a76348d5b5,False,2026-07-29 12:41:21.616638+00:00
V4-W-00013-S2026072903-R19-Q6,15901,0xccec1af0308b8b57e96b89c92717b8a0ef2a35154ebaecdd50cf0f05523999f0,False,2026-07-29 12:41:21.819760+00:00
V4-W-00004-S2026072903-R19-Q4,15952,0x7097fdde60cfa6b1ccc68d1e47fc1bd5add873ede912cc89370fd00b001b8611,False,2026-07-29 12:41:38.292134+00:00
V4-W-00017-S2026072901-R19-Q3,15895,0x5452e2e22ee23070cd09b0834810ed857e6fe5954b40d78a587b0be2696023cc,False,2026-07-29 12:41:40.840636+00:00
V4-W-00017-S2026072901-R19-Q5,16058,0x7c7000b8d5bab4113510d8b90edc662e9557edec85495c692f17521317cbb247,False,2026-07-29 12:41:41.183967+00:00
V4-W-00023-S2026072901-R19-Q0,15812,0x1da99a6271ddde689cfa3d4f60e7e1304ccbc2aebe2ce8f28a051a7b483c8902,False,2026-07-29 12:41:46.647653+00:00
V4-W-00023-S2026072901-R19-Q3,15812,0x1da99a6271ddde689cfa3d4f60e7e1304ccbc2aebe2ce8f28a051a7b483c8902,False,2026-07-29 12:41:46.770021+00:00
V4-W-00020-S2026072903-R19-Q3,15805,0x81f08c2f638dccc601eff4183a31bda3def0984e7f615fcc1d47b97d38ddbb4e,False,2026-07-29 12:41:57.776861+00:00
V4-W-00015-S2026072903-R19-Q0,16017,0xa9dea7e85730597f5643ff20eacc6c5fe73f3af44e63bf61ce367701d65eb6c8,False,2026-07-29 12:42:00.273530+00:00
V4-W-00015-S2026072903-R19-Q5,15902,0xe0aa1916657fa0015e3d2d79d8d152868c74ca4a36225d7eb062c464b1830629,False,2026-07-29 12:42:00.537474+00:00
V4-W-00011-S2026072901-R19-Q2,16123,0x0fd3e66bb021376b6fb32fb3e8da256d0215e4bc11eda7841ee7c13abc307a14,False,2026-07-29 12:42:03.181380+00:00
V4-W-00011-S2026072901-R19-Q3,15941,0xf988d06e650b21811ccfe0526c7a61a5276ee0075ebbf2cac7d176098c76464f,False,2026-07-29 12:42:03.412712+00:00
V4-W-00007-S2026072901-R19-Q2,16008,0x0743d683e7852606c912471c7ceea5953bf2012cf0c3cc7a9eda2a84e729e72a,False,2026-07-29 12:42:19.790669+00:00
V4-W-00009-S2026072903-R19-Q0,15828,0x3a8dd4e74e4d4c7b3fd421932f1c8a425617bd964c8261b72515a4f1726385a8,False,2026-07-29 12:42:22.314759+00:00
V4-W-00009-S2026072903-R19-Q5,16075,0xc9d52153d8d727ead77aa2d80a0a826a5f04004cf6b9246157f664ec07ccc8ee,False,2026-07-29 12:42:22.582600+00:00
V4-W-00001-S2026072903-R19-Q1,16099,0xf7293832d92a8dbd328e8ab7146c56b6dc832b97a7cd7da24e9afba0d3975e1f,False,2026-07-29 12:42:27.812887+00:00
V4-W-00001-S2026072903-R19-Q5,16106,0x1692fd60f28e4afc6af727b4da4d0b039f38fff3d2ec365be52809b0cb01390b,False,2026-07-29 12:42:28.102247+00:00
V4-W-00000-S2026072902-R19-Q3,15852,0x086b3f139f7df55da19db5e84b99ba80d4ce8b2612a4970d610a2b9951f64bcf,False,2026-07-29 12:42:33.334707+00:00
V4-W-00026-S2026072903-R19-Q0,15834,0x15816e097eed0cecd1f5ede04585df43744d5ad6f6111205fc1e2dc57b5ada14,False,2026-07-29 12:42:55.513068+00:00
V4-W-00026-S2026072903-R19-Q7,16120,0x670e55c1104293b6af5600add0f1c1f13aadda31bdd444d403fcfd92db0fa805,False,2026-07-29 12:42:55.841093+00:00
V4-W-00014-S2026072901-R19-Q7,16048,0xcaa274f53488bebd6210712f6fad715f18a865d341352b807497e4d45a9f53e5,False,2026-07-29 12:43:04.020656+00:00
V4-W-00014-S2026072901-R19-Q1,15863,0xa70a72e5edc372e2b3ed9c8d7e9d31d22b98ffe43cb0329f90590039230f56e4,False,2026-07-29 12:43:04.149687+00:00
V4-W-00009-S2026072901-R19-Q3,16119,0x2dba2aa85efb17047422665dda98dd77e749f2cfc352dfacc08dcc3cc7689e3e,False,2026-07-29 12:43:06.689755+00:00
V4-W-00015-S2026072901-R19-Q0,15842,0x559b3bacb5ff0ff6c7f423e5ac7eee4ef8e2f96f61a8248ae798e09d26c84ded,False,2026-07-29 12:43:12.293616+00:00
V4-W-00015-S2026072901-R19-Q5,15842,0x559b3bacb5ff0ff6c7f423e5ac7eee4ef8e2f96f61a8248ae798e09d26c84ded,False,2026-07-29 12:43:12.667550+00:00
V4-W-00012-S2026072902-R19-Q2,15851,0x0792188d31c5d52d32e516ba6f495ecdc6cec0c8aa61da32a461eb85d647dd67,False,2026-07-29 12:43:29.611766+00:00
V4-W-00012-S2026072902-R19-Q7,15959,0xc628105830483662dcdab5472f28d8fe95b727c23f5f9f7751194169c815f581,False,2026-07-29 12:43:29.887062+00:00
V4-W-00016-S2026072901-R19-Q5,15995,0x7df9d84a38e39adf1bfdad329e451afbcaf1772dc75be3fdc646d2b6f0836619,False,2026-07-29 12:43:46.338956+00:00
V4-W-00015-S2026072902-R19-Q0,16067,0xc2ced7ee0e7017cb8fcef5133624231db963a4c8b4f8f8493eefc93eae77f515,False,2026-07-29 12:43:48.819225+00:00
V4-W-00015-S2026072902-R19-Q5,16039,0xc9791f4fc056a6ebed176af0e030abffaaeb9fc6450f55cd06d1e184c2ed1ea2,False,2026-07-29 12:43:49.119521+00:00
V4-W-00007-S2026072903-R19-Q1,15874,0x9decff8bb320e4e4209ffbe86b881f5abff2e8852c009d9f91b9f30bea444595,False,2026-07-29 12:44:16.833754+00:00
V4-W-00007-S2026072903-R19-Q7,16020,0x0ba6cef28f9a3e931815741ea15bb2511f833538e2f7c2b62b3504ede4650b86,False,2026-07-29 12:44:17.036029+00:00
V4-W-00026-S2026072902-R19-Q7,16040,0xd2dc43b8dbf83d46d4b6af491aa2abb812da7aa1872954806ea250af536039bd,False,2026-07-29 12:45:29.235702+00:00
V4-W-00026-S2026072901-R19-Q2,15998,0x2e05a159cfbebcee9fd82cfc9b61706f6273b68b1fe94945c5a8b1a5a5a4b0f4,False,2026-07-29 12:45:37.512059+00:00
V4-W-00026-S2026072901-R19-Q6,16077,0xdffc5c7fe9a1006ed87267cbc8c55c3750e6a3bf78a539fe6700b72df2676079,False,2026-07-29 12:45:37.588646+00:00
V4-W-00021-S2026072902-R19-Q2,15930,0x2efa6a87384b8f03a80d8675b27bacf2b0d3135b964b28c83a884b50f3c00b54,False,2026-07-29 12:45:45.801948+00:00
V4-W-00021-S2026072902-R19-Q7,15927,0xb414c6ce7301b92d55d4856147b53d41433cf5ccf322c10499bfb47394e2ba26,False,2026-07-29 12:45:46.076028+00:00
V4-W-00006-S2026072901-R19-Q4,15965,0x460b943d2a39d835a440ec9b9e18da58dcd595d8e836ff2bbca60e252b56208f,False,2026-07-29 12:45:57.043339+00:00
V4-W-00008-S2026072902-R19-Q6,16061,0xfc1e2bd00b2a8bc6aa7815e1bdb660de965576b96d71f9a11da2f01d6c07dc18,False,2026-07-29 12:45:59.628006+00:00
V4-W-00008-S2026072902-R19-Q7,16051,0x971c1cbf94c145a75558333bd5b48fdddda64e3d196d1a23ed7e0034b8f3a3a7,False,2026-07-29 12:45:59.910999+00:00
V4-W-00003-S2026072901-R19-Q2,15933,0x196b445db9c3a2fe1959e4355aa6b9e1098e2cb557ddc4b771c1ee56adf26bbd,False,2026-07-29 12:46:13.523881+00:00
V4-W-00003-S2026072901-R19-Q7,15991,0xc7d24bc52803d991c7bf7acc2178dc1f957d83ec3102354edaa658ba449ae5b4,False,2026-07-29 12:46:13.858661+00:00
V4-W-00013-S2026072901-R19-Q4,15934,0x118316c1955d95ab4792b5e2f1194a968c04a417a6de9297fce064bd911d51f4,False,2026-07-29 12:46:16.431524+00:00
V4-W-00019-S2026072903-R19-Q3,16047,0x48c3d08dfe59664c4f3704536e5c673fb0931cdc3d6875054917148b7c142fc5,False,2026-07-29 12:47:23.399858+00:00
V4-W-00019-S2026072903-R19-Q6,16057,0xdbb587c8a8283fd57b9dc1de4cfd8483edb6bd67a8f4eee28710090819bcab0c,False,2026-07-29 12:47:23.677716+00:00
V4-W-00003-S2026072903-R20-Q3,16349,0x709d4eec6784a9d88c1b58c0a76355b4734457a2a2534eeb8d5b4e6f9f4cf98b,False,2026-07-29 12:52:42.211368+00:00
V4-W-00003-S2026072903-R20-Q7,16127,0x6bfe6c1355d18e7dbbf8252e4b4fc95c4a0e95e0ad83132bf06f146c75b7af7d,False,2026-07-29 12:52:42.434313+00:00
V4-W-00012-S2026072901-R20-Q4,16140,0xed45786b70401acf9bb1ee0afd4c72e5cb90986c40a93b00a02d18bef437472c,False,2026-07-29 12:52:45.087361+00:00
V4-W-00016-S2026072903-R20-Q1,16288,0x411d59f64df2a47d8125da9dd567571843eefd600e54f28e1f04ec4c3a5a6892,False,2026-07-29 12:52:47.726693+00:00
V4-W-00016-S2026072903-R20-Q4,16261,0x6b81507b2ef07d31cd1672faf234b335a1330f9ebad552006c96b6d371485d66,False,2026-07-29 12:52:48.021789+00:00
V4-W-00020-S2026072901-R20-Q4,16509,0xf37417605fa9660fe7f70df7353be1a7b7151c987d11511b21b03efe0814f5a1,False,2026-07-29 12:52:50.506625+00:00
V4-W-00006-S2026072902-R20-Q0,16201,0x6880e727dc3f4e0b5525722d671a03aa0451d3eebacecdd425392885b9ec1cd2,False,2026-07-29 12:52:53.110375+00:00
V4-W-00006-S2026072902-R20-Q4,16502,0xbac8671c8178eb47a9a4d94f16076e47a5227afb373a02f06550fc26b62d35b1,False,2026-07-29 12:52:53.338806+00:00
V4-W-00001-S2026072901-R20-Q1,16134,0xb69d5d0d9b52f470a7f7f9267a68e5072e461be5e5ac1362e1179e60a3bcaf68,False,2026-07-29 12:52:55.944278+00:00
V4-W-00001-S2026072901-R20-Q6,16429,0xc8b4e56104eaeb05bf2cc0db60291eafeaf5cc25a1e76a355c1dbdffc72a0bdf,False,2026-07-29 12:52:56.191730+00:00
V4-W-00021-S2026072903-R20-Q3,16422,0x53ae8fecdef4e1e7f83d7099e081c0411690a6c145cef81e0fdfc7ee9344c4a8,False,2026-07-29 12:52:58.921480+00:00
V4-W-00018-S2026072902-R20-Q0,16149,0x86d91767216aff5a2c0e2b2275379afd79705a011fb99ada712bf0f802af1972,False,2026-07-29 12:53:01.514473+00:00
V4-W-00018-S2026072902-R20-Q5,16149,0x86d91767216aff5a2c0e2b2275379afd79705a011fb99ada712bf0f802af1972,False,2026-07-29 12:53:01.803522+00:00
V4-W-00015-S2026072903-R20-Q1,16296,0x386e31306d20d8cf734c6f5d784488fbb67b9abb81ac5050747b763428fac249,False,2026-07-29 12:53:04.355622+00:00
V4-W-00015-S2026072903-R20-Q6,16360,0x4662c0a9ce8054dd2f86ff07b0c368f0cdae8c5835cbad1b2ad61b559e926e77,False,2026-07-29 12:53:04.610490+00:00
V4-W-00020-S2026072902-R20-Q2,16141,0xddb200205312eebd0f259b22f1bb48b01703f642966bd06b9921ff0d74cbd63e,False,2026-07-29 12:53:10.029485+00:00
V4-W-00014-S2026072901-R20-Q5,16286,0x436fd5a111bcb48d8fe1b605646743f2be49dafcaf2623df34ef096c18b17e47,False,2026-07-29 12:53:12.919010+00:00
V4-W-00014-S2026072901-R20-Q7,16378,0x90afd9cd84815d5ce9950303d696a7a8bd07893028229fa05c5924bcf2677f09,False,2026-07-29 12:53:13.193350+00:00
V4-W-00006-S2026072901-R20-Q2,16144,0x5c79ebf68804c5853cd44292546926f37bbe3bf3e00724d531941487b9ec9056,False,2026-07-29 12:53:15.773943+00:00
V4-W-00006-S2026072901-R20-Q6,16418,0xbaeb66a2b84bf5f9bd7ab08c8514a20693157e6a8ef93537e3596fdf105b8c92,False,2026-07-29 12:53:15.999660+00:00
V4-W-00011-S2026072903-R20-Q2,16532,0x65c5d854aad29e3b99d48ee2c67eb4cdc5aca3ab83c6684fea735d82e6ecc499,False,2026-07-29 12:53:18.659788+00:00
V4-W-00026-S2026072902-R20-Q0,16242,0xa84f988e49fe66c46073f2a417f2f12c2deddd84600e96fc39c8853bbe2c75b3,False,2026-07-29 12:53:21.178416+00:00
V4-W-00026-S2026072902-R20-Q2,16491,0x7ea77fb6438c6be34380d63f6246690cabe343c80459f3cd2068b698a6308313,False,2026-07-29 12:53:21.502667+00:00
V4-W-00003-S2026072902-R20-Q2,16178,0xbf58e73ff2d9b8e2b66cdcb2e2680672d2ac6bb6f8c8f3626ea19c32be657e98,False,2026-07-29 12:53:24.032707+00:00
V4-W-00003-S2026072902-R20-Q7,16158,0xc02c04f261513d196d01ece5f1860c30ddf35ff565cedfd6b1d9edf9db953118,False,2026-07-29 12:53:24.314648+00:00
V4-W-00010-S2026072902-R20-Q3,16183,0x1848ca66dc38c36e0808f82a28a7c9ecb0d87f6f7042d327c08745661e230c06,False,2026-07-29 12:53:32.306245+00:00
V4-W-00015-S2026072902-R20-Q0,16467,0xef260a4d67deea279f45073775afb63ad9f1185e8a853587c3c2c0f3c981ad98,False,2026-07-29 12:53:34.780317+00:00
V4-W-00015-S2026072902-R20-Q5,16156,0x3b658169dbee0cefec11f5712ea9df396d508bc13c17769a10e5ff22f64ff2e2,False,2026-07-29 12:53:35.097948+00:00
V4-W-00002-S2026072902-R20-Q1,16155,0x2d33bd66415a282c8d85e8813292e2ead0b144048748128aada7151b8dec584f,False,2026-07-29 12:53:37.851924+00:00
V4-W-00002-S2026072902-R20-Q3,16457,0x76d4ef0f45852702eb1af7fa9d3fd08d677a64be5eb37cb9db7d373a2c2a285e,False,2026-07-29 12:53:38.022080+00:00
V4-W-00020-S2026072903-R20-Q5,16309,0x33edcc1adfa24e20286517bd7d6b8a1e10f095ab2a6a6d761ab7bd8b160bb021,False,2026-07-29 12:53:46.096400+00:00
V4-W-00013-S2026072903-R20-Q0,16470,0xbdc81d1cce2a855d3e2990dbc4f40a0f5f18f5e178a4fa89c772a9feb65f2732,False,2026-07-29 12:53:48.421463+00:00
V4-W-00013-S2026072903-R20-Q6,16471,0xa9d0e926e8d66ba7da4031e0ef9a1e94e88758d385fd7cd2fc66b2b0e1447c9c,False,2026-07-29 12:53:48.708315+00:00
V4-W-00000-S2026072902-R20-Q2,16539,0xf000f716098fe2715c399258cd945b651eba78d2015a09e32ba46bd897f48b3c,False,2026-07-29 12:53:51.249346+00:00
V4-W-00000-S2026072902-R20-Q7,16162,0x0be3ec5a77831088ae94a2af33417c4966097836ec2f91020fce05d68d1f8df4,False,2026-07-29 12:53:51.546400+00:00
V4-W-00018-S2026072903-R20-Q4,16454,0xf580194e0663596517849ca2652cecfa52deeca6cdd517e210457a22facedba7,False,2026-07-29 12:53:54.130891+00:00
V4-W-00019-S2026072901-R20-Q2,16166,0x8a7b4713b6005b75d472cc22b17333c84af00a560738ef0aaa961c0c92f60b8f,False,2026-07-29 12:53:59.612287+00:00
V4-W-00019-S2026072901-R20-Q4,16166,0x8a7b4713b6005b75d472cc22b17333c84af00a560738ef0aaa961c0c92f60b8f,False,2026-07-29 12:53:59.860755+00:00
V4-W-00005-S2026072902-R20-Q3,16167,0x01423f4b382c6eeb4f974e110f073eb87be04c9e6071a10b24bd8a5e0fb5fd81,False,2026-07-29 12:54:02.542198+00:00
V4-W-00005-S2026072902-R20-Q1,16230,0x4984d72ad8797092425c5c7218dda8c74d288c0c2c5f10c8c1f3c45db67a4941,False,2026-07-29 12:54:02.633563+00:00
V4-W-00024-S2026072902-R20-Q4,16202,0xf1aab6d403a59768d2df9b323eb34e168591fbf7ec218cf217e7416f65d3d5d4,False,2026-07-29 12:54:05.279596+00:00
V4-W-00007-S2026072902-R20-Q2,16460,0xa60297b4752a61d46af3934b486e92ae98b8502e4a692798bf281de4a67eae46,False,2026-07-29 12:54:13.572019+00:00
V4-W-00007-S2026072902-R20-Q6,16372,0x4a65a51f1eb67bfd617704fc9481e5c18e00a7dc938791974fd1250aed168099,False,2026-07-29 12:54:13.805792+00:00
V4-W-00026-S2026072903-R20-Q3,16174,0xb6d3763beab8a0a5d4fc4ccd35d0605cf8adfbe383ddba873f73d1c96a84796e,False,2026-07-29 12:54:16.549256+00:00
V4-W-00026-S2026072903-R20-Q1,16533,0x2b4387ef3f8051d774721e2bafb532e0156a46795f48cee2f4b2dbbc12498269,False,2026-07-29 12:54:16.650309+00:00
V4-W-00017-S2026072902-R20-Q6,16434,0x568ca7608bcbd43e407497314ce0cb8882a0913b65514cb88cbf8e2ced1676e1,False,2026-07-29 12:54:19.349126+00:00
V4-W-00026-S2026072901-R20-Q0,16220,0x7bd031810388b1f22ed03e81334619a272870f2cc5816e8ca1d7224849149025,False,2026-07-29 12:54:22.162551+00:00
V4-W-00026-S2026072901-R20-Q7,16210,0xeba3950f01456755fe35995062962c028a315759835cce7eb5515eeaae2ac7bc,False,2026-07-29 12:54:22.281116+00:00
V4-W-00025-S2026072901-R20-Q0,16504,0xe6c2742ae00825dc3b4605d76b67c6095c44ca5625e2b6a41e611059a904cd52,False,2026-07-29 12:54:30.433110+00:00
V4-W-00025-S2026072901-R20-Q5,16519,0xf4503c62b0eb0f86e0861cec6e39c127fb583594a661fdbfbb3e75bea25cbc1f,False,2026-07-29 12:54:30.661913+00:00
V4-W-00006-S2026072903-R20-Q4,16275,0x889f1b357492818eafffdd814968bf978a7a2bcd1c3cfd72d27d3aceecafc920,False,2026-07-29 12:54:36.092974+00:00
V4-W-00016-S2026072902-R20-Q1,16185,0x29ac2917c3614dfcfcf93b06d4caab39a59aa3093b9ada96e1d704188f0cea54,False,2026-07-29 12:54:38.740999+00:00
V4-W-00016-S2026072902-R20-Q6,16411,0x9db51ed0f90612f17de58f27f82a221c4db10144ab52635ce8ddaa1c45f83592,False,2026-07-29 12:54:38.960399+00:00
V4-W-00004-S2026072903-R20-Q1,16463,0x0c3936ceed4c4d76c475e4eccde33ce81552d2714cc08a52fa57180cbd0e6c65,False,2026-07-29 12:54:44.478480+00:00
V4-W-00011-S2026072902-R20-Q0,16537,0xc30e93040a42740a268856d99841c5eaa2142b9fbd22ad94b51b2100a23c0518,False,2026-07-29 12:54:47.039390+00:00
V4-W-00011-S2026072902-R20-Q6,16503,0x8d56982615fc26c60006f37b5155071fb27e0c3e1979c04e59a2dd444c8cd651,False,2026-07-29 12:54:47.380711+00:00
V4-W-00002-S2026072901-R20-Q1,16408,0x5d55fada1e33e22c07f7ab306c7cb3f28ba53e99e2bfd4eeb3a7ecd80ed68553,False,2026-07-29 12:54:55.522204+00:00
V4-W-00002-S2026072901-R20-Q3,16299,0xc1d08373083665152bc27528dd74c3f06dc67f71a1b7b13cdf8520bbaff97ce8,False,2026-07-29 12:54:55.754262+00:00
V4-W-00024-S2026072901-R20-Q3,16195,0xb0c264215db625d88556f391c879082b6abee60ee4585be58c37e54754f1e3cd,False,2026-07-29 12:54:58.337510+00:00
V4-W-00023-S2026072902-R20-Q4,16198,0x5911d2f33301377618ed5dd1a0b2fc742b60116203a5ec20e1c9a7693b874acb,False,2026-07-29 12:55:03.720122+00:00
V4-W-00023-S2026072902-R20-Q7,16362,0xa8ca067fcba8e09f622fa9a844d5367fc919a64ace85acfef0256f41e85d730a,False,2026-07-29 12:55:03.964235+00:00
V4-W-00022-S2026072901-R20-Q1,16268,0x0bf824a30f163dbb6351aae1e30edd682eb262cf317ec36affd6694fa5e7be58,False,2026-07-29 12:55:14.788933+00:00
V4-W-00022-S2026072901-R20-Q5,16209,0xdea642b4b686ad50552fe339c39331c1b4c7945118ccfac0bb6e8a9c515cadd3,False,2026-07-29 12:55:15.002150+00:00
V4-W-00004-S2026072901-R20-Q3,16205,0x997ef44f582d52f4a6e6ccf7b8cf9a6250c04571b4913381cbfe729677b60c5e,False,2026-07-29 12:55:17.673836+00:00
V4-W-00023-S2026072903-R20-Q2,16343,0x556cde640ef3ab809d53017116db2b3eca570277a1a89166f38498db6f0cf419,False,2026-07-29 12:55:20.382086+00:00
V4-W-00023-S2026072903-R20-Q5,16267,0x3304b7d05a04e520651628fad13b15e14c7de5360348804a7d74fce40864a209,False,2026-07-29 12:55:20.740359+00:00
V4-W-00013-S2026072902-R20-Q4,16510,0x281fdf966acee527215d9de21edcb2985fc3babcfe1fb41fadbc176ab9b5ab72,False,2026-07-29 12:55:23.332528+00:00
V4-W-00013-S2026072902-R20-Q6,16432,0x3671c59be39870d6e8b78948685d92ec00634e8ff29630cd9cfc45b7f9496ea4,False,2026-07-29 12:55:23.519964+00:00
V4-W-00008-S2026072902-R20-Q3,16212,0x790c0b028e00d73b3c32b8e84b3f26de8b403fda65a5011f30ba93cd6dc7eedf,False,2026-07-29 12:55:31.855292+00:00
V4-W-00025-S2026072902-R20-Q3,16479,0xd48174e12c3b350de7b76df9ff096dc98d46ec6545c583e6dcb87a0313ab525e,False,2026-07-29 12:55:34.413365+00:00
V4-W-00025-S2026072902-R20-Q6,16479,0xd48174e12c3b350de7b76df9ff096dc98d46ec6545c583e6dcb87a0313ab525e,False,2026-07-29 12:55:34.718242+00:00
V4-W-00007-S2026072903-R20-Q2,16541,0xed8b755028160fa8b6a56144b6e62265f4d6025b2b27cbbde6450a509048b025,False,2026-07-29 12:55:40.031237+00:00
V4-W-00007-S2026072903-R20-Q5,16541,0xed8b755028160fa8b6a56144b6e62265f4d6025b2b27cbbde6450a509048b025,False,2026-07-29 12:55:40.282024+00:00
V4-W-00018-S2026072901-R20-Q3,16496,0x5d69a284a9350756bba00633767893dd8839efb85f4b5faaa69a5ef8a7019595,False,2026-07-29 12:55:42.829942+00:00
V4-W-00021-S2026072902-R20-Q0,16350,0xb599882866a98b2ee99e0c131708017da23bb3a60f11fc34bcac0cce6897dd3b,False,2026-07-29 12:55:45.462006+00:00
V4-W-00021-S2026072902-R20-Q5,16282,0xd581a2e033143481aad7d6202ef4c25700f8ac30317ea9e99a8d6b11fed4a8be,False,2026-07-29 12:55:45.744633+00:00
V4-W-00019-S2026072902-R20-Q1,16527,0xc734dc55e408838cb7e9747b4e26c7d7695ca14985ec439d4f710fb795fd6d66,False,2026-07-29 12:55:56.519472+00:00
V4-W-00019-S2026072902-R20-Q7,16527,0xc734dc55e408838cb7e9747b4e26c7d7695ca14985ec439d4f710fb795fd6d66,False,2026-07-29 12:55:56.785999+00:00
V4-W-00001-S2026072903-R20-Q4,16417,0xfb9992fd61a6209fd7e6f6c66176136630eebdccd4257f14144ce992220b63dc,False,2026-07-29 12:56:02.030599+00:00
V4-W-00010-S2026072901-R20-Q0,16228,0xd8a95588660c40bd915cb9b80014aeaa86ab3d78f622b611266ed519dc684d81,False,2026-07-29 12:56:04.604250+00:00
V4-W-00010-S2026072901-R20-Q5,16228,0xd8a95588660c40bd915cb9b80014aeaa86ab3d78f622b611266ed519dc684d81,False,2026-07-29 12:56:04.959814+00:00
V4-W-00007-S2026072901-R20-Q4,16564,0x23965e0f3c29b86a598dcf2f746238c55c584fc2a4b0327fc10151b3e25d9c62,False,2026-07-29 12:56:10.316498+00:00
V4-W-00007-S2026072901-R20-Q5,16447,0xa9374b495bb59126a0670f01f31d53ff54339948160a2603d2d20eb466287c2f,False,2026-07-29 12:56:10.526665+00:00
V4-W-00008-S2026072901-R20-Q4,16435,0x1538e18df0e42e8731dde6786967466f9d45c8e82eb3adbf0fac79e8f1a543f5,False,2026-07-29 12:56:13.153947+00:00
V4-W-00009-S2026072901-R20-Q1,16331,0x9423933cc54e853889c2df5da9fdf9e760d24a0a8f2a59cd14d623f412e04b0c,False,2026-07-29 12:56:15.680349+00:00
V4-W-00009-S2026072901-R20-Q5,16289,0xf6f9d047d4c6c84adfe0a044ef637a6df9089dbc07c321416f5f1a5234db2eea,False,2026-07-29 12:56:15.896051+00:00
V4-W-00003-S2026072901-R20-Q2,16545,0xce9777c7720a9fc8a9dfa0c78191f2a463da143e9b34a8566292dea7a23d4939,False,2026-07-29 12:56:18.523572+00:00
V4-W-00003-S2026072901-R20-Q7,16235,0x147058611b934e607c2a1c76e91d87d6ca70f97d780489ade6a1640c4b3d383f,False,2026-07-29 12:56:18.813593+00:00
V4-W-00014-S2026072903-R20-Q3,16239,0x46a2b40c6c626023fc4ba49408b4c68053ada23043836556376e0d65c0781eb5,False,2026-07-29 12:56:26.933473+00:00
V4-W-00005-S2026072903-R20-Q5,16313,0x473b155917cff180d7cc3273af7ccfe83e547fd0bbdadadc0c5ee4d798e8e3a2,False,2026-07-29 12:56:40.529993+00:00
V4-W-00005-S2026072903-R20-Q2,16506,0x92a83d73e6bf4f8af78627094c94442bd9b4924732c6576f597caafd69d41402,False,2026-07-29 12:56:40.797852+00:00
V4-W-00021-S2026072901-R20-Q2,16300,0xd320335464bd9af371f8dc753a0ed361582f88cdd5e548344ab7aede20fdb756,False,2026-07-29 12:56:46.057417+00:00
V4-W-00021-S2026072901-R20-Q7,16507,0xb510f9798d354814cccd95441009d60719bcf440baf39ed00c08305dc4190840,False,2026-07-29 12:56:46.336957+00:00
V4-W-00013-S2026072901-R20-Q5,16565,0x196e5304daf9ce7cda6edc3b96943efa804fd19441e40666a503224dc0f57bc1,False,2026-07-29 12:56:51.579293+00:00
V4-W-00022-S2026072902-R20-Q2,16356,0x20eb4b5a7fcb682e48ec5cc023ed66eb2dc4176cb819d00d5386e9112308389f,False,2026-07-29 12:56:54.238160+00:00
V4-W-00022-S2026072902-R20-Q4,16544,0xe785af66662e584594b94938ea4dd8c59fd0b932e8fa88522b3228b5a3050969,False,2026-07-29 12:56:54.456255+00:00
V4-W-00005-S2026072901-R20-Q7,16567,0x0882fd5de7bda1dacaa79951d1384334b5ee85cd8130abeccd0cbbfe0f0ef749,False,2026-07-29 12:56:57.167344+00:00
V4-W-00005-S2026072901-R20-Q6,16281,0x1d09c4ae9e68c4b4e8f7529d47860e2ec0100772b3333906b98ce8a81875d56f,False,2026-07-29 12:56:57.238570+00:00
V4-W-00002-S2026072903-R20-Q1,16256,0x0436b542f4bf22829c82ec133776cd0317778a56706fd0f99da8c6f99bb7379c,False,2026-07-29 12:56:59.915659+00:00
V4-W-00000-S2026072903-R20-Q1,16438,0x5bcc541e2e3843ca1d2b2d575c0ea5d5aea98c86c3087e22282a92b280196623,False,2026-07-29 12:57:02.432770+00:00
V4-W-00000-S2026072903-R20-Q6,16257,0x79fc102ae02c32f4be578088e499e278e4f67f5af535f5127af0721ee1423402,False,2026-07-29 12:57:02.695131+00:00
V4-W-00012-S2026072903-R20-Q3,16364,0x789cf766244f76e167d60a646b894de8e11cc33457a1540623c11af43400798d,False,2026-07-29 12:57:08.076791+00:00
V4-W-00016-S2026072901-R20-Q2,16263,0x7f961071cbbf5a0f05aa71a9ab9ad86872584fb9aa62da6d557592d0563abccb,False,2026-07-29 12:57:13.520140+00:00
V4-W-00016-S2026072901-R20-Q4,16263,0x7f961071cbbf5a0f05aa71a9ab9ad86872584fb9aa62da6d557592d0563abccb,False,2026-07-29 12:57:13.751568+00:00
V4-W-00008-S2026072903-R20-Q5,16391,0x00ce05568332ca0e56cc5c4ba6e8e956759f2aeec6e299d068aa4ca9e9ddb89c,False,2026-07-29 12:57:16.535363+00:00
V4-W-00008-S2026072903-R20-Q7,16536,0xb4948745594154010247457a6d4b5c1c239dc7e21ee66c8c94fe6d4f0e776c18,False,2026-07-29 12:57:16.675939+00:00
V4-W-00017-S2026072903-R20-Q3,16384,0x45184c7711509daaa21c29550d011ede9d193615e49fefc17e1745636b4de804,False,2026-07-29 12:57:27.673975+00:00
V4-W-00009-S2026072902-R20-Q0,16271,0xab3a9b1828ee37a2bc0798bd2f7666b07471c2e564ef7170e8d9fdad4caecef1,False,2026-07-29 12:57:30.171960+00:00
V4-W-00009-S2026072902-R20-Q5,16431,0x797a95916dc390e46e7807eaa670c4bbcfb97fd188cd478826a2547da738afe1,False,2026-07-29 12:57:30.434794+00:00
V4-W-00009-S2026072903-R20-Q1,16572,0xce2f9a3a18cd5e315e3ef652616f387857a4c6b8b5ad3d474ebfd9be54f70522,False,2026-07-29 12:57:41.318449+00:00
V4-W-00009-S2026072903-R20-Q6,16514,0xed6cc0fef26af77c6833124bd6a74fc30b9f3ee24b76602206a99c737ace010b,False,2026-07-29 12:57:41.658645+00:00
V4-W-00004-S2026072902-R20-Q3,16524,0x148960351415105334283f2a82064668a1b302b3aaab9402482554008b0db9d5,False,2026-07-29 12:57:55.424252+00:00
V4-W-00012-S2026072902-R20-Q0,16346,0xec77b78317c0b3f28e8a3bf27feb04fae4c6d434e9dab7062f11415825911a51,False,2026-07-29 12:58:31.432125+00:00
V4-W-00012-S2026072902-R20-Q5,16346,0xec77b78317c0b3f28e8a3bf27feb04fae4c6d434e9dab7062f11415825911a51,False,2026-07-29 12:58:31.755847+00:00
V4-W-00010-S2026072903-R20-Q2,16373,0x6c1bb7282d85723413db6e02c83e69abb772912019cf2f6886c8dc5ae017beb9,False,2026-07-29 12:58:34.360545+00:00
V4-W-00010-S2026072903-R20-Q4,16376,0xd277ef86ea36f668a4d41e4e25a4beb6115d0bf7a77625229efdfae65aab3d76,False,2026-07-29 12:58:34.539927+00:00
V4-W-00015-S2026072901-R20-Q3,16366,0x0c15971d80eb9956602309ac5800d5f19060262523b6b1ad021c2e5e63536784,False,2026-07-29 12:58:42.677840+00:00
V4-W-00024-S2026072903-R20-Q0,16440,0x87352d11cb868ade0f46231b4f2892ee8e67b6cb277b1c097cf46482bae83081,False,2026-07-29 12:58:50.801330+00:00
V4-W-00024-S2026072903-R20-Q5,16311,0x30e6614512892b4ccfe19b1fd6c2666ef06269f11dcd16f9829420b297c5e8f3,False,2026-07-29 12:58:51.091552+00:00
V4-W-00017-S2026072901-R20-Q5,16558,0xb5ac5843ef76e6a551ec9fdc56c5aebc691ce104bed396f37cd70fd10ac6f739,False,2026-07-29 12:58:56.595881+00:00
V4-W-00017-S2026072901-R20-Q2,16314,0x0dd14b5007d1ddad205bff7614ebab47eb1a53dc844734c22f083c67007de6cb,False,2026-07-29 12:58:56.829160+00:00
V4-W-00023-S2026072901-R20-Q6,16468,0x86b80f10dad598daba6e82f2e7e479a8560ac36ed4655419da5814aa33a8fdfb,False,2026-07-29 12:59:10.478685+00:00
V4-W-00011-S2026072901-R20-Q2,16398,0x26b8ca8eb94af849e3a725871d8d0ecf7f4d55d13433ee28025691c506b205a1,False,2026-07-29 12:59:26.987407+00:00
V4-W-00011-S2026072901-R20-Q3,16548,0xdc634c44c748d6c72af2f09a335d660ce1edb43515b538070b2a92a2b88cb50e,False,2026-07-29 12:59:27.315529+00:00
V4-W-00019-S2026072903-R20-Q2,16339,0x6d4d2afcf97ea0f10ed7673dbe452b50f6a15588fa63a73fab8b25a4dbd853cd,False,2026-07-29 12:59:46.413680+00:00
V4-W-00019-S2026072903-R20-Q7,16553,0x95740e597a0ab5fa07a2603449df3d6a32cba979fe4575e2636ea4114ad3d920,False,2026-07-29 12:59:46.643412+00:00
V4-W-00025-S2026072903-R20-Q5,16374,0xed699160714108d1403a7527319af39837f45e048a2bf339dd1ffd30438b6e0b,False,2026-07-29 12:59:52.194923+00:00
V4-W-00022-S2026072903-R20-Q3,16523,0x807a7810b120f3a0efa33852d807b961b50cbcdaa94a8a4fae44f61b816ed4f7,False,2026-07-29 13:00:45.404060+00:00
V4-W-00022-S2026072903-R20-Q5,16369,0x01da9ed8ef45c5b4d93a4dac6adc5939a05b2f0f16d095fdd1362ca5b97de2ca,False,2026-07-29 13:00:45.692050+00:00
V4-W-00000-S2026072901-R20-Q2,16492,0x91d9e1e0aacc6b5673e6ec579fb69976a532d787df7adb0db965952f80562215,False,2026-07-29 13:01:24.677522+00:00
V4-W-00000-S2026072901-R20-Q7,16562,0x39f351896c5d7cb78ae3549433a3a72f4cbd8cd84272cf23c3935908ce250a73,False,2026-07-29 13:01:24.950726+00:00
V4-W-00001-S2026072902-R20-Q5,16415,0xd2d3255febd4c050f5c40bbfd13ccefb750a9d1b65995723766f61559a804393,False,2026-07-29 13:02:07.562690+00:00
V4-W-00014-S2026072902-R20-Q4,16414,0xc3088187dc4bfbebe5537999165153140eeb7ea2ac33f2f654d325946609c05f,False,2026-07-29 13:02:16.049167+00:00
V4-W-00014-S2026072902-R20-Q7,16513,0x418d33ea6f78a4b043e9204ec0cb1e7405853f691721065059b32a037ebfcb53,False,2026-07-29 13:02:16.172259+00:00
V4-W-00005-S2026072902-R21-Q0,16949,0x4df686a8439325c41bbd60a36a6d0b728dbea0ed2c45d2068612096b5eeaffcc,False,2026-07-29 13:07:35.638251+00:00
V4-W-00005-S2026072902-R21-Q4,16628,0xafc13ba41d8a858eac3c1e88de709a29c68c448323bce0cd0e0b85f126507c10,False,2026-07-29 13:07:35.771713+00:00
V4-W-00003-S2026072902-R21-Q4,16645,0xac9020505ba066d04edb20baf4a76f43280761df67682023390284b5b85b2f42,False,2026-07-29 13:07:38.193397+00:00
V4-W-00010-S2026072901-R21-Q1,16576,0x467cc850a184d5c8734e39b3f7f22e4409340fb907bc620088dc61aef5e20116,False,2026-07-29 13:07:40.699014+00:00
V4-W-00010-S2026072901-R21-Q4,16576,0x467cc850a184d5c8734e39b3f7f22e4409340fb907bc620088dc61aef5e20116,False,2026-07-29 13:07:40.945641+00:00
V4-W-00007-S2026072901-R21-Q2,16918,0xfe4e17d09193ea0551c5fc5a21172363a4573cec48250ee1e6a66fa4686e1426,False,2026-07-29 13:07:43.311317+00:00
V4-W-00007-S2026072901-R21-Q5,16578,0xd097af1a9554276614b1986a173e47014c2ff49e55cea287cbeaaac6b8d1848d,False,2026-07-29 13:07:43.526349+00:00
V4-W-00002-S2026072902-R21-Q5,16744,0x2d56ddba28f87dd186fd3fcd6219cce535f1fe13efa743cf0af36d3163a0eaf1,False,2026-07-29 13:07:46.044885+00:00
V4-W-00008-S2026072901-R21-Q0,16649,0x31d4c2c54ff29b8654e2c546ad52de90c00a73efc5173f87dcc66e57e87d7aed,False,2026-07-29 13:07:48.507976+00:00
V4-W-00008-S2026072901-R21-Q3,16846,0x119324a8e7401644c7bb778e9e9a3e25012ae10df787a4dbc87e56520ca0e003,False,2026-07-29 13:07:48.635697+00:00
V4-W-00006-S2026072903-R21-Q3,16582,0xf8e3cfc3258a219a843277e606659fc35a87306ce09fb0f1fcf7202fc89b6745,False,2026-07-29 13:07:51.056630+00:00
V4-W-00006-S2026072903-R21-Q7,16582,0xf8e3cfc3258a219a843277e606659fc35a87306ce09fb0f1fcf7202fc89b6745,False,2026-07-29 13:07:51.263448+00:00
V4-W-00023-S2026072901-R21-Q4,16770,0xab10e917cbdb5b6f354c4f7df9c9054a752c5f3501529cdeaded29143c6bafce,False,2026-07-29 13:07:53.764286+00:00
V4-W-00004-S2026072901-R21-Q4,16682,0xef895f42a2a4941fc368655d5f5c7f88de3f742be1f6dd2b0dcb2f52b15b16bc,False,2026-07-29 13:07:56.195466+00:00
V4-W-00004-S2026072901-R21-Q6,16584,0x9d5146066986a35298acb929ea9643bdbad486d52dd92d341ff928c70daa4106,False,2026-07-29 13:07:56.387371+00:00
V4-W-00014-S2026072902-R21-Q3,16707,0x03279a3f4c9c291efa327fbdc75df36cfc09442dee31914e70dd70c97a8f1d41,False,2026-07-29 13:07:58.910832+00:00
V4-W-00014-S2026072901-R21-Q0,16587,0xc75bf53b9da91af75a33dc7f54e051d7bf741dbd8d38f0933b27ed81c89dc810,False,2026-07-29 13:08:01.248731+00:00
V4-W-00014-S2026072901-R21-Q5,16968,0xdb8d80d588b5c7bbd5fbcf916397348a468aeb450c8a86d45ff9d092d262fa9f,False,2026-07-29 13:08:01.538071+00:00
V4-W-00000-S2026072903-R21-Q1,16915,0xfb951f860e090381f4209d82bd1ee8101cc64201c0b07e02da0437328e786401,False,2026-07-29 13:08:03.882983+00:00
V4-W-00000-S2026072903-R21-Q6,16902,0xcc4ba16f7744fbed9569621e27aec3f2079c0d7ec5bd5709aefb627452bfc942,False,2026-07-29 13:08:04.169231+00:00
V4-W-00026-S2026072902-R21-Q2,16838,0x138ca7547ee57626ac13532b9de36308908539fc8394b2c8636e511fd638081a,False,2026-07-29 13:08:06.674841+00:00
V4-W-00009-S2026072903-R21-Q0,16927,0x59b4ba63678c9a7e21fed774905085e4778c060c2d757b182717ef4e42e5e349,False,2026-07-29 13:08:08.936137+00:00
V4-W-00009-S2026072903-R21-Q5,16591,0x3051db7f934d43838396b6f3b54b24ded7dc87971d3c1b0e275899b32056f221,False,2026-07-29 13:08:09.213650+00:00
V4-W-00003-S2026072901-R21-Q1,16677,0xc3f2a2a893942ae2a7c819b8516ecaf00f2ea189e229475df33d2aa18f29dff7,False,2026-07-29 13:08:11.567137+00:00
V4-W-00003-S2026072901-R21-Q6,16680,0x2209b7803de099a97502f81edf2a5d024e0335b9e513b378071b18b7b7dd0a41,False,2026-07-29 13:08:11.812834+00:00
V4-W-00022-S2026072901-R21-Q5,16756,0xe0854a374650d1c14b58182d4a16b3bde1ef1b69419c623646c258bf2bc62899,False,2026-07-29 13:08:14.283044+00:00
V4-W-00021-S2026072903-R21-Q0,16594,0xc2e6e206118bffc3186a4b6032d77eafc90c5431955b061e2a1bcbc9ceac9512,False,2026-07-29 13:08:16.589465+00:00
V4-W-00021-S2026072903-R21-Q5,16967,0x25cd2d235dfadcf4a1b12f659f1376d64230f2c635266b319d180fd12e293a42,False,2026-07-29 13:08:16.845078+00:00
V4-W-00021-S2026072901-R21-Q2,16755,0xa4643d5c5e8b9abe592acc861f1ecbf868b4899024af3011a57414684cde9678,False,2026-07-29 13:08:19.276902+00:00
V4-W-00021-S2026072901-R21-Q6,16596,0x25533ce2acc5440a7441b912e37b4f4cc68f683ab4bdda9114cea9d18dab84a9,False,2026-07-29 13:08:19.489362+00:00
V4-W-00016-S2026072901-R21-Q3,16691,0x26a105ffbb37337a2eb9c7a6e80f20c396ec41c178f7a19aa72a75f2e9ed460d,False,2026-07-29 13:08:21.872501+00:00
V4-W-00023-S2026072902-R21-Q1,16599,0x670046eb526926e308fedfd455dacf023a98a320142a61d519a378ae71d282aa,False,2026-07-29 13:08:26.947184+00:00
V4-W-00023-S2026072902-R21-Q6,16599,0x670046eb526926e308fedfd455dacf023a98a320142a61d519a378ae71d282aa,False,2026-07-29 13:08:27.136776+00:00
V4-W-00009-S2026072902-R21-Q2,16698,0xbe7a4a0a8a71407fa541ce6e6947fb84130a3beb7cc4eb944908e81f9a380a81,False,2026-07-29 13:08:29.499383+00:00
V4-W-00009-S2026072902-R21-Q7,16698,0xbe7a4a0a8a71407fa541ce6e6947fb84130a3beb7cc4eb944908e81f9a380a81,False,2026-07-29 13:08:29.774291+00:00
V4-W-00016-S2026072903-R21-Q3,16921,0x210ae2ac031a8c2daa5644c8e85627e3a0bc944cb902b6cd5c680daaf0b7436b,False,2026-07-29 13:08:32.129035+00:00
V4-W-00004-S2026072903-R21-Q0,16621,0x1d2cc6d608b5459db03a10796453df9f9f37d357d14be839ab8afc280c8e96fd,False,2026-07-29 13:08:34.554286+00:00
V4-W-00004-S2026072903-R21-Q5,16994,0x77127afaa619e9900730099b972aba02bcc875ed7e39c09a1f646457ffad93d9,False,2026-07-29 13:08:34.820238+00:00
V4-W-00016-S2026072902-R21-Q2,16772,0x8c2ae8afe758c051792ad5539d45867d5575a5cb8c1dbe97daa89c0e023da73f,False,2026-07-29 13:08:37.288452+00:00
V4-W-00016-S2026072902-R21-Q7,16772,0x8c2ae8afe758c051792ad5539d45867d5575a5cb8c1dbe97daa89c0e023da73f,False,2026-07-29 13:08:37.509526+00:00
V4-W-00006-S2026072902-R21-Q4,16793,0x11012066b584ae14a186c993cc4b3fd59c8bfc1c39fa87878501c75b0fd6b9cd,False,2026-07-29 13:08:39.948293+00:00
V4-W-00017-S2026072903-R21-Q3,16607,0x2600ffec6c8ea4b9cdb7b0b8eef0f75b251a95104174aa591982fedc0aa7fa13,False,2026-07-29 13:08:42.355464+00:00
V4-W-00017-S2026072903-R21-Q0,16667,0x9b0ccb0e4378d55afd5271e8e4afd8ca546d7a773df2f83b0f68de5cb0be70ee,False,2026-07-29 13:08:42.637332+00:00
V4-W-00015-S2026072903-R21-Q2,16900,0x0116fdb6c2c9b373efa96115e1e478a82bc65e50d7a4905517241b220d34c082,False,2026-07-29 13:08:45.002936+00:00
V4-W-00015-S2026072903-R21-Q7,16703,0x5e2f179fd5f8b02418efe0d60812ed108eb78bb77dfb81f6188f2c813b9d6575,False,2026-07-29 13:08:45.276862+00:00
V4-W-00010-S2026072903-R21-Q4,16859,0x0c98df5e265060faafd3744f112e2ee687dee04586a88122e4c571b1f696ceca,False,2026-07-29 13:08:47.760717+00:00
V4-W-00020-S2026072903-R21-Q4,16731,0xdaef67f6a3654e888e51c82f51b49e15e24f07c40cddc172e030cf5c23870c14,False,2026-07-29 13:08:50.128712+00:00
V4-W-00020-S2026072903-R21-Q1,16731,0xdaef67f6a3654e888e51c82f51b49e15e24f07c40cddc172e030cf5c23870c14,False,2026-07-29 13:08:50.375843+00:00
V4-W-00000-S2026072901-R21-Q2,16869,0x7d69a25a2fdfd66725c98c9205e3c156c771f7c8546dfdab5a957b4c00147832,False,2026-07-29 13:08:55.292734+00:00
V4-W-00000-S2026072901-R21-Q7,16869,0x7d69a25a2fdfd66725c98c9205e3c156c771f7c8546dfdab5a957b4c00147832,False,2026-07-29 13:08:55.557894+00:00
V4-W-00007-S2026072902-R21-Q2,16615,0x883f6e720ef50cfa4585bfe8507a9855d47abe3976f0f71e921aab3077f1bae3,False,2026-07-29 13:08:57.993087+00:00
V4-W-00012-S2026072902-R21-Q1,16616,0x2a2dee9a82848d6665464910128ccf7144645541eeed0c6c5498de7254a1da7a,False,2026-07-29 13:09:00.394825+00:00
V4-W-00012-S2026072902-R21-Q6,16616,0x2a2dee9a82848d6665464910128ccf7144645541eeed0c6c5498de7254a1da7a,False,2026-07-29 13:09:00.667622+00:00
V4-W-00011-S2026072902-R21-Q3,16617,0xefc7542ae0517f089879db9c0cb804b884273e502d6f100ab07e7e2587a619cd,False,2026-07-29 13:09:03.172317+00:00
V4-W-00011-S2026072902-R21-Q1,16618,0x4cbf2f014d7eecc8f011b426929488e81bed491d1bee693f18a69c1697a9f259,False,2026-07-29 13:09:03.305101+00:00
V4-W-00010-S2026072902-R21-Q4,16965,0x8c42aa20bf685e73c9835af84f930c21ee2ebcd294abc5c25d11a8d463751307,False,2026-07-29 13:09:08.365829+00:00
V4-W-00020-S2026072902-R21-Q7,16823,0xcf03b1a1547056f32f2e9d3d87654bd171b2d64adf1ca02a4ac1beab3a08ad17,False,2026-07-29 13:09:13.646782+00:00
V4-W-00020-S2026072902-R21-Q5,16623,0xaf21fd7e82a42d6749800d3104d2351fbc2b50eb8131871b8b603924a5a14d9e,False,2026-07-29 13:09:13.777216+00:00
V4-W-00025-S2026072902-R21-Q3,16992,0x8b0f02182287c0ddc965df054ed8d0a247b52431b11d3ff4578b5fb86f7399ad,False,2026-07-29 13:09:16.156807+00:00
V4-W-00025-S2026072902-R21-Q6,16624,0x288f6cc299688dba84d0b74ddca3618e45512c70d5687c5b8e8d95f73937cf08,False,2026-07-29 13:09:16.377827+00:00
V4-W-00005-S2026072901-R21-Q4,16664,0x68be49445e3b3ecb5e33961f2b5118d6a5ae40cf0a9208f921248cab3b7ebdb2,False,2026-07-29 13:09:18.875590+00:00
V4-W-00022-S2026072903-R21-Q1,16996,0xdac5b7f63a29bafb7d5179dfb5909095901632ad81e05be7a5853cc61c30f591,False,2026-07-29 13:09:21.297631+00:00
V4-W-00022-S2026072903-R21-Q6,16627,0xd5a1852eccac62b670f3ef780604ed5c3791e8a39dd427c6f2ca0f3d4c6157e6,False,2026-07-29 13:09:21.518162+00:00
V4-W-00019-S2026072901-R21-Q0,16629,0x569f772f40318a6378b30296ead0404f1457f1d7f6cacb0c30eaae271ab4cb34,False,2026-07-29 13:09:26.481824+00:00
V4-W-00026-S2026072901-R21-Q0,16832,0x76acb09cab41694db76d0f4d1f1ed279777bfec582967f930db5d873d096fbe6,False,2026-07-29 13:09:29.048357+00:00
V4-W-00026-S2026072901-R21-Q7,16742,0xce068a1a705d41f8eaa330991279719e2a6f3e134edf486a915ec25816b20b54,False,2026-07-29 13:09:29.264408+00:00
V4-W-00019-S2026072902-R21-Q1,16831,0xf5d3aaf903a3ecfa72cd2b682cb0af3064fdef6b3c27f936f6aaa5b785d668d2,False,2026-07-29 13:09:34.170732+00:00
V4-W-00019-S2026072902-R21-Q7,16633,0x869cdafea55bda9a50a1015511e769f265921d06c047c858b2fe5c4d06a999e6,False,2026-07-29 13:09:34.453299+00:00
V4-W-00021-S2026072902-R21-Q3,16873,0x6f8a53b8731f2996127eea251000048f2f6e37fa02993dd3ccde6d2775a35b33,False,2026-07-29 13:09:36.841904+00:00
V4-W-00000-S2026072902-R21-Q0,16650,0x217e8d256663386f6bb98abc97228058da76f59e8bd888abc0ac90d6c2d5ed1f,False,2026-07-29 13:09:39.207751+00:00
V4-W-00000-S2026072902-R21-Q5,16685,0x5eda951f70f98cb0f255030d082fe34d6b471b0485f5594854143e175f599284,False,2026-07-29 13:09:39.469612+00:00
V4-W-00013-S2026072901-R21-Q3,16997,0x56c95abb423e83e4b4bf17713f912c25462450aacd2fbf51ad73fff420406b9e,False,2026-07-29 13:09:46.968657+00:00
V4-W-00013-S2026072901-R21-Q6,16892,0x2350c6080216400f56f3c03caf6760f0ddd2d0df2bfa739982765dae2f0ea44b,False,2026-07-29 13:09:47.250732+00:00
V4-W-00014-S2026072903-R21-Q3,16641,0x526209f134f5be8e3eb10bf82e661189a143a60e0c5171c44fa8fcf519b335ce,False,2026-07-29 13:09:49.742616+00:00
V4-W-00008-S2026072902-R21-Q2,16693,0x73397781ba5e7fed6636b6f441399ced4cbc7778c758804d64371f6b7f02b8dd,False,2026-07-29 13:09:52.198550+00:00
V4-W-00008-S2026072902-R21-Q6,16945,0x36f62f2a9fce436ac3463904dc049782ae35de57664306d20a87ab0407a84c5e,False,2026-07-29 13:09:52.382443+00:00
V4-W-00024-S2026072903-R21-Q2,16735,0x14c2a246475fe826ca4cd1c969352929377e630f0bd5c76e0cd47702505dc55c,False,2026-07-29 13:10:02.356623+00:00
V4-W-00024-S2026072903-R21-Q6,16656,0x5cea4f4d3bd94ef438df8de895aa285cd07a90e1314d03837cd459e22e74285f,False,2026-07-29 13:10:02.550480+00:00
V4-W-00012-S2026072901-R21-Q3,16659,0x708c5e25b847e0aaf20b29acca26dabde562dcc0b6f5fd9366c6550ed2413e89,False,2026-07-29 13:10:10.206244+00:00
V4-W-00007-S2026072903-R21-Q1,16884,0xd869a2f625fbc13dbdb062ac67d15de2c6d5520808e2e332d3283695b861e0c5,False,2026-07-29 13:10:12.686652+00:00
V4-W-00007-S2026072903-R21-Q4,17007,0xa1884d5f3377be535f206ff40a39bb957b4e368efdd6d2ed3895fa744e99fd7a,False,2026-07-29 13:10:12.897466+00:00
V4-W-00009-S2026072901-R21-Q2,16839,0x0fd71595729ec50ce4c3c852be7a33da73a0b6e883e60f4c961f36e60f4062a7,False,2026-07-29 13:10:15.286762+00:00
V4-W-00009-S2026072901-R21-Q7,16839,0x0fd71595729ec50ce4c3c852be7a33da73a0b6e883e60f4c961f36e60f4062a7,False,2026-07-29 13:10:15.555766+00:00
V4-W-00011-S2026072901-R21-Q3,16971,0x274aa28decf5f455ca2da6193a4ecb2a1edfff1a45a27e2806f21a6b312944a0,False,2026-07-29 13:10:28.328989+00:00
V4-W-00022-S2026072902-R21-Q1,16734,0xc134e0dab1c3a14da397ac79031ae2034eb4fb610bf1eec930403fa54aa199c8,False,2026-07-29 13:10:30.701375+00:00
V4-W-00022-S2026072902-R21-Q5,16734,0xc134e0dab1c3a14da397ac79031ae2034eb4fb610bf1eec930403fa54aa199c8,False,2026-07-29 13:10:30.970823+00:00
V4-W-00024-S2026072902-R21-Q2,16700,0x2e4fbf89ac74bb1db6f55c9a5b03c69094e47cd3e8500a935f03c81a7d259dc0,False,2026-07-29 13:10:33.382499+00:00
V4-W-00024-S2026072902-R21-Q7,16663,0xdec7218a2a80550959f2ab0c1853f436b499c3224e9fc1a5daf5bd8547584426,False,2026-07-29 13:10:33.625469+00:00
V4-W-00018-S2026072903-R21-Q4,16708,0x4d1c113e5761d552e1e007676d9e12819d524052e82612f38ba096c5af5d19aa,False,2026-07-29 13:10:44.064241+00:00
V4-W-00019-S2026072903-R21-Q0,16925,0x82f8b7b8bc35cb32a6883ea6b2c15ff3c65ff83293a625f588387d940d317cf8,False,2026-07-29 13:10:49.123933+00:00
V4-W-00019-S2026072903-R21-Q5,16730,0x9c9415479a9df41ee950dad7d415b57ecd8af9be916ff3389aa65558e00cbd59,False,2026-07-29 13:10:49.365172+00:00
V4-W-00006-S2026072901-R21-Q2,16850,0xa8b015204003864d7f3d03c018ac379c37d0c45d6d319b190a1042dae92b1cc5,False,2026-07-29 13:10:56.877723+00:00
V4-W-00006-S2026072901-R21-Q7,16719,0x5ce3be52080afa840e1efedd6bed37c253506eb850d14822d27d537f98e0611e,False,2026-07-29 13:10:57.147398+00:00
V4-W-00018-S2026072902-R21-Q4,16910,0x7434b110d027595ee6b773623dc2e29a14ca8bd8944a3b6d046617f5faa919b9,False,2026-07-29 13:10:59.579745+00:00
V4-W-00026-S2026072903-R21-Q5,16711,0x78dbdac8cdbb71685384df715fc8ced192f93513a02b41a82e7e8156dc5461e9,False,2026-07-29 13:11:09.905498+00:00
V4-W-00026-S2026072903-R21-Q1,16843,0xe494bf726e37d4f4ade2cded7793096f7b2438f6876ef71a29ee2a1313aac5db,False,2026-07-29 13:11:10.109406+00:00
V4-W-00012-S2026072903-R21-Q2,16687,0x86f8c74b889e281773e4400dd8da4e7c3e6806018bda3e87e4aba2a11c2fb32d,False,2026-07-29 13:11:22.851527+00:00
V4-W-00012-S2026072903-R21-Q7,16917,0x85b99cd6f40716d8f3846877fc44c0aec7c6fb2409211bb108396b51dbeff83a,False,2026-07-29 13:11:23.131152+00:00
V4-W-00020-S2026072901-R21-Q4,16990,0x780ddd72eb2d1ad36f0bd50da21830ae13cf1a05c3b712d635dd44b6a68455e9,False,2026-07-29 13:11:25.666053+00:00
V4-W-00004-S2026072902-R21-Q3,16881,0x2ad737bda622f0ffdac17a76940082821cd3a8ca4c33d9820ecef923653fdc34,False,2026-07-29 13:11:27.996695+00:00
V4-W-00004-S2026072902-R21-Q6,16860,0x996e7cedc32659a07b45651f9f22fbc882550eb9a6c860d2d434fa0105a70f42,False,2026-07-29 13:11:28.295776+00:00
V4-W-00003-S2026072903-R21-Q2,16975,0x5be13d331bbfba235cf0e1f8e72edea841b5c5426e81ffcfd6be5e49c0c7ae4c,False,2026-07-29 13:11:46.228272+00:00
V4-W-00003-S2026072903-R21-Q7,16975,0x5be13d331bbfba235cf0e1f8e72edea841b5c5426e81ffcfd6be5e49c0c7ae4c,False,2026-07-29 13:11:46.496359+00:00
V4-W-00015-S2026072901-R21-Q4,16849,0x6b93bd82f0a1ad66c0982e5518ebbdef8f4b7084bb672eb00c73a0acd67663b9,False,2026-07-29 13:11:51.555648+00:00
V4-W-00023-S2026072903-R21-Q1,16704,0xd2c8c9098d361de62d3c99dc00d41ee5c6c8ef5a96f819c47c2edbcd687534e3,False,2026-07-29 13:11:56.667905+00:00
V4-W-00023-S2026072903-R21-Q6,16980,0x1c1e5748a9e3c735d524f40b2175d9b9032daad9584ecd40abfa33c2d4ab2518,False,2026-07-29 13:11:56.862497+00:00
V4-W-00005-S2026072903-R21-Q1,16710,0x9aa0ef9d3b5186db958d007cf7a7e15ae7b13c9f8f17df4ab7778276f2ff89d1,False,2026-07-29 13:12:07.190864+00:00
V4-W-00005-S2026072903-R21-Q7,16976,0x3b5b446306e2aa20fac0d324c0ffdb5c8492da506f486d61279351d888ae88d2,False,2026-07-29 13:12:07.352615+00:00
V4-W-00008-S2026072903-R21-Q6,16964,0x21f6b86c3f6ccd21de0332e7d7a449613b5893bd8fbacf9018bb6d3d8877be2f,False,2026-07-29 13:12:31.386221+00:00
V4-W-00015-S2026072902-R21-Q1,16886,0x705bb7e6b839f04932be7e6a169d22abd2f3b5df750a0e912ee33ba58b333549,False,2026-07-29 13:12:36.606629+00:00
V4-W-00015-S2026072902-R21-Q6,16862,0x24c66b78bd78d38a2323e97a73fc14f49471ab4b9119fede6a2b377da17d05b0,False,2026-07-29 13:12:36.923538+00:00
V4-W-00018-S2026072901-R21-Q3,16936,0x91620723a78e0ade2666c3e02d42e0ad1886340ebdba98dcb073b4963a1eda5b,False,2026-07-29 13:12:42.232609+00:00
V4-W-00002-S2026072903-R21-Q0,16914,0x4ea4e30fd1298875e13973a873c90e4a07f6ca4ae5c435dff9fac81839153cc0,False,2026-07-29 13:12:44.817616+00:00
V4-W-00002-S2026072903-R21-Q1,16728,0x4a1729be87fd813172bccfb97088f57ba711affec0ce7485f27963dc4dba89bb,False,2026-07-29 13:12:45.122320+00:00
V4-W-00017-S2026072902-R21-Q0,16757,0xb408e5091c602ee6a3fa9511a7aa83280c11b06e5781d3888c4c8eec45daae1e,False,2026-07-29 13:12:53.165004+00:00
V4-W-00017-S2026072902-R21-Q1,16757,0xb408e5091c602ee6a3fa9511a7aa83280c11b06e5781d3888c4c8eec45daae1e,False,2026-07-29 13:12:53.396573+00:00
V4-W-00024-S2026072901-R21-Q3,16954,0x656e76848f4ce51b2b592544eb00fe91418fef19109aed559c9a7a4a9d6d5908,False,2026-07-29 13:13:01.418263+00:00
V4-W-00001-S2026072901-R21-Q0,16817,0x11ad625b3ad1b688e341f1cedaec9d1a39a1d60cce2b4ec4f7bbaf0699805f9f,False,2026-07-29 13:13:06.742692+00:00
V4-W-00001-S2026072901-R21-Q5,16817,0x11ad625b3ad1b688e341f1cedaec9d1a39a1d60cce2b4ec4f7bbaf0699805f9f,False,2026-07-29 13:13:07.050051+00:00
V4-W-00013-S2026072903-R21-Q1,16874,0xfadb0798d3c3e1ce9fa66355691900dc2ed1bee4126ffd369238f1e08ca94b93,False,2026-07-29 13:13:09.606803+00:00
V4-W-00013-S2026072903-R21-Q5,16792,0x18ecb85e901b2cbc49fbec1cbe688e8d4134e87b0f30515c28aacd635da616ab,False,2026-07-29 13:13:09.822255+00:00
V4-W-00025-S2026072903-R21-Q4,16877,0x4f53283e0372a26937be1b488587e64bebdd525c32c737514c01fc8519ce0577,False,2026-07-29 13:13:21.004244+00:00
V4-W-00002-S2026072901-R21-Q0,16748,0x6a8226768a1eda0e2c1e894c5ac346e5eff56d39da641dea72034e42bff7c485,False,2026-07-29 13:13:23.560731+00:00
V4-W-00002-S2026072901-R21-Q1,16800,0x7e2bb3633f5865008d0600a496072309e5c9449fbc90d8b53a67526084866f72,False,2026-07-29 13:13:23.911601+00:00
V4-W-00025-S2026072901-R21-Q2,16767,0xde2446ae467a3d277d49a52f1f21fbdd82edcddf8cdad4e4b9fa92ce08542971,False,2026-07-29 13:13:45.399520+00:00
V4-W-00025-S2026072901-R21-Q7,16767,0xde2446ae467a3d277d49a52f1f21fbdd82edcddf8cdad4e4b9fa92ce08542971,False,2026-07-29 13:13:45.644850+00:00
V4-W-00001-S2026072902-R21-Q2,16765,0xee3e819ac02df3ee4a58ce7ecb6ab2bb764efa3042ad73f094b7f85257c9dbc9,False,2026-07-29 13:13:59.071934+00:00
V4-W-00017-S2026072901-R21-Q1,16856,0x479d3a2ae15857b67bb333d3050f3153ef93e0053b10076a64a85324fa04626a,False,2026-07-29 13:14:34.338842+00:00
V4-W-00017-S2026072901-R21-Q6,16856,0x479d3a2ae15857b67bb333d3050f3153ef93e0053b10076a64a85324fa04626a,False,2026-07-29 13:14:34.656774+00:00
V4-W-00013-S2026072902-R21-Q0,16829,0xae20dd0d41050af7a43b8b590789d076e706e6633b45b93c5f0f15eab2c49d89,False,2026-07-29 13:14:42.714025+00:00
V4-W-00013-S2026072902-R21-Q6,16867,0x2bd58149c76d0f24c2af8b3bb73b6442b8e62e02d5af0cdf23c960b9cc8864e8,False,2026-07-29 13:14:42.927185+00:00
V4-W-00001-S2026072903-R21-Q2,16802,0x70c8fad9c5ad433017f4a36445e4d393d98f4316b21e745e8ed8de2c71dfc8ba,False,2026-07-29 13:15:12.718040+00:00
V4-W-00011-S2026072903-R21-Q0,16939,0x9f12925c67f41f9dfd9129af6c54fcd51a3d2fcdf2e7541b94e753825b26185f,False,2026-07-29 13:16:18.220080+00:00
V4-W-00011-S2026072903-R21-Q4,16939,0x9f12925c67f41f9dfd9129af6c54fcd51a3d2fcdf2e7541b94e753825b26185f,False,2026-07-29 13:16:18.570040+00:00
V4-W-00024-S2026072903-R22-Q2,17011,0xb40ebcd7b45c581216f58ad795a8e81bfb6179034468cd6675d94a83a22c988d,False,2026-07-29 13:22:09.956047+00:00
V4-W-00024-S2026072903-R22-Q7,17060,0xc3e643c221441980f88a96f65c4044f79c2022abe893d84ab9aff036b0bb0828,False,2026-07-29 13:22:10.268695+00:00
V4-W-00026-S2026072902-R22-Q2,17012,0x624b05505d1196aeb2b1cdd486ae61235ab3d3f1b6cd86b4a50eceec0cbefed5,False,2026-07-29 13:22:13.007245+00:00
V4-W-00016-S2026072901-R22-Q3,17014,0xdebf1692f8ffbcdd86dd256c9472923c6004322029def3bf3443d975d87b16bf,False,2026-07-29 13:22:15.602874+00:00
V4-W-00016-S2026072901-R22-Q5,17014,0xdebf1692f8ffbcdd86dd256c9472923c6004322029def3bf3443d975d87b16bf,False,2026-07-29 13:22:15.847700+00:00
V4-W-00006-S2026072902-R22-Q2,17025,0xb1a1c834c2995395a2840ad68aeddd5ee8247ba2b919072f573e25eb5d17fbc6,False,2026-07-29 13:22:18.394886+00:00
V4-W-00006-S2026072902-R22-Q7,17025,0xb1a1c834c2995395a2840ad68aeddd5ee8247ba2b919072f573e25eb5d17fbc6,False,2026-07-29 13:22:18.651348+00:00
V4-W-00014-S2026072902-R22-Q5,17451,0x154c379fe4a76cba378fce728e2f4d8e932688733650ebfa0183150c7d3a6d5f,False,2026-07-29 13:22:21.410910+00:00
V4-W-00005-S2026072903-R22-Q0,17018,0xc7ce0cb14edc9169c8e2ea9ac80fccf5b59d0235e8d4d13dd18b1f21f2d8e1ff,False,2026-07-29 13:22:23.934088+00:00
V4-W-00005-S2026072903-R22-Q6,17081,0xcd40459f19fecb72b45260d8a4c1257cdcea301214a6c4493a15c9431cc86a3b,False,2026-07-29 13:22:24.163124+00:00
V4-W-00020-S2026072901-R22-Q1,17447,0x234820ba1582fff8ba7e4db8c1a14743ab2316f2b765ebf0febad141b2738e6f,False,2026-07-29 13:22:26.789628+00:00
V4-W-00020-S2026072901-R22-Q3,17447,0x234820ba1582fff8ba7e4db8c1a14743ab2316f2b765ebf0febad141b2738e6f,False,2026-07-29 13:22:26.899665+00:00
V4-W-00008-S2026072902-R22-Q3,17112,0x316ac90ef0fd043e8939f96954843be71a6ac91b9891ba01a273e7109cccb97a,False,2026-07-29 13:22:29.592415+00:00
V4-W-00014-S2026072901-R22-Q6,17022,0x475b1d0c3858a1631e4009403a33a976474e4395af686ad3deacd063f1800db1,False,2026-07-29 13:22:32.197348+00:00
V4-W-00014-S2026072901-R22-Q5,17246,0xaf52eefd94b9d32ffb8c4efee1ec3ae447fdb584a1d2f9d1f66b373d8b318efe,False,2026-07-29 13:22:32.450349+00:00
V4-W-00021-S2026072903-R22-Q2,17191,0x26ad9383aeb2b99cd6ad219617c59ad6a353c8c20333e0b0414353eb0671204b,False,2026-07-29 13:22:34.938103+00:00
V4-W-00021-S2026072903-R22-Q7,17192,0x94ca6ecdd61872d797cf71c5dc4f99764e8c51bcad941684924bd775dac3c44c,False,2026-07-29 13:22:35.279255+00:00
V4-W-00015-S2026072901-R22-Q4,17080,0x599c58ac60640a43840b4a2d9ba53888f8644c8a0b2f15f65f901057f4f0c048,False,2026-07-29 13:22:43.407288+00:00
V4-W-00011-S2026072903-R22-Q6,17179,0x71813180bbe1f119cb087d976175f2da2a9ed79535405576599c04e53485bbb2,False,2026-07-29 13:22:46.026359+00:00
V4-W-00011-S2026072903-R22-Q4,17029,0xc637b6b36aed9e48e90fa2a981b5b2bceba0370ff3d8932794478b45c9785e7e,False,2026-07-29 13:22:46.320571+00:00
V4-W-00025-S2026072902-R22-Q3,17030,0xe4f20a53ab2fd26444ecdf186d603c8804ec97c11985a975a717d04d5db5f0f8,False,2026-07-29 13:22:48.857180+00:00
V4-W-00025-S2026072902-R22-Q7,17125,0xf83b891134a3be2d59279a4cc14fd86d2afb7cfd9d4b7023335ab0000d7619af,False,2026-07-29 13:22:49.081509+00:00
V4-W-00014-S2026072903-R22-Q2,17176,0x5287360dd93584331bd00283d49693514937927eab2b384840d81557c07c54e3,False,2026-07-29 13:22:51.788319+00:00
V4-W-00002-S2026072901-R22-Q0,17033,0xf69e42cbc2efc3955dc2798e9b24470468bb0abc348bd50453e742021889610b,False,2026-07-29 13:22:54.473771+00:00
V4-W-00002-S2026072901-R22-Q1,17320,0xf7ab33452dd55d81b3080a7b5f0949cd51b8b018fa30e2d6720d3c74f1fe69b5,False,2026-07-29 13:22:54.703817+00:00
V4-W-00002-S2026072903-R22-Q2,17035,0xec643254ec7b06fde51fa8c001d99cd08ef229613bc1871d26c1bd6bf638a1df,False,2026-07-29 13:22:57.443998+00:00
V4-W-00003-S2026072901-R22-Q0,17061,0x45eb46a0faa2792188a2ddf437a4d2eaa4bc148e3f3cebf1b51779d63d089cc0,False,2026-07-29 13:22:59.928129+00:00
V4-W-00003-S2026072901-R22-Q4,17061,0x45eb46a0faa2792188a2ddf437a4d2eaa4bc148e3f3cebf1b51779d63d089cc0,False,2026-07-29 13:23:00.150505+00:00
V4-W-00015-S2026072902-R22-Q1,17180,0xf6ffbb05ed9399901a53b3769961ea84a51eefbe47c5958ddd727ca5fe5e011e,False,2026-07-29 13:23:02.791503+00:00
V4-W-00015-S2026072902-R22-Q6,17304,0x59ed845aac2db7cc008dd31b255ed46462771ad7fbeab965a423414c4383ec58,False,2026-07-29 13:23:03.075663+00:00
V4-W-00012-S2026072901-R22-Q3,17058,0x4619115d9ee98dbcda69c6072a5adcb8b7564751511973499cb5f25b029e0bfc,False,2026-07-29 13:23:05.741439+00:00
V4-W-00006-S2026072903-R22-Q0,17040,0xaa0e20b9b3d4fb68a98cc4cf7550eb1fa981f78341b91ddeff711743ec63cb94,False,2026-07-29 13:23:08.296172+00:00
V4-W-00006-S2026072903-R22-Q5,17040,0xaa0e20b9b3d4fb68a98cc4cf7550eb1fa981f78341b91ddeff711743ec63cb94,False,2026-07-29 13:23:08.581662+00:00
V4-W-00001-S2026072903-R22-Q0,17305,0xd116b2f111f55f5cf976f4d049d204bb8aa505ce40068569d323f95d0e99a352,False,2026-07-29 13:23:11.095238+00:00
V4-W-00001-S2026072903-R22-Q7,17042,0x0d3d1907fb78ae6c30d6cb333bdb347c7ac0bacf460c9d0e67f7ff1c0a6ad7d5,False,2026-07-29 13:23:11.390783+00:00
V4-W-00004-S2026072901-R22-Q3,17418,0xa6944dbd784e7245b48fb2332c340df961e2f6b6ba48eb3915c3c7bce391d553,False,2026-07-29 13:23:14.257685+00:00
V4-W-00024-S2026072902-R22-Q0,17348,0x7fae58296f94f9c26c0fc990778dfbf993c9dcd7734582f7e7975e7648714ca9,False,2026-07-29 13:23:16.819676+00:00
V4-W-00024-S2026072902-R22-Q5,17327,0xcaf86ce14dc0984281d2b425d121dc0198f9c45927c86a5369015d48082f4acf,False,2026-07-29 13:23:17.148730+00:00
V4-W-00010-S2026072902-R22-Q2,17046,0x7a9e3cc2cb1225da4928c117c7cc749a18fcbb9bc303273032d40ec343c5f6a6,False,2026-07-29 13:23:19.870592+00:00
V4-W-00010-S2026072902-R22-Q5,17258,0x90a1ec540d5395a97c1f4e0f1cd596e231c34486ec2f49db3fb3e0bfb57246a2,False,2026-07-29 13:23:20.076074+00:00
V4-W-00019-S2026072903-R22-Q2,17404,0x4330d21abd8611fbe7042269db01c9ee6e877b12825cbb8f9baa2d799a42fb16,False,2026-07-29 13:23:25.284678+00:00
V4-W-00016-S2026072903-R22-Q2,17271,0xaa084a248454055228be3f72d0bb2054cbd9e04acfdd60fc6c1b889d2e4c6b42,False,2026-07-29 13:23:27.837644+00:00
V4-W-00016-S2026072903-R22-Q1,17148,0x3d44709583f5be40c1cd50d8cf960ab07e8aeb514519c435ec3fa12feb119a84,False,2026-07-29 13:23:28.100184+00:00
V4-W-00007-S2026072902-R22-Q3,17379,0x2461cfa261172d31d38d7b0234762e67e100c6a6c2d75882336e0a0668482845,False,2026-07-29 13:23:30.688456+00:00
V4-W-00007-S2026072902-R22-Q5,17311,0x0af44ba6914cbaed85d8c5fe1f6d8080b9d5970e06247609713f3852fcc8561e,False,2026-07-29 13:23:30.889149+00:00
V4-W-00009-S2026072903-R22-Q3,17372,0x897a739aa26cd62b734dcaf182ef89c2b0fb8a366e2248f5ef9de470ff96d287,False,2026-07-29 13:23:33.369679+00:00
V4-W-00011-S2026072902-R22-Q3,17267,0x38fe3019e58541c37cc0c1e98488655ebfbb765fabb36328509103c01bcd90bc,False,2026-07-29 13:23:38.633044+00:00
V4-W-00011-S2026072902-R22-Q4,17055,0x355f7ac0b434a081dc9443255078338b635ba8ca4e1a32fb17f8b49addc3157a,False,2026-07-29 13:23:38.923398+00:00
V4-W-00000-S2026072901-R22-Q2,17057,0x684bbf5ff34e79a7680b358e9d1c6e3cced1117647af4aae94b652b7621cff81,False,2026-07-29 13:23:41.475636+00:00
V4-W-00000-S2026072901-R22-Q7,17119,0x9ddca719bf272e57aa0beb6d065cb68e09aed4c49c4aafaaba207a2e7497c24d,False,2026-07-29 13:23:41.753894+00:00
V4-W-00018-S2026072901-R22-Q4,17064,0x69dd813170ac812e1ef5034a43dd46e66ed592f6815c05d3f03fceca4debf635,False,2026-07-29 13:23:55.387788+00:00
V4-W-00012-S2026072903-R22-Q0,17364,0xd9449374a08a852980f85c6238b3d4054eed44ae24e25c323cbf3ef83f57b9f4,False,2026-07-29 13:24:00.661823+00:00
V4-W-00012-S2026072903-R22-Q5,17066,0xf7e375340e51f18c77fb6139361a6b8065bef41023405ef6d5935d39a8f3b8d8,False,2026-07-29 13:24:00.915300+00:00
V4-W-00013-S2026072902-R22-Q0,17232,0x3f9284dde20ac6d28dac5b6c2d9cdade1122ac622b358a4d1e9bc21fd1de0d5a,False,2026-07-29 13:24:03.539813+00:00
V4-W-00013-S2026072902-R22-Q4,17232,0x3f9284dde20ac6d28dac5b6c2d9cdade1122ac622b358a4d1e9bc21fd1de0d5a,False,2026-07-29 13:24:03.817937+00:00
V4-W-00018-S2026072902-R22-Q4,17076,0xe0c7b557b2ce87f4431e32b046b0696d4816caf4857df78e45f5292e7f5ab4f2,False,2026-07-29 13:24:06.318642+00:00
V4-W-00004-S2026072903-R22-Q1,17346,0x81ef159718189c361e5a32706df49c9e1d618533c61c191ff52f5d536e3e40b8,False,2026-07-29 13:24:08.996727+00:00
V4-W-00004-S2026072903-R22-Q4,17346,0x81ef159718189c361e5a32706df49c9e1d618533c61c191ff52f5d536e3e40b8,False,2026-07-29 13:24:09.204656+00:00
V4-W-00018-S2026072903-R22-Q2,17247,0x2426d72506656d8501e922cebc7e71e22a277432c623297b419d3ebd10707569,False,2026-07-29 13:24:17.268481+00:00
V4-W-00018-S2026072903-R22-Q7,17367,0x2b8bf1809ea84c48ba435f4a9b0f79c73b80fc797247c2b8bfb1c66fa8a62365,False,2026-07-29 13:24:17.620310+00:00
V4-W-00013-S2026072903-R22-Q4,17156,0xcf35149bc6e58788a7ccca690c623e77e4a1eab824259d02d34351ad81dd3d4e,False,2026-07-29 13:24:25.586742+00:00
V4-W-00007-S2026072901-R22-Q1,17210,0x1cc6213d89ea956b7093bfe8c2e59db184d0c6a29fbda7d095933053f2225ea6,False,2026-07-29 13:24:36.352442+00:00
V4-W-00007-S2026072901-R22-Q4,17084,0x3c030715d4416a7f2e6630104e62c07ffe487b180ac60eafb631a9cc7dfbbadf,False,2026-07-29 13:24:36.609827+00:00
V4-W-00012-S2026072902-R22-Q2,17197,0xfce35a178fe3e1821eda574f1245ded171bf6348e8f83dd3ef23718357ea81c8,False,2026-07-29 13:24:41.912320+00:00
V4-W-00012-S2026072902-R22-Q7,17087,0xc8a1c260084aa2015a75af877f2de35e2a4b53690b5a2df3fdd5d4fe8a321988,False,2026-07-29 13:24:42.182172+00:00
V4-W-00001-S2026072901-R22-Q5,17161,0xa372c0901c1236ed043ff47e34a417ae95fda2ef809f987b65b6945ece3dc647,False,2026-07-29 13:24:44.831001+00:00
V4-W-00005-S2026072902-R22-Q6,17213,0xce0f003eba9d7c48beabc645a9b2fef6ec9b2098a5fc1ff3191a184bc2290bb1,False,2026-07-29 13:24:47.529239+00:00
V4-W-00005-S2026072902-R22-Q4,17090,0x289089052066c79956205349a8f4f341a55672c33121b646bfbbb47a309dfd62,False,2026-07-29 13:24:47.641948+00:00
V4-W-00001-S2026072902-R22-Q1,17091,0x04bbd7aa6f353dd59e3b02515f96df8e2e142a4953460a561d2e10ed5edc65a8,False,2026-07-29 13:24:50.265499+00:00
V4-W-00001-S2026072902-R22-Q7,17136,0xf58955246081c6bcc21fbf160412e9e34fbe75cc3e719281902f2d684d27b5d3,False,2026-07-29 13:24:50.439398+00:00
V4-W-00003-S2026072902-R22-Q4,17154,0x547bff02fdaea39a174ce4d0743a69f798494e44410a72367ec69051d7069526,False,2026-07-29 13:24:58.555467+00:00
V4-W-00009-S2026072901-R22-Q1,17285,0x07cf853fb73d080f0dd69e0b57cd79bbecd8c2920500caed99ebd0b02377e988,False,2026-07-29 13:25:01.130657+00:00
V4-W-00009-S2026072901-R22-Q6,17329,0xa2ec7619923ccefc63deafaa044696d66d4680d956c3694318482bf60e42ca8f,False,2026-07-29 13:25:01.394720+00:00
V4-W-00005-S2026072901-R22-Q4,17376,0xc680e22c16fde821eed4dd9fbd350027ca7a7f2f0ee3800f0f9f3d119a126720,False,2026-07-29 13:25:04.181108+00:00
V4-W-00003-S2026072903-R22-Q0,17350,0x0c03064acf93007c1886d84d39523dfcf7e13c2badfa374c3ff5b310811919ae,False,2026-07-29 13:25:12.099795+00:00
V4-W-00003-S2026072903-R22-Q4,17102,0x2a30b1db9c7950e946747b8e03f836d1e316e9513dd925b456bdd2c1af5054c7,False,2026-07-29 13:25:12.307039+00:00
V4-W-00010-S2026072901-R22-Q1,17103,0xaa6c018108d7d92b95b5cf2099e1adeb673b676e4a5730edfd6bb1b84d4a3d23,False,2026-07-29 13:25:15.045322+00:00
V4-W-00010-S2026072901-R22-Q7,17104,0xefe2815abfa63a520670e9a7608018a0679219e73268f4a7a0f4a8f54a5c74b2,False,2026-07-29 13:25:15.267501+00:00
V4-W-00025-S2026072903-R22-Q3,17377,0xbbda388308bfbd84caa2989823d4639c89b5b26eb19179750581dd5af09db955,False,2026-07-29 13:25:17.820933+00:00
V4-W-00025-S2026072901-R22-Q0,17108,0x1f8a98610d6f00869842d62e6952902b859b813bb9832b8dee5ba861ad1129ee,False,2026-07-29 13:25:23.189447+00:00
V4-W-00025-S2026072901-R22-Q6,17108,0x1f8a98610d6f00869842d62e6952902b859b813bb9832b8dee5ba861ad1129ee,False,2026-07-29 13:25:23.577747+00:00
V4-W-00022-S2026072902-R22-Q3,17339,0x5e9bfc8fa7e657b3f05aef4cb1ad29dd2f6ab152d4aa3e58e8b380dd816b010d,False,2026-07-29 13:25:26.045983+00:00
V4-W-00022-S2026072902-R22-Q6,17339,0x5e9bfc8fa7e657b3f05aef4cb1ad29dd2f6ab152d4aa3e58e8b380dd816b010d,False,2026-07-29 13:25:26.281520+00:00
V4-W-00023-S2026072902-R22-Q2,17410,0x95a32e35eb1c45a4d64a65f5fbc2524d855393fc84bc8f10a0d110eaffb6ef4a,False,2026-07-29 13:25:28.911114+00:00
V4-W-00019-S2026072902-R22-Q3,17455,0x95c1e4a010a2281a5fca21d52d5bc0bc42f0750b8ab074170c602e2b86a544b8,False,2026-07-29 13:25:34.149783+00:00
V4-W-00019-S2026072902-R22-Q5,17113,0x53a3cc74cd06229d26e40ae5d1292beccc94376b25866664a138e7d8aab23b4c,False,2026-07-29 13:25:34.413831+00:00
V4-W-00020-S2026072902-R22-Q7,17308,0xd717947bbde25c4ccb38e17c1f671f3d72186b254d655aae182ab554cce69cae,False,2026-07-29 13:25:36.921525+00:00
V4-W-00020-S2026072902-R22-Q1,17444,0x12a9898204016c7876e73f79bb4e9a17207aadba9e11ee52e13ac52a6b85e542,False,2026-07-29 13:25:37.172322+00:00
V4-W-00006-S2026072901-R22-Q3,17353,0x9d19819a88dacfbd448b3faba1947ff01853a183c6d9f03a52e46a21d734fecf,False,2026-07-29 13:25:39.734015+00:00
V4-W-00002-S2026072902-R22-Q4,17429,0x580527c4e771a6378da142e7259c6a9381ba221c5062e933c8cbeaf0f372eb3a,False,2026-07-29 13:25:42.325800+00:00
V4-W-00002-S2026072902-R22-Q5,17430,0xf3cd1b15436419ca58367e1e7c88f0f268dc0831a694296d30562d1d2755c626,False,2026-07-29 13:25:42.556807+00:00
V4-W-00026-S2026072903-R22-Q1,17319,0x1076f35dd6c6c4c020b451e12954ff529ad03787f69a13b127a8e83c8166b29e,False,2026-07-29 13:25:47.913838+00:00
V4-W-00026-S2026072903-R22-Q4,17319,0x1076f35dd6c6c4c020b451e12954ff529ad03787f69a13b127a8e83c8166b29e,False,2026-07-29 13:25:48.047935+00:00
V4-W-00000-S2026072903-R22-Q3,17419,0x6c349c05dd2d3b16b34e17a0a8d00432fcf7dd08dc1ff4c8d9bb628b0c430df4,False,2026-07-29 13:25:53.144402+00:00
V4-W-00016-S2026072902-R22-Q1,17127,0x4444a838334ac8f5c5a9dcec8eb692a81a4d5a040a4370e604f9d2cabccb9525,False,2026-07-29 13:26:01.178064+00:00
V4-W-00016-S2026072902-R22-Q5,17127,0x4444a838334ac8f5c5a9dcec8eb692a81a4d5a040a4370e604f9d2cabccb9525,False,2026-07-29 13:26:01.426569+00:00
V4-W-00020-S2026072903-R22-Q1,17128,0xd38f2682e4262c50414f87eeb4cae59710a241fc1016b8a106a34b0f8b23bc9b,False,2026-07-29 13:26:04.075169+00:00
V4-W-00020-S2026072903-R22-Q7,17128,0xd38f2682e4262c50414f87eeb4cae59710a241fc1016b8a106a34b0f8b23bc9b,False,2026-07-29 13:26:04.184156+00:00
V4-W-00021-S2026072902-R22-Q4,17322,0x5b89d7c0bb1f5dd835fdd800758ba621a3fcf6aab817384a7346d446c92701d6,False,2026-07-29 13:26:09.476461+00:00
V4-W-00004-S2026072902-R22-Q1,17132,0x018f9446a3b6edf5ca5e7868d5a69531109bf082b4be800e7d1c6eeb449799c6,False,2026-07-29 13:26:11.997223+00:00
V4-W-00004-S2026072902-R22-Q3,17182,0x2c54d401576865003a88ab500cebff61a0c87c8b273623348a8c23343cca719a,False,2026-07-29 13:26:12.235839+00:00
V4-W-00010-S2026072903-R22-Q1,17443,0x7ad9865dfb8ab9c5a9db061694ea8db71639fcc3811b98c3e2bfb7c5b99542fc,False,2026-07-29 13:26:14.853351+00:00
V4-W-00010-S2026072903-R22-Q7,17133,0xdde5fbc08231cd966e01e21f21a2bc24a612f64c3c2e00fa1b157eb9e54481fc,False,2026-07-29 13:26:15.070021+00:00
V4-W-00023-S2026072903-R22-Q4,17332,0x149b315760bbfe78bec6463948c5a90fc4e39aa105c2d0976f9322ae2885bc17,False,2026-07-29 13:26:17.700068+00:00
V4-W-00009-S2026072902-R22-Q1,17449,0x68edbf53fd20ca79796774008ac2fcc8b4236c62bb6f0aeca798e422617ce844,False,2026-07-29 13:26:28.209122+00:00
V4-W-00009-S2026072902-R22-Q5,17449,0x68edbf53fd20ca79796774008ac2fcc8b4236c62bb6f0aeca798e422617ce844,False,2026-07-29 13:26:28.417453+00:00
V4-W-00026-S2026072901-R22-Q7,17143,0x3515d80126829b548980c640dbe2aadcd3ff31f87b7eda3cf6c932a79ec160e7,False,2026-07-29 13:26:33.789883+00:00
V4-W-00026-S2026072901-R22-Q5,17456,0x2c01c51e1622becced6a294b962e43f70b22a37da2b5c9258e135f315d8cf5f1,False,2026-07-29 13:26:33.928886+00:00
V4-W-00011-S2026072901-R22-Q4,17158,0x33074f3176c32a610b6f18bdc71569db5516f6534098024f1e2b7d3c232ab4df,False,2026-07-29 13:27:04.036158+00:00
V4-W-00008-S2026072903-R22-Q2,17387,0x7c019a2cdad86984ec222c86a009bb783f4d9a915f226c2e42e8ca08ffaed095,False,2026-07-29 13:27:06.597553+00:00
V4-W-00008-S2026072903-R22-Q4,17360,0xd194a384b12f0183bd49d076c540f7bb57478143c96be3fed9599fa265e693bb,False,2026-07-29 13:27:06.779492+00:00
V4-W-00013-S2026072901-R22-Q1,17170,0x18724c30bc4b7935fc0ea46b4871601fc46e06b6d023a6dacc1d21cc4b971044,False,2026-07-29 13:27:17.726091+00:00
V4-W-00013-S2026072901-R22-Q4,17196,0xdc3201655d7a0325c00c707c4a379cb388a914e77c48370baa0e003d4fdb9a93,False,2026-07-29 13:27:18.034159+00:00
V4-W-00017-S2026072903-R22-Q5,17173,0xfed2919fa9056af71337772c1519ec0b40e925877cb402a53ff2dfa743e1f720,False,2026-07-29 13:27:34.665627+00:00
V4-W-00022-S2026072903-R22-Q1,17219,0x2ef0c6b9f7555502e0047231ca808f1c3649755c3bd7c1b86fe5736f45ef119e,False,2026-07-29 13:28:05.329941+00:00
V4-W-00022-S2026072903-R22-Q6,17219,0x2ef0c6b9f7555502e0047231ca808f1c3649755c3bd7c1b86fe5736f45ef119e,False,2026-07-29 13:28:05.567405+00:00
V4-W-00021-S2026072901-R22-Q3,17190,0xf5e454722487ab7171e8a7986b380916c99fd414f0924c068b4083c443617ced,False,2026-07-29 13:28:08.134395+00:00
V4-W-00021-S2026072901-R22-Q7,17244,0x79bde55adb48264a95fd8b837ef8ce5574b7ef3bb8c24660516a1a154c07e8e6,False,2026-07-29 13:28:08.339951+00:00
V4-W-00015-S2026072903-R22-Q4,17201,0x722673c3d9a571e743001aa497213aaabc56cf7520297b3fee06d4f457f8e615,False,2026-07-29 13:28:30.523066+00:00
V4-W-00019-S2026072901-R22-Q1,17398,0xf9f27cec37da0a48d141cce91205435e4bb17dac7189b1c97ce8b0a38c6610f4,False,2026-07-29 13:28:33.223101+00:00
V4-W-00019-S2026072901-R22-Q6,17203,0x6a0d778c8dc229fe7a3cf7e52e6b3df869e922c3b03bdc59f9b36386bfeddb5a,False,2026-07-29 13:28:33.450516+00:00
V4-W-00024-S2026072901-R22-Q3,17248,0x0b853c11241db292ca8a59a9264c1ad61911c1928b09863db1b71698da19c7a0,False,2026-07-29 13:29:01.305204+00:00
V4-W-00007-S2026072903-R22-Q0,17298,0x7220c1ab450e8579f0de42bd39ed9fde06de4dabdd96ae285a133aa7b363b565,False,2026-07-29 13:29:09.439656+00:00
V4-W-00007-S2026072903-R22-Q5,17228,0x3e7a5e07581539ebd02eb22e32f046089f8084f5817dc491492fa1e961b5eac6,False,2026-07-29 13:29:09.678735+00:00
V4-W-00022-S2026072901-R22-Q0,17225,0x34d7990e93c7bbec68b32957bbba3b33cf59ba9a6eb567f6a7e07b3f1f4febb7,False,2026-07-29 13:29:17.686296+00:00
V4-W-00022-S2026072901-R22-Q3,17457,0x96c5cda6994ac0e7af2b061bb6047ab86a2b610fcf264f49bdfb36de7669ee7f,False,2026-07-29 13:29:17.909363+00:00
V4-W-00017-S2026072902-R22-Q5,17282,0x5d6e5fba8d7c75a2f0ce594ef69d9a81a0e338e02cff43c799521895fb44dfc6,False,2026-07-29 13:29:28.962898+00:00
V4-W-00023-S2026072901-R22-Q5,17254,0x836609c522870b3d02f3cbdb8b85bd9b730de64b67c1ab8d6ee2b776ae15dbd6,False,2026-07-29 13:30:16.142038+00:00
V4-W-00023-S2026072901-R22-Q7,17254,0x836609c522870b3d02f3cbdb8b85bd9b730de64b67c1ab8d6ee2b776ae15dbd6,False,2026-07-29 13:30:16.454530+00:00
V4-W-00000-S2026072902-R22-Q1,17257,0x1207fdc831f9c0edbfae425df593b549b1da6bbd8b5128810ea1a0fa2d035bd2,False,2026-07-29 13:30:21.820959+00:00
V4-W-00000-S2026072902-R22-Q6,17296,0x94b71214eb12c78001648f4fd3d988b8a6d708b48cf069b38e13bbc2bf811cbf,False,2026-07-29 13:30:22.099325+00:00
V4-W-00017-S2026072901-R22-Q3,17292,0xe9099304e92d1866862255212f134a921971e9b60c1b11562a18d5572d8e1248,False,2026-07-29 13:30:27.690100+00:00
V4-W-00008-S2026072901-R22-Q4,17262,0x15c2def01854e0eb5c4a8ce92c6548535812508a7605e59bede7aac7d4d63ea6,False,2026-07-29 13:30:33.071232+00:00
V4-W-00008-S2026072901-R22-Q7,17280,0xdf47189bb7b917ae41f10511c362370921f0de96bd58d3c68aa442c06369cc7d,False,2026-07-29 13:30:33.305665+00:00
V4-W-00020-S2026072903-R23-Q3,17583,0x2591e93b31343313940052ffc2b6a34a3021d223bddb6c5f86f9f1db8d730090,False,2026-07-29 13:37:05.102852+00:00
V4-W-00020-S2026072903-R23-Q2,17459,0x9ea0989e6a8a9795e9662a227cfa291fd065e77cde166ddc216e0eb6f384b1b6,False,2026-07-29 13:37:05.191730+00:00
V4-W-00016-S2026072903-R23-Q4,17615,0xbdac5b994e3fcf01bbc39a48668bc9f69e9d3da0373ab60e4faf48d234bcc920,False,2026-07-29 13:37:07.677051+00:00
V4-W-00026-S2026072903-R23-Q5,17855,0xc98bf757ed582082c2547e955111f1d8e8575eb6c8d21d91fe12fd39c9a953da,False,2026-07-29 13:37:10.218762+00:00
V4-W-00026-S2026072903-R23-Q6,17461,0xa7e6a36c5adf5ef67a98e3ea2bf420ca7a18f874f81a63e2110702adcb353b21,False,2026-07-29 13:37:10.443706+00:00
V4-W-00002-S2026072903-R23-Q3,17462,0x612874fe5a40fe086613de202d736146818f2beb431a63aa81dcd5e5613224ad,False,2026-07-29 13:37:12.934804+00:00
V4-W-00002-S2026072903-R23-Q5,17608,0x3e96b128115c2b858e71c36e2923c2b738afd9c54912a8c3be85c35cefc78e6c,False,2026-07-29 13:37:13.178548+00:00
V4-W-00001-S2026072903-R23-Q0,17872,0x9569be6ac31191855873d7d111e2b803062db85f99eedef181df7189c20eda99,False,2026-07-29 13:37:15.663948+00:00
V4-W-00023-S2026072902-R23-Q2,17465,0xaf7fdf066d1a1bdeaeff390d6f7039b22b85983e0444dec0a24dd25fbf0cdfe0,False,2026-07-29 13:37:18.202330+00:00
V4-W-00023-S2026072902-R23-Q7,17618,0x9f714ad7e36858221a52555fb712241d1079b30ec0e007b92b28bf1808e8e0d5,False,2026-07-29 13:37:18.480598+00:00
V4-W-00022-S2026072901-R23-Q3,17845,0xb416e5df138595bde5cc11962db9ce71e0211d9fabecc8c27a9bc7e82adc7451,False,2026-07-29 13:37:21.007566+00:00
V4-W-00022-S2026072901-R23-Q7,17467,0x6d96060d8274c27e42ad3472404e3761d91a33e0116911e42353ca54fbe97819,False,2026-07-29 13:37:21.173074+00:00
V4-W-00003-S2026072902-R23-Q4,17736,0xd7a098f7d5dcc51acb063e4617244bb7f6f73ec0a5368b0c326d35379c234ab2,False,2026-07-29 13:37:23.623177+00:00
V4-W-00007-S2026072901-R23-Q0,17469,0x1b98a866a8e9cf5e6d16c629bb14ddcf2eaac992e85692cccca8dd4acfacc8ee,False,2026-07-29 13:37:26.064129+00:00
V4-W-00007-S2026072901-R23-Q7,17591,0x430b20bc90da640ba022c1d7d324e3a97e9d9b4052626857b50d82e10ca4178f,False,2026-07-29 13:37:26.386353+00:00
V4-W-00000-S2026072901-R23-Q2,17472,0x0697e0d8b274d945abe7037c2bdaabb010d4f2e83920a9a1fb5d85108f3966e4,False,2026-07-29 13:37:31.499422+00:00
V4-W-00000-S2026072901-R23-Q7,17540,0x5cc3dfaa15db8c23bd8fbddd24376236ceb740536d52b9fbad031486e62da266,False,2026-07-29 13:37:31.757890+00:00
V4-W-00009-S2026072903-R23-Q4,17763,0x7dd4ce89aa277b1035ffb8c721ed8653525646d73389efb38f696636729de24f,False,2026-07-29 13:37:34.178926+00:00
V4-W-00010-S2026072903-R23-Q2,17714,0xb1899b1289def0d9c25f52ae185978dd95330fce6fd8e61f40bf89673370ff27,False,2026-07-29 13:37:36.651101+00:00
V4-W-00010-S2026072903-R23-Q5,17502,0x8f1a81e313122cae26547591b1de04af232f04bea9fedeeb9ed3c2dca5c9ef6d,False,2026-07-29 13:37:36.857724+00:00
V4-W-00012-S2026072901-R23-Q2,17549,0x866b5b5daf2e99b3e7b721c3d4c6abf69f15754c859a8d785166c1d2b6dcde7b,False,2026-07-29 13:37:39.315216+00:00
V4-W-00012-S2026072901-R23-Q7,17482,0x2ebf43beebc98edff5dd2711624043af96e438cf81de77d8d1f9b3a67185ea17,False,2026-07-29 13:37:39.594764+00:00
V4-W-00022-S2026072902-R23-Q4,17533,0x45c14ce5d749ec2e4786059f2b97bb9ce0051a7f364083d7c90972a3203568eb,False,2026-07-29 13:37:42.150951+00:00
V4-W-00018-S2026072901-R23-Q1,17478,0xd424056807f865d0a70f4d7b7853dee96e196019b9bdc5845cc38fb191bd66cf,False,2026-07-29 13:37:44.493842+00:00
V4-W-00018-S2026072901-R23-Q6,17729,0xcdca4cd4545312003572f58f240a140566679bd63fc497e4f161d9fe024337dc,False,2026-07-29 13:37:44.744247+00:00
V4-W-00013-S2026072902-R23-Q2,17658,0xe51814edfcfc6a610cfb79dd83f4518e56c33183f0417bf1f522e806391495d0,False,2026-07-29 13:37:47.186781+00:00
V4-W-00013-S2026072902-R23-Q4,17480,0x80da9023f54a9e6709b492397e28526edfd802be4acd2abd94c4631a24bb9cad,False,2026-07-29 13:37:47.435608+00:00
V4-W-00025-S2026072902-R23-Q6,17489,0x77895b1187c5875e24fe6d9377534027052c413eff1552e8a1a20f033d6e8965,False,2026-07-29 13:37:49.921190+00:00
V4-W-00006-S2026072903-R23-Q1,17483,0xbbe156bee65e0548e844e560ddd1027be725c6a3d25c8dc701ab92ab1a143cd8,False,2026-07-29 13:37:54.943582+00:00
V4-W-00006-S2026072903-R23-Q6,17719,0xfe5912d93fa1ae682817fcdb494391a042625ce189ca4c895148a5117ffb53c4,False,2026-07-29 13:37:55.218058+00:00
V4-W-00009-S2026072902-R23-Q3,17587,0x9cd81296adf590813d425d81bbd40b83e5ae001bfe229224c47dd5b9fa2da938,False,2026-07-29 13:37:57.667509+00:00
V4-W-00009-S2026072902-R23-Q7,17485,0x32d81089077a35e4485904a96df62b35607952f769fbf10005fa123ec9382c8b,False,2026-07-29 13:37:57.873594+00:00
V4-W-00002-S2026072902-R23-Q6,17877,0x0441b0463e88a33fa071d8439b89467359f6cde47a7ad134fc8943a5a22464d4,False,2026-07-29 13:38:00.445049+00:00
V4-W-00004-S2026072902-R23-Q0,17774,0xf484a73147a2184d34653150cae857ac51521f9d674d4ddf6ae9901ddba3c15d,False,2026-07-29 13:38:02.911909+00:00
V4-W-00004-S2026072902-R23-Q6,17853,0x78a4b7b2b7ebf3bcd678ffc62c7a17a7437daeedaefa68b229ae4426fb115911,False,2026-07-29 13:38:03.163809+00:00
V4-W-00011-S2026072903-R23-Q3,17490,0xb1c700f339ef4c7908a01b3895a992ecdb0b29f06e0b534b0534d857493981ad,False,2026-07-29 13:38:08.302803+00:00
V4-W-00020-S2026072901-R23-Q0,17494,0x07165391dd3a0106b91230c0959119cb6be44dcd46cbe20982a853acaf8beca8,False,2026-07-29 13:38:10.596918+00:00
V4-W-00020-S2026072901-R23-Q2,17825,0xadd578ec508f8b0cdd01190423d0c00ed3c55eee99aa11ef8fac5ccd62995a8b,False,2026-07-29 13:38:10.931050+00:00
V4-W-00014-S2026072901-R23-Q2,17493,0xf186c66113fc8b56c4b47f29a8dec12a90829c83657cc8a9a985a723b1aa40e9,False,2026-07-29 13:38:13.385817+00:00
V4-W-00014-S2026072901-R23-Q6,17493,0xf186c66113fc8b56c4b47f29a8dec12a90829c83657cc8a9a985a723b1aa40e9,False,2026-07-29 13:38:13.583910+00:00
V4-W-00008-S2026072903-R23-Q4,17651,0x23a2bc73e7518d9139324520bcdef5da9ed8cbca0e8502237162d4baf048c3ef,False,2026-07-29 13:38:21.301218+00:00
V4-W-00001-S2026072901-R23-Q0,17785,0x3caf4f111773e6f8b95a7a0c4ecfc24617205deb7bd7fc0f70f60fcad17f49ec,False,2026-07-29 13:38:23.747945+00:00
V4-W-00001-S2026072901-R23-Q5,17498,0x08ffc3fb378e42f8b90384886c7428d3c50813a6c5e6b5fbd047462e8d4771d4,False,2026-07-29 13:38:24.011998+00:00
V4-W-00019-S2026072902-R23-Q1,17519,0x8395e2b9857562bbdc2d77913370728531bacfa2cdf256fb5a2b06377f570427,False,2026-07-29 13:38:26.458962+00:00
V4-W-00019-S2026072902-R23-Q6,17519,0x8395e2b9857562bbdc2d77913370728531bacfa2cdf256fb5a2b06377f570427,False,2026-07-29 13:38:26.681721+00:00
V4-W-00021-S2026072902-R23-Q3,17503,0x6e555a5fa15327282ef7398302eb342ac223390b4e7731121f473a2255d5fec8,False,2026-07-29 13:38:34.242012+00:00
V4-W-00026-S2026072901-R23-Q0,17767,0xe0544dd9b641502af824f90f40b2e3a998ba7dc9cd524f487c03c03be676aeca,False,2026-07-29 13:38:36.834931+00:00
V4-W-00026-S2026072901-R23-Q5,17604,0xfe5cc3068323de386bf38e321c4530e5019c2353d473749b4fcfdbf356a60acf,False,2026-07-29 13:38:37.045366+00:00
V4-W-00005-S2026072903-R23-Q0,17753,0x7801b1501d52c82125df955ddd86f0e844ea457f60bdcb80b7e73c10d6ac506e,False,2026-07-29 13:38:39.635994+00:00
V4-W-00005-S2026072903-R23-Q7,17654,0x5c6849b62f21da54a4ee93612ac4ef22470f5f6b94887fd1f3a5d6fd88377fc7,False,2026-07-29 13:38:39.765730+00:00
V4-W-00001-S2026072902-R23-Q5,17844,0xbc6614afe1d02410c69eff2dfeba9593c0045166347f0c591ce2566b8c918d40,False,2026-07-29 13:38:42.281065+00:00
V4-W-00012-S2026072903-R23-Q0,17863,0xdff8d856b663f8e1e80e087fe4dc47a1eb3a3cba0afe10355740001547d196b6,False,2026-07-29 13:38:44.654005+00:00
V4-W-00012-S2026072903-R23-Q5,17508,0xc7975732bc74cc0476e97451bf755e46aa883d8134153d322fcca3fdf48e4954,False,2026-07-29 13:38:44.936575+00:00
V4-W-00007-S2026072902-R23-Q3,17864,0x62e1b496caa87d409fcaa3c5ed046282f56a425dc93c525e6b2e11bb8a315729,False,2026-07-29 13:38:47.434021+00:00
V4-W-00007-S2026072902-R23-Q7,17864,0x62e1b496caa87d409fcaa3c5ed046282f56a425dc93c525e6b2e11bb8a315729,False,2026-07-29 13:38:47.649993+00:00
V4-W-00021-S2026072901-R23-Q3,17577,0x117618911deacb3afb77526671d46ab41f8f6c8c245f704b13df9c176c5f9cc9,False,2026-07-29 13:38:55.236151+00:00
V4-W-00005-S2026072902-R23-Q2,17790,0x8b818a2e4a648830fd043233b024093bb97ceb9e41205364ed1fac26be5dd221,False,2026-07-29 13:38:57.681846+00:00
V4-W-00005-S2026072902-R23-Q6,17515,0x5df2c114311ea726ec6ac7e5e186999448ce81edae669d4fec2530a53d16c2ce,False,2026-07-29 13:38:57.968600+00:00
V4-W-00002-S2026072901-R23-Q5,17697,0xc459874100d833573e6a3147c543287dccaa3611fb1f0aeeebe345e8be0cfad3,False,2026-07-29 13:39:08.157945+00:00
V4-W-00002-S2026072901-R23-Q6,17520,0xec4971f3637006e63dd89a07ae0b28040c5171e4f596d9feaecc8015f6ffc456,False,2026-07-29 13:39:08.336422+00:00
V4-W-00019-S2026072903-R23-Q4,17521,0x995799baef93a8409831ab728fe751b8ac88874267cbf39993b465d55527cb02,False,2026-07-29 13:39:10.859560+00:00
V4-W-00006-S2026072902-R23-Q0,17771,0xace183450b513097c70fd15122d9aa4a22ca8b73250347bce9491584771ba241,False,2026-07-29 13:39:13.279632+00:00
V4-W-00006-S2026072902-R23-Q5,17614,0x29c948d376418fce358daf4915e703dbfa2ec6f979798cd4027fc885da0c559e,False,2026-07-29 13:39:13.589079+00:00
V4-W-00003-S2026072903-R23-Q2,17576,0xff3168ed880172695f93672384289ef45db21fdd4fbcf458f157799ee0c15b5c,False,2026-07-29 13:39:16.121289+00:00
V4-W-00003-S2026072903-R23-Q7,17745,0xbf5542f1385c3a3ffe46580bb5dbdc7e84c22c9558c110e4bee38ead84b813ee,False,2026-07-29 13:39:16.376542+00:00
V4-W-00025-S2026072901-R23-Q4,17527,0x350f0d31fc6a4fc27e6ef5c6a289d5d8ad5c62513cf10c23570d8b5c6327ec24,False,2026-07-29 13:39:21.381693+00:00
V4-W-00025-S2026072903-R23-Q1,17671,0x1995c4847d39a0cd1e31e5c67c5c9d3eae3a6c8346a851b51ed3fb3daba9a5f7,False,2026-07-29 13:39:26.505763+00:00
V4-W-00025-S2026072903-R23-Q5,17856,0x126ef5e39e84363be93f338392c9b430288536e1321d21fe9f6020ffe197b851,False,2026-07-29 13:39:26.698188+00:00
V4-W-00021-S2026072903-R23-Q2,17660,0xeb3f4c8f3f589cc07d63537dff02052c39f9cb3057ead4bad34e76a66770830b,False,2026-07-29 13:39:29.062919+00:00
V4-W-00021-S2026072903-R23-Q7,17660,0xeb3f4c8f3f589cc07d63537dff02052c39f9cb3057ead4bad34e76a66770830b,False,2026-07-29 13:39:29.319656+00:00
V4-W-00017-S2026072903-R23-Q3,17532,0xf094f95c7896bbef93a83fae21f916fc4b8b2c8b5c1c9da45693c139448c5178,False,2026-07-29 13:39:31.876584+00:00
V4-W-00006-S2026072901-R23-Q1,17687,0xb2d1ba6e3b68f5235920b4316f7b9abff7b5b9a226f25abb9b1c1d5649049c38,False,2026-07-29 13:39:39.388088+00:00
V4-W-00006-S2026072901-R23-Q6,17776,0x20061d1e1e3d33a7c746346694cd79b7308120d9205bf93a049b65269e58e261,False,2026-07-29 13:39:39.667262+00:00
V4-W-00011-S2026072901-R23-Q6,17537,0x6ceae86bfcde1988bc703241d73272f323b65f5cf6522fa36f7c65b306c11ca8,False,2026-07-29 13:39:42.118771+00:00
V4-W-00011-S2026072901-R23-Q2,17641,0x2fbb43d20d0ba731d289bfcdd12208f5e4571e23cf738d564a01818e6768814a,False,2026-07-29 13:39:42.297337+00:00
V4-W-00017-S2026072901-R23-Q6,17737,0x2d3eb70df2393efc6576c187de12e79bc935ef353e31cf4dabc4a3de6beb912b,False,2026-07-29 13:39:44.851237+00:00
V4-W-00022-S2026072903-R23-Q1,17870,0x5be1f9feb0fb317be7e5eded2dc0f599c8c79a42f230893b44bd1e0ffcf847c0,False,2026-07-29 13:39:49.861429+00:00
V4-W-00022-S2026072903-R23-Q6,17806,0xecb949ed2dc55022cae39457bf1478787fe40c1ac64e4d2fee65d2a4f79e2c38,False,2026-07-29 13:39:50.092932+00:00
V4-W-00017-S2026072902-R23-Q1,17793,0x20682be337e445b8d63a54e954c5389c60dfccf200cd34d5aeb2cbbdb4249b5a,False,2026-07-29 13:39:52.603582+00:00
V4-W-00017-S2026072902-R23-Q7,17793,0x20682be337e445b8d63a54e954c5389c60dfccf200cd34d5aeb2cbbdb4249b5a,False,2026-07-29 13:39:52.710614+00:00
V4-W-00007-S2026072903-R23-Q4,17630,0x7a4cbcdf9c1349dd6c874ca568176a09c5cd35fc4299bd49154d55f46317ad6b,False,2026-07-29 13:39:55.153475+00:00
V4-W-00018-S2026072903-R23-Q1,17672,0x95032df6da007e478dee1e6d5aa6bc9172da5aadd5653e3ae922812a75b1dc4a,False,2026-07-29 13:40:00.191992+00:00
V4-W-00018-S2026072903-R23-Q6,17696,0xb144da7ed96bf1106add239fcb444ede6398fb36d270cb25666dc0351c6de01c,False,2026-07-29 13:40:00.456523+00:00
V4-W-00011-S2026072902-R23-Q2,17879,0x60ceb8efdafbc0ec0f270bb58cf6e4e62a1ec1cf2d232be85486b55eeb354aa4,False,2026-07-29 13:40:03.000523+00:00
V4-W-00015-S2026072903-R23-Q0,17815,0x9212d1d02214742104a6c5b983fb6e4bb1f732a865221fe12ede345454c0751b,False,2026-07-29 13:40:10.617251+00:00
V4-W-00015-S2026072903-R23-Q4,17584,0x568e05a30cab231f129c22acd26af11061681e5ef625abbbe1fd118296dd3dda,False,2026-07-29 13:40:10.828427+00:00
V4-W-00015-S2026072901-R23-Q1,17646,0x2819347d2e94f86fae8c92df239d4dfb09c36232ace3ab51d14f6e929f15e935,False,2026-07-29 13:40:13.309596+00:00
V4-W-00015-S2026072901-R23-Q6,17553,0x343547412fc4ce8618e2df9a28eb14a71c4b36cb3f7d2cdfd6d59a3c67e12d7d,False,2026-07-29 13:40:13.567269+00:00
V4-W-00014-S2026072903-R23-Q2,17562,0x23eead1972136b0f185433a6cc17b819700f26509f0b137b7a7d470c3084adbf,False,2026-07-29 13:40:16.124948+00:00
V4-W-00012-S2026072902-R23-Q0,17811,0xa0b1f5c9515aed3a45559dd4e3cbd3f314b6261df923d3b84e3ca20a3407c9c1,False,2026-07-29 13:40:18.536595+00:00
V4-W-00012-S2026072902-R23-Q5,17555,0x3d81c9d6476be5c2097db09a821a5a3c8797beefd14e3332324b75adbbffe173,False,2026-07-29 13:40:18.801862+00:00
V4-W-00000-S2026072902-R23-Q1,17559,0x7aefb15cf4313400718ef9057e3911a46a5bc146c2774869c4d069537ee65bc7,False,2026-07-29 13:40:26.417648+00:00
V4-W-00000-S2026072902-R23-Q6,17813,0x63e9919bdcc4f45fff352f578aef8e3e6c7d142d4b181edf4118ad05cad895b8,False,2026-07-29 13:40:26.672238+00:00
V4-W-00000-S2026072903-R23-Q3,17563,0xb7c6baf2e62956030ed884f97bc2a5cae902bdb7e4f7b1792b932f7e585c6979,False,2026-07-29 13:40:34.203457+00:00
V4-W-00004-S2026072901-R23-Q0,17778,0xeffa6070650e646b98092db3e8e15395914e880b6c94aee63d76b63b23914252,False,2026-07-29 13:40:36.644186+00:00
V4-W-00004-S2026072901-R23-Q5,17571,0x082be77fa79009968a8b046e5bf500fbe26201428a4417893cb5439195cb7ed0,False,2026-07-29 13:40:36.983443+00:00
V4-W-00009-S2026072901-R23-Q2,17581,0xf97f6c8a19d9395d840258c3fba87b6238f170a95e1e312a97fa608ac328b23b,False,2026-07-29 13:40:44.609734+00:00
V4-W-00009-S2026072901-R23-Q6,17711,0xd801a62771fb45d00299fbeac45d201447c610f204c0603dbd6cde978518244a,False,2026-07-29 13:40:44.826857+00:00
V4-W-00023-S2026072901-R23-Q4,17880,0x7c5ce46b50c4011ab8d6b78da8c175300ecf791d0d929f9cb721391f9e21e087,False,2026-07-29 13:40:52.641324+00:00
V4-W-00026-S2026072902-R23-Q4,17730,0x858379babc8a69a84bb963fe301736792da8a592823282a38554ba09e38ceb3a,False,2026-07-29 13:40:57.610354+00:00
V4-W-00026-S2026072902-R23-Q1,17848,0xde5f64130b5992119ab12ad16f4528147b609d3b4ae0cec7622425ee8f7e9ccb,False,2026-07-29 13:40:57.866918+00:00
V4-W-00003-S2026072901-R23-Q2,17579,0x650dc7ff922d794c2cb70117c967104899b725bce71ff2f937b1bcbb2e4b5df2,False,2026-07-29 13:41:05.503783+00:00
V4-W-00003-S2026072901-R23-Q7,17589,0xc4f871155f8c4e4015929c93d8ddc14d98e980109a4e637bcb61ab74686ee62d,False,2026-07-29 13:41:05.774632+00:00
V4-W-00020-S2026072902-R23-Q7,17890,0x687b104fb0ea845e2fcee5e5727dd27ce90ab797cb543e2657f9f03c47e5aac4,False,2026-07-29 13:41:45.083515+00:00
V4-W-00018-S2026072902-R23-Q0,17669,0x93d12de000c4980d47ec446d5c650af252728820a8354b8ea1804b0346e291c6,False,2026-07-29 13:42:21.370280+00:00
V4-W-00018-S2026072902-R23-Q5,17802,0x5f7faf3f4917b32c3814c3c4a37853e945c44c1b91af84699febc36877b23d75,False,2026-07-29 13:42:21.643279+00:00
V4-W-00016-S2026072902-R23-Q2,17834,0x60c61b01be0ca43c5a56d16228e708f199c9d129a9ad6754ece7d95999e03398,False,2026-07-29 13:42:26.899440+00:00
V4-W-00016-S2026072902-R23-Q6,17834,0x60c61b01be0ca43c5a56d16228e708f199c9d129a9ad6754ece7d95999e03398,False,2026-07-29 13:42:27.138662+00:00
V4-W-00008-S2026072902-R23-Q3,17621,0x89acc740c24ff93d0c945d65003a0596707815c4531dc316abeb43b98f352888,False,2026-07-29 13:42:29.641048+00:00
V4-W-00024-S2026072903-R23-Q0,17805,0x7988b474822b7b88b4477850dc07bc959b43f84e8e09a8a7db3990434b38c571,False,2026-07-29 13:42:31.943744+00:00
V4-W-00024-S2026072903-R23-Q5,17622,0xd5b1a8d705a8f08bfa1c87436c047c721f4510e054c9dbd5c9d7ca392cfdafd7,False,2026-07-29 13:42:32.187800+00:00
V4-W-00010-S2026072901-R23-Q3,17679,0xeca9babe3909f01bf87b7bb7294db9b8804e0f251c84b0614a0c38fa157f7e87,False,2026-07-29 13:42:34.672291+00:00
V4-W-00010-S2026072901-R23-Q6,17679,0xeca9babe3909f01bf87b7bb7294db9b8804e0f251c84b0614a0c38fa157f7e87,False,2026-07-29 13:42:34.908461+00:00
V4-W-00019-S2026072901-R23-Q1,17645,0x9173aa7de99561375619928235ee7ddf579323c588cc7587945aa9e68171c3ad,False,2026-07-29 13:42:56.088130+00:00
V4-W-00023-S2026072903-R23-Q2,17734,0xc01af88da0b08ba51c86934b048269939d4abd42ef39dec5fdc2e76b288e660a,False,2026-07-29 13:43:14.697329+00:00
V4-W-00023-S2026072903-R23-Q5,17643,0x391ea6d004daa352ae80bcd7660faba5821cae606f129aa1bd84965f2c74a330,False,2026-07-29 13:43:14.853951+00:00
V4-W-00016-S2026072901-R23-Q0,17650,0x04f0e5378e4668f810195eb823818eff8e64368685564ea1acf964cec48df4ba,False,2026-07-29 13:43:28.116706+00:00
V4-W-00016-S2026072901-R23-Q5,17829,0x05a88d17875979141b3efd536469cc1aff4929f5ee5678e4a366876684a637bb,False,2026-07-29 13:43:28.399522+00:00
V4-W-00013-S2026072901-R23-Q3,17784,0x67d8379274b45a35db6101dcb5f5ad6381e2051b74cc47882873a2ba0405aa2e,False,2026-07-29 13:43:50.193937+00:00
V4-W-00010-S2026072902-R23-Q1,17768,0xac0948a0e2403cad092f01331b423c3660e7338dfe0ece357b7e4d9836e105e6,False,2026-07-29 13:43:58.431102+00:00
V4-W-00010-S2026072902-R23-Q7,17692,0x4e556abf3aea6674b30df9263e36f9dc1fbfbd32d0db8e012132d1f289c79d84,False,2026-07-29 13:43:58.636820+00:00
V4-W-00005-S2026072901-R23-Q4,17725,0x41845a5c21d36173b12e7a68970b569f7f83be413e390171feb2da5ab01b6b2f,False,2026-07-29 13:44:04.066834+00:00
V4-W-00005-S2026072901-R23-Q5,17846,0xaf6cd9208b57fe0de799ac4719d7614ba3dd7d730c0e6aa05bb29f4eab61b288,False,2026-07-29 13:44:04.226758+00:00
V4-W-00008-S2026072901-R23-Q3,17859,0xa1481e23f2e7d353995694641ff8da78b7c622cbc0a27a4f4a174920a2f4c785,False,2026-07-29 13:44:20.851836+00:00
V4-W-00014-S2026072902-R23-Q6,17762,0x56e9cbeeec2f2d99193182b270cb8799353ae9c2d77aa7d070b0978b34e80afc,False,2026-07-29 13:44:34.612426+00:00
V4-W-00014-S2026072902-R23-Q4,17756,0x8e339addd4036c42a17d5ffc361b3b05dbb998d678d151250be22669bf90058e,False,2026-07-29 13:44:34.757078+00:00
V4-W-00024-S2026072901-R23-Q3,17685,0xaf9e352ba9153d711e6909efcd5fa0f99a39d1998dbe0ac77e2861e0ebd87a74,False,2026-07-29 13:44:37.273705+00:00
V4-W-00024-S2026072901-R23-Q7,17685,0xaf9e352ba9153d711e6909efcd5fa0f99a39d1998dbe0ac77e2861e0ebd87a74,False,2026-07-29 13:44:37.494472+00:00
V4-W-00015-S2026072902-R23-Q4,17860,0x6c2c13836a1af850d7f4e0bed989e3f91b9374d99b39660ecacc7cd6bad20889,False,2026-07-29 13:44:40.031575+00:00
V4-W-00013-S2026072903-R23-Q1,17867,0xd4925c66e8a29d5de5751973ed463ea67109eeadf4c4a6a9c9880ab4886d3bcb,False,2026-07-29 13:45:04.744637+00:00
V4-W-00013-S2026072903-R23-Q6,17807,0x1d8874ef2413fc013ab566cb06cf146e5632550c64cb6345909ab875c97ef583,False,2026-07-29 13:45:04.963733+00:00
V4-W-00004-S2026072903-R23-Q2,17836,0x23ac2e17e52d134ff6ccc880c65656fbbfb543cd01ff1f8290ed376541fe702e,False,2026-07-29 13:45:24.205567+00:00
V4-W-00024-S2026072902-R23-Q0,17823,0x2ac00a01085fff72f547c53e20aa8328e3a3da158e21c870c65a48da06520b88,False,2026-07-29 13:49:08.908280+00:00
V4-W-00024-S2026072902-R23-Q4,17866,0x78fb90871c4ac5e84422d4c07fefb5ce8c9d32e124896f47fe621623ea8087bf,False,2026-07-29 13:49:09.140888+00:00
V4-W-00021-S2026072902-R24-Q1,17939,0xbff965203a57146b0547ff64b9232ade80118739ec476969d189f7a26682719f,False,2026-07-29 13:51:30.876186+00:00
V4-W-00021-S2026072902-R24-Q6,18211,0xcdcc6e58180ff570e22879a352dea7d2cdb46bd945fdcbbf907758b15d963cf3,False,2026-07-29 13:51:31.173719+00:00
V4-W-00010-S2026072901-R24-Q0,18247,0x6d576dd17acaf2bc441548989f597bc16d1d1f75906ea68f9a60025c24782c95,False,2026-07-29 13:51:33.711904+00:00
V4-W-00001-S2026072901-R24-Q1,17894,0x2136190ba3455190843d854685485fecccf36985ba44c26cf7fafa9ffabae87f,False,2026-07-29 13:51:36.311419+00:00
V4-W-00001-S2026072901-R24-Q4,18268,0x069b5683bf4af00c9d40e7a463a1d2e9cdc18b33b8161f721bb02af44b05c3d2,False,2026-07-29 13:51:36.580996+00:00
V4-W-00026-S2026072901-R24-Q7,17896,0xe697464148ec99fe31cf3f4490178e0dec704e8a5372d877c7d041c16365da65,False,2026-07-29 13:51:39.256087+00:00
V4-W-00026-S2026072901-R24-Q0,18084,0xb5dd774fe9c790e517f0df35a59cb8791837b758d250501439f776a6cad2f19b,False,2026-07-29 13:51:39.377405+00:00
V4-W-00013-S2026072901-R24-Q3,17897,0x185a119008fa17f1db754ca26e3c681569c5036ec4480264aff203bf801a71f5,False,2026-07-29 13:51:41.955080+00:00
V4-W-00021-S2026072901-R24-Q0,18267,0xdfeb8cf394a70fedc0fd0bfd81ffc53725d51c3db13f4cb37718ad4abcb45c6e,False,2026-07-29 13:51:44.445198+00:00
V4-W-00021-S2026072901-R24-Q5,17898,0x688b1533861f50b671996358a8520bcab4e7b7bd0f6dc0aa15697e1ff801a0ac,False,2026-07-29 13:51:44.700925+00:00
V4-W-00024-S2026072903-R24-Q2,18187,0x7899da70c8acc5479db2169142b16335b7371070735444effd114d4370a0addb,False,2026-07-29 13:51:47.249629+00:00
V4-W-00024-S2026072903-R24-Q6,18210,0xbf0ab10c1dd196d4a52e903397982e97a6f5f0ff20c2911a3b24c0c030190a69,False,2026-07-29 13:51:47.457423+00:00
V4-W-00026-S2026072902-R24-Q5,18113,0x66c20e14e77389195cd666371cfc8eb497625cda245236e261ee9449e1977f16,False,2026-07-29 13:51:50.208509+00:00
V4-W-00023-S2026072903-R24-Q3,18096,0x9fe600e23b69dfb88ebce800b88714216be711bf2865062bf7ce1a966cd7babf,False,2026-07-29 13:51:52.667181+00:00
V4-W-00023-S2026072903-R24-Q7,18157,0x2996debb228ab2ae41712bf16b01f4f09b10518982c0a7150cf613fa47d829ba,False,2026-07-29 13:51:52.920624+00:00
V4-W-00018-S2026072903-R24-Q2,17904,0x5111f9d30c3b66f384e118a966fdb2e663d1ae243b71b65ac7ebe70340198153,False,2026-07-29 13:51:55.572803+00:00
V4-W-00018-S2026072903-R24-Q7,17904,0x5111f9d30c3b66f384e118a966fdb2e663d1ae243b71b65ac7ebe70340198153,False,2026-07-29 13:51:55.843025+00:00
V4-W-00015-S2026072903-R24-Q3,17906,0x6c55e92d808b86af4a7cc4222c19fbc1fc519f2aaa0a8eba0ee830719da527f9,False,2026-07-29 13:52:01.024228+00:00
V4-W-00015-S2026072901-R24-Q0,17908,0xabd1b49a899bd714ab988bca0f2d309fa1eb91b4da9afd455086881be6b68cf3,False,2026-07-29 13:52:03.506303+00:00
V4-W-00015-S2026072901-R24-Q5,18035,0x504cb7516d86f750a2c537c546a197a28fa703397190cee764a30cb6c2c46991,False,2026-07-29 13:52:03.780719+00:00
V4-W-00003-S2026072902-R24-Q2,18020,0xc7c4990c2908e0f97e8f7b9e9bd460317ded4f978f58dad3ca7aea1c5393d745,False,2026-07-29 13:52:06.241527+00:00
V4-W-00003-S2026072902-R24-Q7,18029,0x6392eb493b9762b21fb64285fb76d1059aabaf110f9b332eb1afbef36ea2f67f,False,2026-07-29 13:52:06.508084+00:00
V4-W-00017-S2026072903-R24-Q4,17910,0x7efba37f4869a1193594ad81f470cf9f80625ce3aba889b8bb3a9e93aceb37a4,False,2026-07-29 13:52:09.032071+00:00
V4-W-00009-S2026072901-R24-Q0,18136,0x8bdab5696d8c6604645a3da493b959668fd26dc8af735d381583c45506151747,False,2026-07-29 13:52:11.375069+00:00
V4-W-00009-S2026072901-R24-Q5,18072,0x7eba5d8eb122e0d7931f9540c5ee928e060c59a0def7c712119c8211c666af6e,False,2026-07-29 13:52:11.638044+00:00
V4-W-00025-S2026072901-R24-Q2,17913,0x14b9889db430306cd52e05e5a8f4b7ace922df239e25ea10614fe66d3ed51a7a,False,2026-07-29 13:52:14.133521+00:00
V4-W-00025-S2026072901-R24-Q7,18061,0x07a841b59993d1c2220cd6e53fdfe9f157b1dc5af41c18c35f2d24fb6aa7b140,False,2026-07-29 13:52:14.365039+00:00
V4-W-00020-S2026072901-R24-Q5,18238,0x19a4a283a3d9479e8de8540b5fac21358b48dbc2fd6fb973cb692ff901b624ec,False,2026-07-29 13:52:16.884716+00:00
V4-W-00024-S2026072902-R24-Q1,17972,0xae97da6837ee7c0687c796f70d2472c2dd6dbb0cc3df7679b97a893ec6f61ce8,False,2026-07-29 13:52:19.335869+00:00
V4-W-00024-S2026072902-R24-Q5,18016,0xfc764b9bad2d687fda992584334b4ce213bb8f35ca0e0bc0eeb3dd9dbaa89ad6,False,2026-07-29 13:52:19.550915+00:00
V4-W-00012-S2026072902-R24-Q2,18205,0xd8d9f491ec32d421779faa49cd040447855f5489c546d69fe12c9daf89c8cccd,False,2026-07-29 13:52:21.997711+00:00
V4-W-00012-S2026072902-R24-Q7,18319,0xb18588e0b8eece25c9c8cb53d44786fe266607a0d7ad5c44111619e95cc3a13a,False,2026-07-29 13:52:22.256282+00:00
V4-W-00011-S2026072903-R24-Q3,17918,0x2e004664b3b2508a5f113901a086ef98f58bfc226398525e876c2019a467bf9e,False,2026-07-29 13:52:24.783836+00:00
V4-W-00000-S2026072901-R24-Q1,17920,0x5c8cfef68f00a415eb300d1b1d10b8fbf65a054de2eda824c1271339a03c2087,False,2026-07-29 13:52:27.187956+00:00
V4-W-00000-S2026072901-R24-Q6,17951,0x4046d29ae201f346ac6af803e31c7ae2efc60a7ec82f9d05df953d88115ffc37,False,2026-07-29 13:52:27.463391+00:00
V4-W-00025-S2026072903-R24-Q3,17923,0x98f2895ce554186c9bce8940de93966f6ef3ee8d3f02325af637716d409eb069,False,2026-07-29 13:52:35.052938+00:00
V4-W-00025-S2026072903-R24-Q7,18121,0xaea385b3a588db26aaa46bc9a0be5a2ed8b9da384d330afb757302e5c301ec65,False,2026-07-29 13:52:35.328652+00:00
V4-W-00014-S2026072903-R24-Q6,18273,0xc172ee52bdd849f97273bd18d439d4900461ccb2f806aefe742af076e93a6635,False,2026-07-29 13:52:37.925717+00:00
V4-W-00003-S2026072901-R24-Q1,18189,0xdb127dca8b049145d28f7343fe966be6dca1c3b11e98b036a95af10a18d24c26,False,2026-07-29 13:52:40.261227+00:00
V4-W-00003-S2026072901-R24-Q6,18143,0xb1b548733850df428365565c74b6d2bb982637541728670371533b7a54152924,False,2026-07-29 13:52:40.507275+00:00
V4-W-00022-S2026072902-R24-Q2,18292,0x3f00e7ab6eaaa51fec453ce7504089c5efb2016a16cf8e91a5b783eb90fd25f5,False,2026-07-29 13:52:42.977346+00:00
V4-W-00022-S2026072902-R24-Q7,18208,0x2d8e843a4aa455b19e800f04c64334979371130c87078f295aebe00644dd46cc,False,2026-07-29 13:52:43.163735+00:00
V4-W-00026-S2026072903-R24-Q5,18171,0x48a4672d090c7b100643e16512f033c0d943416a93de1e44bb82b4eeee3ed1bd,False,2026-07-29 13:52:45.709396+00:00
V4-W-00000-S2026072903-R24-Q1,18048,0x6a86aecdc51f79792dd3c09d8b5655a9f144677b4bad91267f229609ee566516,False,2026-07-29 13:52:48.034570+00:00
V4-W-00000-S2026072903-R24-Q6,18308,0x583cc77a4a71235555bbc43c88d76f0ce74dddc38f5f3b36f552134ad415c126,False,2026-07-29 13:52:48.307619+00:00
V4-W-00001-S2026072902-R24-Q0,18017,0x49c3cd5b6cb9b66a03bd7ab2d8531a46142d96a41991338109dc27d646e725c3,False,2026-07-29 13:52:50.727896+00:00
V4-W-00006-S2026072903-R24-Q0,18114,0x7ede80480cac85aab4d6f6096fbc49abe57188ce5836aec0288de797246087ff,False,2026-07-29 13:53:00.903906+00:00
V4-W-00006-S2026072903-R24-Q4,18034,0x413420c53015a59849722f5b937cfe29a4bf5464d7228426e94cf6ab958f73a4,False,2026-07-29 13:53:01.139274+00:00
V4-W-00014-S2026072901-R24-Q0,18176,0x1e292de1590723721fef749055faa8216d891713d8adaa763090a14a4bcede8f,False,2026-07-29 13:53:03.727200+00:00
V4-W-00014-S2026072901-R24-Q4,18315,0x13ae290cb8408cf0a4074bf3adbc2fc055a83ae57bd7acc55d55bf0e5f5e8631,False,2026-07-29 13:53:03.964883+00:00
V4-W-00016-S2026072901-R24-Q2,18323,0x45027e9f1f8685fc841cd15fe6d34a11607aeb597605fad87ae3a13ae1104ee5,False,2026-07-29 13:53:09.007449+00:00
V4-W-00020-S2026072902-R24-Q4,18102,0x9c6ac4776d64df650fcb98786332f3e5e33cf518b467a5bac2195fe19b5dfcd4,False,2026-07-29 13:53:11.481841+00:00
V4-W-00020-S2026072902-R24-Q7,18313,0xacdb06c6f2fbc7ae996b78f8f8ab1d4b69a75c0d2f9ee277cfb06b14b9fd1155,False,2026-07-29 13:53:11.731866+00:00
V4-W-00001-S2026072903-R24-Q1,18240,0xefaeef971b7bd23e5ee4cd4d7af371535983031052a8fead19592108dac85152,False,2026-07-29 13:53:17.050827+00:00
V4-W-00001-S2026072903-R24-Q4,18240,0xefaeef971b7bd23e5ee4cd4d7af371535983031052a8fead19592108dac85152,False,2026-07-29 13:53:17.295624+00:00
V4-W-00007-S2026072902-R24-Q0,17946,0x9d1036c727710cd259f4af3e1341510985eb29711d13fad7222bb3219823d61f,False,2026-07-29 13:53:19.696788+00:00
V4-W-00006-S2026072902-R24-Q0,18260,0x69186f03432976a23cbd817b8ac70d49e8ad932345d6b2ee9f1c7634687e5ba8,False,2026-07-29 13:53:22.141777+00:00
V4-W-00006-S2026072902-R24-Q5,18260,0x69186f03432976a23cbd817b8ac70d49e8ad932345d6b2ee9f1c7634687e5ba8,False,2026-07-29 13:53:22.417765+00:00
V4-W-00011-S2026072902-R24-Q3,18207,0xa34d40ccf4caf2e0dfe4a949baec7d6923554bc2084c0c6340c607d3de400fbb,False,2026-07-29 13:53:24.922366+00:00
V4-W-00011-S2026072902-R24-Q5,18207,0xa34d40ccf4caf2e0dfe4a949baec7d6923554bc2084c0c6340c607d3de400fbb,False,2026-07-29 13:53:25.102569+00:00
V4-W-00008-S2026072901-R24-Q3,18141,0x74dcdf24ae2f6b937e093c69c01b40a6cf6cd079e71b3e463c3cd7f696cd662b,False,2026-07-29 13:53:27.587843+00:00
V4-W-00002-S2026072901-R24-Q6,18079,0x7178a3401b608392872617fe547d06e635e113e3f5becaa59ec4f8f001a81366,False,2026-07-29 13:53:35.158595+00:00
V4-W-00002-S2026072901-R24-Q5,17954,0x243d514b3dafc9cc510b69ed35e42a184105d5be4702873264c8af767023631a,False,2026-07-29 13:53:35.376124+00:00
V4-W-00022-S2026072903-R24-Q2,18009,0x938fd2294ef609b2b0096e680dce6ddaa72f49b252d30a2ffb7267fcc52cd55d,False,2026-07-29 13:53:37.824753+00:00
V4-W-00022-S2026072903-R24-Q6,17955,0x9d3047ebc9d57d83218acccf34352010f22e46f77c4c3f8d55d93793a47dec9a,False,2026-07-29 13:53:38.049878+00:00
V4-W-00022-S2026072901-R24-Q3,17956,0x00e832660865b5adc17fc3e3185f3256bfd2de1bcb31ce28c6550b1cbcc3e508,False,2026-07-29 13:53:40.434297+00:00
V4-W-00025-S2026072902-R24-Q0,17957,0x3c0775ac0ce9d1e82b1f93eebf582958cd80ebe3c70f9ad36bbcde1dda7b75e3,False,2026-07-29 13:53:42.832029+00:00
V4-W-00025-S2026072902-R24-Q5,17958,0x277df88e32e8af3e1a955a8c8317fdad5b6233b1a00ab695511de86343018635,False,2026-07-29 13:53:43.187481+00:00
V4-W-00019-S2026072902-R24-Q3,18008,0x72281d67d1979a18b3503b236e81fbe4de75ed400e397936b0685e5f0a7b613e,False,2026-07-29 13:53:45.615566+00:00
V4-W-00019-S2026072902-R24-Q6,18236,0x04b2d10c3b5a4d66537f378ae046a7f4e5bb6faca96317fc18fcc5bb633f3390,False,2026-07-29 13:53:45.819336+00:00
V4-W-00007-S2026072903-R24-Q4,18199,0xd8d2a2e91dc8b34046cf1bc110edeba33ca4e3f4c8ccd60425bf15d0c838f869,False,2026-07-29 13:53:48.211525+00:00
V4-W-00014-S2026072902-R24-Q5,18132,0x737677bf3c0553f8d080629c4f8e949952aa8ef43fc03fd94dc86dadb64cb296,False,2026-07-29 13:53:53.330447+00:00
V4-W-00014-S2026072902-R24-Q7,17963,0x59dfd750ef48a9e4496e6baa0956f79bed9a142f575b7335ab91826fac627744,False,2026-07-29 13:53:53.579774+00:00
V4-W-00020-S2026072903-R24-Q1,18303,0x4710a5e77ce6bce1ff0ff41969b4944340c0be4c367b4a1c89bd47c350417a12,False,2026-07-29 13:53:58.647451+00:00
V4-W-00020-S2026072903-R24-Q3,18103,0xf1c8cc5ff8b8867370be7cb3b33fecd24830f9acf9d0ccb9e632e3e3a4fb79d1,False,2026-07-29 13:53:58.788027+00:00
V4-W-00023-S2026072901-R24-Q7,17985,0x456508f1c76d909013dcc2075ea2f4b0985b18edb41cfbe1302446ecc32fbb9a,False,2026-07-29 13:54:03.921470+00:00
V4-W-00021-S2026072903-R24-Q1,18309,0xbb88f65677e64e19e139d28b214ab7c93aa19c790a08e140763362b0b1f8db2e,False,2026-07-29 13:54:06.252354+00:00
V4-W-00021-S2026072903-R24-Q5,18003,0x5d5ca8c9919ea73e721b519915a273a018949aeb275a92fa314d8027468adca8,False,2026-07-29 13:54:06.468108+00:00
V4-W-00009-S2026072903-R24-Q2,17973,0xc719484796698f0873b710164a4b8e61c0b94f5cf2cb536d49ad3d3d1923e622,False,2026-07-29 13:54:14.147917+00:00
V4-W-00009-S2026072903-R24-Q7,17973,0xc719484796698f0873b710164a4b8e61c0b94f5cf2cb536d49ad3d3d1923e622,False,2026-07-29 13:54:14.404198+00:00
V4-W-00013-S2026072902-R24-Q4,18135,0x0b4cdfa267a03d77bb3ed8f313fe45cefbe115d9e91cb919885f2e386ebb081d,False,2026-07-29 13:54:22.106481+00:00
V4-W-00008-S2026072902-R24-Q0,18215,0x1c1b52dc84eb654fed85b4db02be0dba8dd5fc3ba44fd80b47885b2783d7cb01,False,2026-07-29 13:54:24.723845+00:00
V4-W-00008-S2026072902-R24-Q7,18215,0x1c1b52dc84eb654fed85b4db02be0dba8dd5fc3ba44fd80b47885b2783d7cb01,False,2026-07-29 13:54:24.833329+00:00
V4-W-00018-S2026072901-R24-Q2,17980,0x9fb9a9d2dc8081685ff2865aac558cf36f403d58cd8ef99120e89113404404b1,False,2026-07-29 13:54:27.211983+00:00
V4-W-00018-S2026072901-R24-Q7,18280,0x97aee21581459e9a2f6385b30a05674a97dbb8a69d210969a7137eb24a7f4039,False,2026-07-29 13:54:27.480223+00:00
V4-W-00004-S2026072902-R24-Q4,18218,0xf1dc33868ffad65a4ddbf083937146b002d73dc5be31a648697009b5f16cd552,False,2026-07-29 13:54:29.934663+00:00
V4-W-00019-S2026072903-R24-Q1,17982,0x6c66d1c2cfe4fb1c1955ae9c164a5a354f99cac9698094acdac87dd092ad8df7,False,2026-07-29 13:54:32.351884+00:00
V4-W-00019-S2026072903-R24-Q5,18109,0x0548037da55bec72fe259231ce3f49525cb42d3687b18511f66e052cc37e5de3,False,2026-07-29 13:54:32.563781+00:00
V4-W-00004-S2026072903-R24-Q1,18271,0x3bd51e0069c716a16f372e0c195fe39ac9bce3d64fbb6acb1cabe40c84028f68,False,2026-07-29 13:54:35.061604+00:00
V4-W-00004-S2026072903-R24-Q7,18271,0x3bd51e0069c716a16f372e0c195fe39ac9bce3d64fbb6acb1cabe40c84028f68,False,2026-07-29 13:54:35.197150+00:00
V4-W-00003-S2026072903-R24-Q4,18128,0x04c6a88be571f39b7aee9b7486294fbda29d6a0c16527b4f018a4775216c243e,False,2026-07-29 13:54:45.856348+00:00
V4-W-00008-S2026072903-R24-Q7,18325,0x69bd5afe852b694ca7812a90a7ba7aa4349c30b58f6d6d7409ab18d7e85b552f,False,2026-07-29 13:54:48.472506+00:00
V4-W-00008-S2026072903-R24-Q1,18225,0x81a5963af9b010d60c30137873035cee787214901929c9f32da5e3109b73143f,False,2026-07-29 13:54:48.751810+00:00
V4-W-00005-S2026072901-R24-Q2,18145,0xa910253c87c8c7f13a635f622d4a3b9ee6469a1f17d63dab73dfd659f3c4004a,False,2026-07-29 13:54:51.374959+00:00
V4-W-00012-S2026072901-R24-Q0,18233,0x247604dfc741ee32d2eee8cb5fdd3c50ddb6901bd59c19f4004f1a18f4e563c3,False,2026-07-29 13:54:56.710828+00:00
V4-W-00012-S2026072901-R24-Q4,17994,0x40bf6f38d6f0ba966639c0732078a7e4e4f649e657a7bbb7f660e6b4ec4358dc,False,2026-07-29 13:54:56.922118+00:00
V4-W-00007-S2026072901-R24-Q1,18047,0x9e2fb629e6440920d6c99c93e2179a313187baee3b1f163fe4b6afeb8435752b,False,2026-07-29 13:54:59.484235+00:00
V4-W-00007-S2026072901-R24-Q6,18047,0x9e2fb629e6440920d6c99c93e2179a313187baee3b1f163fe4b6afeb8435752b,False,2026-07-29 13:54:59.811746+00:00
V4-W-00002-S2026072903-R24-Q4,18301,0x0d47af2c4bd021c17cca3af532b24edf4999cb0a43083de558a373773e178096,False,2026-07-29 13:55:02.512430+00:00
V4-W-00004-S2026072901-R24-Q2,18250,0x3fe05e27dc87664162cb4a91cc69367c570f7fb926f7aa57a6ccb041b38575dd,False,2026-07-29 13:55:05.087213+00:00
V4-W-00004-S2026072901-R24-Q6,18250,0x3fe05e27dc87664162cb4a91cc69367c570f7fb926f7aa57a6ccb041b38575dd,False,2026-07-29 13:55:05.290917+00:00
V4-W-00016-S2026072903-R24-Q3,18197,0x1c0664ee88faa1d0258f0dff96c3ece26d186f9b6c23968c9359382265c9aa00,False,2026-07-29 13:55:15.972678+00:00
V4-W-00016-S2026072903-R24-Q6,18004,0xc4f3348041c7ecced0903986a4df82fffb66bc55e028a3baf8da37b4f2bc3ef4,False,2026-07-29 13:55:16.186195+00:00
V4-W-00002-S2026072902-R24-Q4,18101,0x643cac6db4e495c4a1200bc496d6cc21c8491a2728f11d1f5c980ccba44bf7b7,False,2026-07-29 13:55:18.763839+00:00
V4-W-00017-S2026072902-R24-Q4,18026,0xc9abe3c8aad2e97b7a56358a60e5d21da06c67b11fd534c3b13c271ce15cf15c,False,2026-07-29 13:55:49.939275+00:00
V4-W-00017-S2026072902-R24-Q3,18021,0xfd3cba7c15701177cc7931e18f5a5f3185adb71cba06eabef7fc81df60ed495e,False,2026-07-29 13:55:50.046270+00:00
V4-W-00005-S2026072902-R24-Q6,18151,0x671d4ec11afe67d91c6bd43921a29626be167e1b2518d06046d730b8136b0395,False,2026-07-29 13:55:52.538096+00:00
V4-W-00005-S2026072902-R24-Q4,18085,0x91dd34f7d62817ac46465cec7404841cc01b08178c02edf8e17d9841efdb6000,False,2026-07-29 13:55:52.661272+00:00
V4-W-00005-S2026072903-R24-Q3,18027,0xbfb4e5f0cb9305cfbcf8abc40dbc236b7d9bc9f4b732acabcfe34ed796dd0d05,False,2026-07-29 13:56:02.948299+00:00
V4-W-00010-S2026072902-R24-Q0,18177,0xbeb220b74c260ade2f97444d835d4862e0c4ef19043d5fb48460ec3ac6093066,False,2026-07-29 13:56:07.984301+00:00
V4-W-00010-S2026072902-R24-Q5,18173,0xdc997159c704d0588e0588ed46749b09658867f5b3ce4eb05caf93f150d5bef4,False,2026-07-29 13:56:08.208327+00:00
V4-W-00010-S2026072903-R24-Q1,18110,0x9321df1b47d8939d814132cb971b390f18b97b8fe3f1e0516a2f9dddf7464cd9,False,2026-07-29 13:56:20.961773+00:00
V4-W-00010-S2026072903-R24-Q7,18194,0x2a6a6b48a0fd630bf05276a971586db59e594880bca47de8a2e9ee46cf680dd0,False,2026-07-29 13:56:21.172448+00:00
V4-W-00015-S2026072902-R24-Q3,18150,0x87da61fbd1cc024e555f4aa5cecc7c868b85333e925b708ce904fe8ca4cfdd62,False,2026-07-29 13:56:54.701762+00:00
V4-W-00017-S2026072901-R24-Q0,18305,0x0b440ed10cf38646eeb2c4ba78a1edeb46eeb15ad9eb91f4190e803000282128,False,2026-07-29 13:56:59.717128+00:00
V4-W-00017-S2026072901-R24-Q4,18056,0x9a1f77b84b8aa2510d0010813f139c51ba22ab16cd3a78c0a1c0a4d127286887,False,2026-07-29 13:57:00.017877+00:00
V4-W-00024-S2026072901-R24-Q2,18057,0x2eab26caa2cb817bb38580e0c6511234bc80b7ae0a51e25f63463ece0167a64d,False,2026-07-29 13:57:02.406718+00:00
V4-W-00024-S2026072901-R24-Q7,18057,0x2eab26caa2cb817bb38580e0c6511234bc80b7ae0a51e25f63463ece0167a64d,False,2026-07-29 13:57:02.667343+00:00
V4-W-00006-S2026072901-R24-Q4,18285,0x45a465f3971da8b52a494a1cb39be98eddd40ea34022e404fd615608901f642f,False,2026-07-29 13:57:07.754201+00:00
V4-W-00012-S2026072903-R24-Q0,18214,0x2e1b799d54e8d93f7b39bed3a949c0f334d3be3af656090896437c895c093e28,False,2026-07-29 13:57:15.353230+00:00
V4-W-00012-S2026072903-R24-Q5,18064,0x64ecd49ab7ce68fcf6d8e22b5f45c92ba47b17eb057cec4e252f19cf09ef9c76,False,2026-07-29 13:57:15.610609+00:00
V4-W-00000-S2026072902-R24-Q2,18186,0xbfe3eb705eda0af2670a006cfd12f487ba6667cdd8ee45106328e61f94ccb1d8,False,2026-07-29 13:57:20.691736+00:00
V4-W-00000-S2026072902-R24-Q7,18277,0x9c008e5f7d74c0790d526192e4c9be1930207197e030c30cc4cc9e31186f1bdd,False,2026-07-29 13:57:21.038925+00:00
V4-W-00018-S2026072902-R24-Q4,18246,0x24be3237b6b695d32b7d10312c464274139ef20f84bf3c6f3d65df99db8da7a3,False,2026-07-29 13:57:23.583761+00:00
V4-W-00009-S2026072902-R24-Q1,18288,0x536f50d4fef3e111073858f2f85ad2dc04fb74c20c021a78fb002f9c44e82ae7,False,2026-07-29 13:57:36.957235+00:00
V4-W-00009-S2026072902-R24-Q5,18107,0x83afc440a9db3d6102959c14db8e551713d0a18657be7d57a1d3adf48b967edf,False,2026-07-29 13:57:37.197309+00:00
V4-W-00023-S2026072902-R24-Q5,18295,0xbe9130a616d092fd2c15aeb8a84609e340cfe9f7e835e16fc3d310940782a6d1,False,2026-07-29 13:58:37.263457+00:00
V4-W-00023-S2026072902-R24-Q6,18105,0x4afd68455c093e0ce2731f53c30054cac3fe56ad9e9c0c04b85124cf516c12ca,False,2026-07-29 13:58:37.463860+00:00
V4-W-00019-S2026072901-R24-Q4,18289,0x4a86b4f518ce896f1c80071a6e21463bf3ea911dce4b5f9b2ea925c26fab2079,False,2026-07-29 13:58:58.962558+00:00
V4-W-00013-S2026072903-R24-Q1,18312,0x6365cadcd40c246d44c8974a125a8871a44c9825f773195fc056b01767654f24,False,2026-07-29 13:59:28.879250+00:00
V4-W-00013-S2026072903-R24-Q6,18164,0x9a3b9a37727a2b861e84acb10307d87969a20cdbc243f050f26c379f23b6e6dd,False,2026-07-29 13:59:29.132958+00:00
V4-W-00016-S2026072902-R24-Q0,18310,0x4b963d93b9c0e070b9aebefe0a864c5e6161fba17b39bd04074425c5a93df1dc,False,2026-07-29 13:59:48.100697+00:00
V4-W-00016-S2026072902-R24-Q4,18158,0x547fe6e592d39067c2287381061060947269a1468b77747b6a0562e73cf70034,False,2026-07-29 13:59:48.414893+00:00
V4-W-00011-S2026072901-R24-Q5,18286,0xf8fd34428c85889b316bb2289ef3d3170394e1f9d73800e26a4970e0ef79c46c,False,2026-07-29 14:00:46.585974+00:00
V4-W-00000-S2026072901-R25-Q1,18446,0x294149cbb55b60dbc0914a3b6d348d1ce199bab3aca77adf75ed74289eedebd8,False,2026-07-29 14:06:11.059716+00:00
V4-W-00000-S2026072901-R25-Q6,18332,0x6ca3f7026d4d4aa8dc987e00eef5a60a7518edb9928c2282627369460fbcefc5,False,2026-07-29 14:06:11.394921+00:00
V4-W-00018-S2026072903-R25-Q3,18447,0x75a89116a03763a46e0a91ae0b997869f9bead12a99a502e52efc57a22039619,False,2026-07-29 14:06:13.960849+00:00
V4-W-00018-S2026072903-R25-Q7,18333,0x3336fb130ec722fc613cf5e83360cf07e3167522dee06568685b8573eee0b122,False,2026-07-29 14:06:14.173632+00:00
V4-W-00014-S2026072903-R25-Q5,18334,0xad9314a07050b936edfc42d2c58fdc73b02660294c1a38d9db4f5e1cc9f276bc,False,2026-07-29 14:06:16.994896+00:00
V4-W-00006-S2026072901-R25-Q1,18361,0xf82f3934d48d5ce87376b358737b6266aaf81d2875c49d6a3e413dd3d298fcba,False,2026-07-29 14:06:19.578782+00:00
V4-W-00006-S2026072901-R25-Q6,18724,0xc06a90927ca42a443bc3e2c6c9d20796b808fd779dc12cfb20ffa7809758424d,False,2026-07-29 14:06:19.859470+00:00
V4-W-00011-S2026072903-R25-Q7,18337,0x5716c114a59809b95b15ec9d05dd8b6187c6335a651c61329eebac9f69ac3fc6,False,2026-07-29 14:06:22.566763+00:00
V4-W-00020-S2026072902-R25-Q4,18419,0x1f8d25a5193f369822800e4f8ac5f4aac9f2936a73730c9fd5ccee85748f22be,False,2026-07-29 14:06:25.165302+00:00
V4-W-00020-S2026072902-R25-Q3,18761,0x8a96f3e2980380d7d21c928ba29603aeec97c1bfdff8adb34b03739524afdb3f,False,2026-07-29 14:06:25.417283+00:00
V4-W-00010-S2026072902-R25-Q1,18461,0xf4a986a93da265633e7fcd404a43b41e2ffaf26f5238cfc5adfeb3fc22420f36,False,2026-07-29 14:06:30.763696+00:00
V4-W-00010-S2026072902-R25-Q6,18461,0xf4a986a93da265633e7fcd404a43b41e2ffaf26f5238cfc5adfeb3fc22420f36,False,2026-07-29 14:06:31.001164+00:00
V4-W-00005-S2026072902-R25-Q3,18740,0x8ecad16fe75a74d0c8d091a32de7c1379dd98f049f5ec992324650628dc513b5,False,2026-07-29 14:06:33.739804+00:00
V4-W-00001-S2026072902-R25-Q2,18537,0x8e3f0102d04e2afae3b29000336485ad355e13b36e607f2f9bf79e257924959d,False,2026-07-29 14:06:36.319587+00:00
V4-W-00001-S2026072902-R25-Q7,18344,0x9174d56447935fb440a867f31326603cc858392871122c82276797621f1cf134,False,2026-07-29 14:06:36.616274+00:00
V4-W-00015-S2026072902-R25-Q1,18420,0xf4725b64378506bd3919dfdfc599555bafe29ee2e9d273c31e47af00b2b62481,False,2026-07-29 14:06:39.126454+00:00
V4-W-00015-S2026072902-R25-Q6,18754,0xbce809a065609e662300073f3f7484d5aef3bece3655a57e7132527b62af8306,False,2026-07-29 14:06:39.437741+00:00
V4-W-00009-S2026072901-R25-Q3,18347,0xc9ca829344ccb185338f9c781f27b33e3fbaf4301efba3d0e2f9548950380999,False,2026-07-29 14:06:42.034584+00:00
V4-W-00005-S2026072901-R25-Q3,18443,0xc98700692176c6b34007820cd652aa78cb760c1b2094622401128cd03b2827b4,False,2026-07-29 14:06:44.850669+00:00
V4-W-00005-S2026072901-R25-Q4,18348,0x3623905ad0017cba8f89fe5795a49e9fe9031c94455c492f02286f2713587661,False,2026-07-29 14:06:45.027847+00:00
V4-W-00010-S2026072901-R25-Q2,18350,0xc5a4b8575a308005bfa7ea3f584756ff7eb647a5c426707a3dd54220ae5e4208,False,2026-07-29 14:06:47.643810+00:00
V4-W-00010-S2026072901-R25-Q4,18350,0xc5a4b8575a308005bfa7ea3f584756ff7eb647a5c426707a3dd54220ae5e4208,False,2026-07-29 14:06:47.855066+00:00
V4-W-00006-S2026072902-R25-Q3,18701,0x766709f9e58661f1da85191de8613855da7839ccadc016490cf8dd5bade711d6,False,2026-07-29 14:06:56.079598+00:00
V4-W-00023-S2026072901-R25-Q2,18355,0xc6d1ea39a2312233c6b5fc6f5846cde10a7921303543c268cc49886f61fc2b76,False,2026-07-29 14:06:58.747148+00:00
V4-W-00023-S2026072901-R25-Q7,18355,0xc6d1ea39a2312233c6b5fc6f5846cde10a7921303543c268cc49886f61fc2b76,False,2026-07-29 14:06:59.006719+00:00
V4-W-00008-S2026072901-R25-Q1,18747,0xf5fb0a7c9850669c61bb21aacc414994fb4c862f9a8ee4fd547bd2e11c546c98,False,2026-07-29 14:07:01.693313+00:00
V4-W-00008-S2026072901-R25-Q3,18422,0x7cc7056b3b2cfda36c8e4eaf60d6afcbc78d18157d58511500f3476d0af50902,False,2026-07-29 14:07:01.956669+00:00
V4-W-00016-S2026072902-R25-Q5,18558,0x832f7888feafce1caad5fc1e2870adc3bb950dd0def1d425e42c2e9ebf74c315,False,2026-07-29 14:07:04.543175+00:00
V4-W-00009-S2026072902-R25-Q0,18402,0xa21fb2009cf3af21f564473233ae52fb24e1c5440b0e8544930a26b163ba355d,False,2026-07-29 14:07:07.167827+00:00
V4-W-00009-S2026072902-R25-Q5,18402,0xa21fb2009cf3af21f564473233ae52fb24e1c5440b0e8544930a26b163ba355d,False,2026-07-29 14:07:07.492950+00:00
V4-W-00005-S2026072903-R25-Q2,18574,0x9169673cba090a0ea1368a02f97d8fd32665c6da100fce1e6a43bc5b438742bf,False,2026-07-29 14:07:13.111667+00:00
V4-W-00005-S2026072903-R25-Q0,18505,0xc47561fac4b6ff18eec6e513875332428dd256b94b561ce578f6954ecde2e98d,False,2026-07-29 14:07:13.206158+00:00
V4-W-00025-S2026072901-R25-Q4,18430,0x287ca6f1ab299fdb2438a3d09f56a8a1dac4f566954d952bd98ec99f7fb23b3d,False,2026-07-29 14:07:16.064745+00:00
V4-W-00021-S2026072902-R25-Q0,18365,0x4d99dc0fce5634ad5fb146e3d62e09cafc5ce76100ae390aa48c9ec0472e5484,False,2026-07-29 14:07:18.620877+00:00
V4-W-00021-S2026072902-R25-Q5,18385,0xb9a346a68c55d15153d26f3ce6cb4c52b9458cbf71dc54eae5ee0173431fceec,False,2026-07-29 14:07:18.907886+00:00
V4-W-00002-S2026072901-R25-Q1,18368,0xb6dc68dc65595fb6276c623dd6696066910df6abf35d453f2650127a7c67fd74,False,2026-07-29 14:07:24.969433+00:00
V4-W-00002-S2026072901-R25-Q6,18585,0x4b814310b72867689302db6539bf5b51c4ef4fb3e3b2ca13ddbffb0605d83a5a,False,2026-07-29 14:07:25.228668+00:00
V4-W-00012-S2026072903-R25-Q4,18370,0x4531e624b2a6436a78202cc1315bc88ad1f67e44635b644b13637d2976c97c43,False,2026-07-29 14:07:27.943377+00:00
V4-W-00010-S2026072903-R25-Q1,18373,0x5c6923db63324559d04dbb300a7ba1e0d1343c7a48d3d57656fed77d22fdd575,False,2026-07-29 14:07:33.506599+00:00
V4-W-00010-S2026072903-R25-Q5,18373,0x5c6923db63324559d04dbb300a7ba1e0d1343c7a48d3d57656fed77d22fdd575,False,2026-07-29 14:07:33.745600+00:00
V4-W-00011-S2026072901-R25-Q5,18693,0x396a83e2a8ac1f9c55dd4e95bd149414155bd99e69d75890d5c84b5965f133a1,False,2026-07-29 14:07:36.408107+00:00
V4-W-00011-S2026072901-R25-Q4,18374,0x00c03f0286e2c8fbf2e6b920b9d0730253821a15ca0112fbe16d9db3e67e16dd,False,2026-07-29 14:07:36.558763+00:00
V4-W-00001-S2026072901-R25-Q3,18375,0x1c1631e2af03d67d7d3a5820b090626348213a956442c551140561d775d5acea,False,2026-07-29 14:07:39.166858+00:00
V4-W-00017-S2026072903-R25-Q7,18642,0xfa297c2b6fd3513ccf1ced8f8de6a9df57e6a90b188a52780c0cd5a315413674,False,2026-07-29 14:07:42.018456+00:00
V4-W-00017-S2026072903-R25-Q2,18483,0x914508d087703128330e7d3cc04240a38c28f191e32b6a48e4f9aa9ca613eb88,False,2026-07-29 14:07:42.152785+00:00
V4-W-00022-S2026072902-R25-Q3,18441,0x7dcf151e0e0ce14d4b54fbecb90a0aa717fa508e90f60fa2c25853b788c1264d,False,2026-07-29 14:07:44.779058+00:00
V4-W-00022-S2026072902-R25-Q5,18627,0x38abdb6211d099cb3d3504b13f73ccaadb74a17bd6700c7f5d83b3b233da8fc3,False,2026-07-29 14:07:45.002135+00:00
V4-W-00025-S2026072902-R25-Q6,18381,0x890a77b71120c1cc9dd41868dc221273ccd7c88d6d07d0567cb05b9ab7c61f2e,False,2026-07-29 14:07:50.626607+00:00
V4-W-00021-S2026072903-R25-Q1,18753,0x3ac2f27aa8bb31f529990c2910b79a9ef0cef79b40b7b115aad89a92a85beb75,False,2026-07-29 14:07:53.199216+00:00
V4-W-00021-S2026072903-R25-Q6,18735,0xfba3790900055616b6f4542c5808458be7f34ded8ce6d802398cdfe009808b92,False,2026-07-29 14:07:53.469008+00:00
V4-W-00016-S2026072903-R25-Q2,18384,0x3b38d77e009e4074ef84637625601a039c9fda8403d9b4bd89f58a8e098d66c7,False,2026-07-29 14:07:56.137924+00:00
V4-W-00016-S2026072903-R25-Q7,18491,0xe54ab473f85fad7ce91313d316bf0776f402d0acbc0044a1955095671dfc01af,False,2026-07-29 14:07:56.314822+00:00
V4-W-00013-S2026072903-R25-Q4,18387,0xa6a67a73e083f70fa2aaeaaea3d63c0c302253d1c6fefd0bbcd44f7db4323c20,False,2026-07-29 14:08:01.852594+00:00
V4-W-00003-S2026072902-R25-Q1,18579,0x82a442790b8e324de2e47cf37bac928a0e003836d35d557214b7da044147d29e,False,2026-07-29 14:08:04.444441+00:00
V4-W-00003-S2026072902-R25-Q6,18640,0x8ce1370dd4a6aea13869f674f61c45d79530cc7140ffbd8ca8bea17f2ec1fb2b,False,2026-07-29 14:08:04.758850+00:00
V4-W-00019-S2026072903-R25-Q1,18391,0x00769d48dde3ca09903c9dd530e1c505763c31b2972f47209d730d24bdb28bef,False,2026-07-29 14:08:10.129818+00:00
V4-W-00020-S2026072903-R25-Q4,18392,0x7f59ae0d6d7a1bdd3ee453a6ea1cd5fada5a2c5c465abf50ef6cdd07ca360f7b,False,2026-07-29 14:08:12.954672+00:00
V4-W-00020-S2026072903-R25-Q2,18392,0x7f59ae0d6d7a1bdd3ee453a6ea1cd5fada5a2c5c465abf50ef6cdd07ca360f7b,False,2026-07-29 14:08:13.067056+00:00
V4-W-00018-S2026072902-R25-Q1,18405,0x31b88018469b62ade285e7fe8e9fa28268eedbc31d48d4ca878f59312ec371dd,False,2026-07-29 14:08:15.691684+00:00
V4-W-00018-S2026072902-R25-Q6,18703,0xe810387c15f4978ac359f1ead5837a835c1ed278e6c4f355911fe44ef86a391c,False,2026-07-29 14:08:15.964167+00:00
V4-W-00013-S2026072902-R25-Q0,18572,0xf11967d731957552350d1be1e0a44bdea4103da5a922352ea7964f9a02880490,False,2026-07-29 14:08:21.459907+00:00
V4-W-00018-S2026072901-R25-Q0,18399,0x5e748940e584372ba610b8454f865d4a0c8433dcfe544d4e932e447cc80c979c,False,2026-07-29 14:08:26.875289+00:00
V4-W-00018-S2026072901-R25-Q5,18466,0x1678cd718362c0965f9646d62ab76d77580f8ae8c21f64b78a580abfd1c56e5e,False,2026-07-29 14:08:27.189810+00:00
V4-W-00000-S2026072902-R25-Q1,18649,0xaf1ae0dfb36b2d56492a7f311bec14dbf7fb105dc0b50dc0fc10faa985f0a7c2,False,2026-07-29 14:08:29.714383+00:00
V4-W-00000-S2026072902-R25-Q6,18649,0xaf1ae0dfb36b2d56492a7f311bec14dbf7fb105dc0b50dc0fc10faa985f0a7c2,False,2026-07-29 14:08:29.979539+00:00
V4-W-00022-S2026072901-R25-Q3,18697,0xcbb475432ca1f7272a5003514f62a509b1d9d31b73567abfa92b4b7a107a5639,False,2026-07-29 14:08:35.457728+00:00
V4-W-00024-S2026072903-R25-Q0,18406,0x2ec337c5a69a718bc59991f0d502456ae753151e2d777ab8c49241587a7f3be1,False,2026-07-29 14:08:40.896104+00:00
V4-W-00024-S2026072903-R25-Q5,18661,0x4339de30eb73fc0766a682500eed0a64e17a33c5f90be9e28c9cc387aaea0161,False,2026-07-29 14:08:41.185059+00:00
V4-W-00003-S2026072903-R25-Q2,18582,0xd928f28bb3df83525f3d036e603798205433e4f2875fb1bde8240668606d4d97,False,2026-07-29 14:08:46.694686+00:00
V4-W-00003-S2026072903-R25-Q6,18592,0xe43b44721c9b7a4d178ff23e9834bd7018b3717b6a42be1cac44ad678a869123,False,2026-07-29 14:08:46.907087+00:00
V4-W-00017-S2026072902-R25-Q1,18457,0xeb517a44b072a99ef4dfd9e690398c8238e07f2650944a11183ea6777b01b4f3,False,2026-07-29 14:08:49.566067+00:00
V4-W-00004-S2026072903-R25-Q0,18413,0xe6a8422c0beea8d6d8a9efb30df281b4be12008258cb1b5cd4fb800779ab2560,False,2026-07-29 14:08:54.947465+00:00
V4-W-00004-S2026072903-R25-Q5,18414,0x46e05c30d02c9405a83d19e7ce6bd97f68432c3848d171ac252d783cb8c822f0,False,2026-07-29 14:08:55.242587+00:00
V4-W-00008-S2026072903-R25-Q4,18494,0x805186e0ab346604532659a4bb0aa6dd9fb1e847b36f2722e54e004442c4bcf7,False,2026-07-29 14:08:57.942698+00:00
V4-W-00008-S2026072903-R25-Q7,18770,0x9ce4f1dc5128f19b0d8e8d246171d37ee7304914d36ce90ec0debc67c821400e,False,2026-07-29 14:08:58.126282+00:00
V4-W-00012-S2026072902-R25-Q3,18621,0x4904896735a7041cdbbaec6e48ca5ec658135ce847b595db351ccbefea1bc2fb,False,2026-07-29 14:09:00.645768+00:00
V4-W-00014-S2026072902-R25-Q0,18508,0xf41a2cb8cc94b2a92f8a52c6f758c6b4bd202f176ca0e88d77b551811d565a2f,False,2026-07-29 14:09:03.553839+00:00
V4-W-00014-S2026072902-R25-Q5,18577,0x0ab167aecade6a415a39f71f39b94c2265a5951fa1dd020520918b73c5bd90c5,False,2026-07-29 14:09:03.661922+00:00
V4-W-00006-S2026072903-R25-Q2,18529,0x72c4980122756a5cdbeecaa717b4487cfa87e50918997e694a0cd667fd31ea33,False,2026-07-29 14:09:14.714779+00:00
V4-W-00006-S2026072903-R25-Q7,18424,0x5836f2457bb120e352922d57cba5f7e9b563a8dc2b42eb2bfeb4ec4eff357d3e,False,2026-07-29 14:09:15.081867+00:00
V4-W-00023-S2026072902-R25-Q3,18425,0x684d3f4e21cb65386c4ab08a2d803b0b884e6d87e22e02da8b6513b454055357,False,2026-07-29 14:09:17.705544+00:00
V4-W-00007-S2026072901-R25-Q1,18426,0x453e2602b1ec3e344934e5d46f1ac6453d475c1ce775cdf899ebd01323c0bfd2,False,2026-07-29 14:09:20.218333+00:00
V4-W-00007-S2026072901-R25-Q6,18578,0xc75bb28a20c46bc7fa0bab504e94e185b82f62b4625d19a831cf60c9f941dc82,False,2026-07-29 14:09:20.511808+00:00
V4-W-00020-S2026072901-R25-Q7,18778,0x41d8201adabf87871f4e6351246f299a520f6dd22aaaa2a8df91eb99a14f5462,False,2026-07-29 14:09:23.107181+00:00
V4-W-00020-S2026072901-R25-Q0,18428,0x94745d423acba8e48c87e66e8cb18d84903f81584754365914bc42249fff516e,False,2026-07-29 14:09:23.350364+00:00
V4-W-00004-S2026072901-R25-Q4,18503,0xe314e8a0f1f7256353271519510cfe8d26d84f0141a37744a08ec0bb7b4b5f6d,False,2026-07-29 14:09:25.986065+00:00
V4-W-00026-S2026072903-R25-Q7,18510,0x26f86646a2c6cce8f31efef06363219ddfbf215b0e20e32da7cd7b003c8b61b7,False,2026-07-29 14:09:31.482571+00:00
V4-W-00026-S2026072903-R25-Q0,18511,0x2f3e2d0a465a367288691cd587621c79bf515a08079b2c87a03c9854240787d9,False,2026-07-29 14:09:31.592834+00:00
V4-W-00009-S2026072903-R25-Q2,18522,0x1ae5ff6f6296128595fecdfba47dd87f89ac5ad8f2e51bb67d2a04d45d4d24af,False,2026-07-29 14:09:34.195587+00:00
V4-W-00009-S2026072903-R25-Q7,18433,0xb704511ba2912bc212d39c661f0643bbd2fca071242decfa9851daccdda44655,False,2026-07-29 14:09:34.474867+00:00
V4-W-00001-S2026072903-R25-Q2,18655,0x6be67740e785ceb2bc6c252c08017e5e4dabc199c18e567c60f839ed8721235f,False,2026-07-29 14:09:39.948727+00:00
V4-W-00024-S2026072901-R25-Q1,18437,0xecd7ceb785a0bccf786ae20f3bc9d2e4297403702c7fd315ee68adf7c6625b1b,False,2026-07-29 14:09:42.471804+00:00
V4-W-00024-S2026072901-R25-Q6,18484,0x432086dbf8a7bf41bb5ec7d57212df518b758e88d287877a322f3d749c365141,False,2026-07-29 14:09:42.780318+00:00
V4-W-00007-S2026072903-R25-Q2,18777,0x8db8f8dc26d4b70715049c36623e8969f8e74922ea52b535ce01f269e218b481,False,2026-07-29 14:09:48.194687+00:00
V4-W-00007-S2026072903-R25-Q6,18777,0x8db8f8dc26d4b70715049c36623e8969f8e74922ea52b535ce01f269e218b481,False,2026-07-29 14:09:48.423193+00:00
V4-W-00025-S2026072903-R25-Q5,18456,0x99413a79eae08d1aa1396d5eb980bf37864082159623e39c3563bb84b228fee6,False,2026-07-29 14:09:56.636959+00:00
V4-W-00022-S2026072903-R25-Q1,18742,0x47f2c90b3984dde86bbff980e6f5ec913b22714f66c53a485e18050290cf646c,False,2026-07-29 14:10:16.082890+00:00
V4-W-00022-S2026072903-R25-Q5,18742,0x47f2c90b3984dde86bbff980e6f5ec913b22714f66c53a485e18050290cf646c,False,2026-07-29 14:10:16.310853+00:00
V4-W-00019-S2026072902-R25-Q0,18644,0x7442ed512378ec9001924fff0a1204a24b664be2f2a9a23e816753b1afade913,False,2026-07-29 14:10:32.526769+00:00
V4-W-00019-S2026072902-R25-Q6,18768,0x664bb650f1571e5f48d824493f785f731c2e7c447b4cecf201cf9c6c4db69ae6,False,2026-07-29 14:10:32.747526+00:00
V4-W-00015-S2026072903-R25-Q4,18750,0x463c6b7c42113f2cc42475eac2e8b0834ba0c92fabb5a7b4693e10a482affa1e,False,2026-07-29 14:10:35.298907+00:00
V4-W-00016-S2026072901-R25-Q1,18756,0xdd8f44fa63b5a9c42617ff3da9f8ebb43b1188c6ddd521dff756e303f4bde0cb,False,2026-07-29 14:10:37.991843+00:00
V4-W-00016-S2026072901-R25-Q5,18609,0x110db1946d4b8378cce9b6359c0ac925820fe2a2f3cc3f91076950e816841de2,False,2026-07-29 14:10:38.220036+00:00
V4-W-00000-S2026072903-R25-Q3,18468,0xabe764aace636e11710112d53ed6873cfcfa74acd32d3b6a505efe3ce9847751,False,2026-07-29 14:10:43.541827+00:00
V4-W-00003-S2026072901-R25-Q0,18705,0x4f7d380c80d24bc5bd95ecef55abc6d86030ef3ce3514acabdba630ac4873e98,False,2026-07-29 14:10:46.162635+00:00
V4-W-00003-S2026072901-R25-Q4,18560,0x9c5d8ed26dc2f2ade938c73c065ea334a4f0a85a1c4cc8d26628f2ed55c5e02f,False,2026-07-29 14:10:46.370103+00:00
V4-W-00026-S2026072902-R25-Q6,18746,0x8b5b53b582a4f8ed5dac48f9682ea2740b090c67c5307ea5ec293df8924c6673,False,2026-07-29 14:10:54.394471+00:00
V4-W-00026-S2026072902-R25-Q7,18555,0xe6f6389050053d42a49e7a3c3337d46fb4cb4d6acb614383e34489764052d28a,False,2026-07-29 14:10:54.643486+00:00
V4-W-00013-S2026072901-R25-Q2,18673,0x5690268a5962156aee67d93ed7fb3434453d31cecc33f55b2b92653812f06821,False,2026-07-29 14:11:00.060736+00:00
V4-W-00017-S2026072901-R25-Q0,18739,0x9060705fe62f4d4d1b6ba8b04b22f565b5df728c3a306eeac83f9add3a63953b,False,2026-07-29 14:11:02.568914+00:00
V4-W-00017-S2026072901-R25-Q7,18665,0x6ea7c5d198708539c45e69f2eb8ce83b92985b00fd4864cc97cb44a9c14690dc,False,2026-07-29 14:11:02.874385+00:00
V4-W-00021-S2026072901-R25-Q1,18479,0xfd1dcc8fd49cea7f91fc656880886edc626d263281ff467905d2784424a1d95e,False,2026-07-29 14:11:05.396237+00:00
V4-W-00021-S2026072901-R25-Q6,18732,0x1267d4c53dc5b668e4c1fd13d7a72de8092d519b7dce45b3e87c3b8f8ea3bcb1,False,2026-07-29 14:11:05.686673+00:00
V4-W-00024-S2026072902-R25-Q3,18687,0x09b21118bb17a396ffd290af390832fdbbbdd37f024bfb482975c49ef5cdc511,False,2026-07-29 14:11:10.931173+00:00
V4-W-00026-S2026072901-R25-Q0,18736,0xd63a013d98aafc93b46527751af00e56482c95aa9541046b8f2b60933140d992,False,2026-07-29 14:11:21.719483+00:00
V4-W-00026-S2026072901-R25-Q4,18581,0xdaee90ba4d5b3fcec6dfb0e3e2aeb4b8cbd46e50a77d373b6a1faa63da859ce5,False,2026-07-29 14:11:22.123628+00:00
V4-W-00012-S2026072901-R25-Q2,18643,0x621050ff4f4147a781bcb0d68ccf9df2598ab7df5fca4ed73f1e9b1e06cbe791,False,2026-07-29 14:11:32.804710+00:00
V4-W-00012-S2026072901-R25-Q6,18715,0x8780ea0770af48a50fb7cf37b69fd7cf3e6e0a3851c9489eb1f467828b1ec7ab,False,2026-07-29 14:11:33.076777+00:00
V4-W-00002-S2026072903-R25-Q3,18499,0x5070feffbd4d425e5ae35c4080403bff7198bc09a5cd941040115910608ddfdc,False,2026-07-29 14:11:46.772070+00:00
V4-W-00015-S2026072901-R25-Q0,18722,0x431d10977183bdce1ea9352d0cbbe1f1c313e3dfb46ec4cb18d7a9d500aace71,False,2026-07-29 14:12:22.696712+00:00
V4-W-00015-S2026072901-R25-Q5,18743,0x008651d095d2e3a04c002f6d16999ef13fe0e536d0e3dfe8acbcd71c438dc11d,False,2026-07-29 14:12:22.970052+00:00
V4-W-00011-S2026072902-R25-Q7,18524,0xe5612d679a1f4ae738a14dec9a0f95b24cfee46d42dbf779e0e8c43f9728b3b3,False,2026-07-29 14:12:36.945142+00:00
V4-W-00011-S2026072902-R25-Q6,18632,0x8340645105289054229168b1a166aee326a528d5dd75756e7d95b49bcdfb56ae,False,2026-07-29 14:12:37.107848+00:00
V4-W-00007-S2026072902-R25-Q0,18593,0x1da7d4882cae4d3136aaa6fab2755a888b97112c0980d45b3f611c0d62d4c001,False,2026-07-29 14:12:39.731088+00:00
V4-W-00019-S2026072901-R25-Q3,18646,0x58d6cead22b5c5e09f94bb31b124b61d64896e13f926227e62423eebb29cbc2f,False,2026-07-29 14:12:59.124311+00:00
V4-W-00019-S2026072901-R25-Q7,18685,0x5f0b5ea29f3edd3a9d4cec9f34ee5229cb14cc198c3c492ffc9669f452c716eb,False,2026-07-29 14:12:59.465587+00:00
V4-W-00004-S2026072902-R25-Q2,18700,0xe0616b0e5a836602dbc109bebae16fe8ae39aba010fbaa150347a6fffda028c7,False,2026-07-29 14:13:07.703915+00:00
V4-W-00004-S2026072902-R25-Q7,18540,0xaca3c03f76df75a249d3562b963cbae028532a4c836ca1d50efa1595ab4790f7,False,2026-07-29 14:13:07.922583+00:00
V4-W-00002-S2026072902-R25-Q3,18557,0x39ae7936301a52ee8dd98c234b7d94e10898473e4aaa85ce0804af3bd9c0a841,False,2026-07-29 14:13:42.035746+00:00
V4-W-00023-S2026072903-R25-Q5,18694,0x98258808f00ea87845770744f08cdb731c9aa69ecb3030105a5a6a5d9e7695a7,False,2026-07-29 14:14:45.995465+00:00
V4-W-00023-S2026072903-R25-Q4,18589,0xe052e21ca73469a8c134e3d97515a3e5ddc6208056cd341c8dcd87a3582de020,False,2026-07-29 14:14:46.107256+00:00
V4-W-00008-S2026072902-R25-Q3,18717,0x77cd2fad96a297ccbfb0a308c58a7aa7a842d4fb4b032a94c98fddf0292ec15b,False,2026-07-29 14:16:09.493627+00:00
V4-W-00008-S2026072902-R25-Q4,18717,0x77cd2fad96a297ccbfb0a308c58a7aa7a842d4fb4b032a94c98fddf0292ec15b,False,2026-07-29 14:16:09.697053+00:00
V4-W-00014-S2026072901-R25-Q1,18653,0x26a9449815b5825af13137b04749f2878a2c0033c1f72fac8021044342deea2e,False,2026-07-29 14:16:53.716971+00:00
V4-W-00020-S2026072903-R26-Q6,19142,0x16f397a6a324c9a10c9b3373fa631fe314c0e2edb7b414f8ab7791e483180c82,False,2026-07-29 14:21:15.040455+00:00
V4-W-00020-S2026072903-R26-Q4,19079,0x58f51a8e04fe4574556f575e80ad1451674ea1f6dfee1b851c2d119b59e774d6,False,2026-07-29 14:21:15.280954+00:00
V4-W-00016-S2026072902-R26-Q3,19073,0xd65bbffba7f6f76bdddc6368a5d947715d11779e8ed725bd09b3004197fa67a8,False,2026-07-29 14:21:17.870682+00:00
V4-W-00016-S2026072902-R26-Q5,18967,0xbbd9155d059cbebe06eef34ba7028e8949cb8708015709504104b3b6ab0a10bb,False,2026-07-29 14:21:18.087972+00:00
V4-W-00005-S2026072901-R26-Q2,19089,0x68d89e551668921e7bad46c6a69a674efad53f161b80e8d96b28e5fb142055d4,False,2026-07-29 14:21:20.760161+00:00
V4-W-00001-S2026072901-R26-Q3,19037,0xd8a523766f14478731f8713a0b318b5bc83b2b1cd7cbad9c114744cd55f4d46f,False,2026-07-29 14:21:23.299348+00:00
V4-W-00001-S2026072901-R26-Q6,18788,0x243de783bb140b5f4bd2fdad583ff2dbb5305c7269633665326237b08772e130,False,2026-07-29 14:21:23.633575+00:00
V4-W-00018-S2026072903-R26-Q2,18789,0x175772a6751022736b4e5ad1c8a30bcecb33408916dbf146eaa4c8c6e0a0ab7c,False,2026-07-29 14:21:26.122504+00:00
V4-W-00018-S2026072903-R26-Q7,19064,0xd30db658f60f65b48756f791261b9508739f3a0c8de62a8866f771e2ee691cb1,False,2026-07-29 14:21:26.383916+00:00
V4-W-00026-S2026072902-R26-Q6,18790,0xf35191b6298985c5c3dc3e8b767abd7adce80b2eb290bf195ee75d8f4aa6ecf1,False,2026-07-29 14:21:29.135080+00:00
V4-W-00018-S2026072901-R26-Q1,18811,0x8a4d88b7d41c364d35dd8d61d4cb2a886f0b49d4f46215a73435370f3665034b,False,2026-07-29 14:21:31.626936+00:00
V4-W-00018-S2026072901-R26-Q6,19206,0x73b87f8e64263ea293a10bd62a168243e6d1aae0ce991dde9ba10a1bad2c4da6,False,2026-07-29 14:21:31.903958+00:00
V4-W-00004-S2026072903-R26-Q4,18793,0xe29a54e30cd70c8aea3440beed691166b8ca37d38fbe8755ce7f4f10b1af6a27,False,2026-07-29 14:21:34.629935+00:00
V4-W-00004-S2026072903-R26-Q7,18834,0x0cf1b8f79c41445bdca3089acbbeed50026cb7eba33dd01651c2a1a85878f257,False,2026-07-29 14:21:34.747105+00:00
V4-W-00019-S2026072902-R26-Q5,18830,0xef8af5c0e0bbebf6ca6742610df4bf434de2c77e734fa3b142c0e771b4d2585e,False,2026-07-29 14:21:37.355790+00:00
V4-W-00022-S2026072903-R26-Q3,18796,0xa4686eb4c328dd8c1676ae999657c88c66cdd4c8a1466c24f98621afc97621b1,False,2026-07-29 14:21:40.107307+00:00
V4-W-00022-S2026072903-R26-Q6,18893,0x9b1d61746b8e4b63f9410ba120a0a3800267a5891c3ef55cb4b457d2eff27914,False,2026-07-29 14:21:40.278803+00:00
V4-W-00019-S2026072901-R26-Q3,18884,0x3c8cff0cf42afb235d5888c67291b0c6add8d1aa9d2a48433c1dbba4f2fd3463,False,2026-07-29 14:21:42.883799+00:00
V4-W-00024-S2026072902-R26-Q0,18799,0x1a9930ff49a1bc9d0c860a5922ec12ebcfbcd2c1396c5959f82e2432566664a0,False,2026-07-29 14:21:45.497189+00:00
V4-W-00024-S2026072902-R26-Q4,18799,0x1a9930ff49a1bc9d0c860a5922ec12ebcfbcd2c1396c5959f82e2432566664a0,False,2026-07-29 14:21:45.772766+00:00
V4-W-00010-S2026072901-R26-Q3,19041,0xf94d458a0fa825d8fa0f776e03eeb9138e9c0161a3c68e95d29cb2d4c6baceb9,False,2026-07-29 14:21:48.338455+00:00
V4-W-00010-S2026072901-R26-Q6,19030,0x45e9b9773c1ae3eab8cb3eef228fc019903d8c4a195899dadf61e8732971a112,False,2026-07-29 14:21:48.672305+00:00
V4-W-00025-S2026072901-R26-Q3,18802,0xa6875634e19363af79113151b0cf7cc70fefeec39b6de2d135a47026a2a9c851,False,2026-07-29 14:21:51.308098+00:00
V4-W-00023-S2026072901-R26-Q2,18803,0xbfa52bb8518c9a312ff0e3e340b41118b7b2726660590cb18a09e93062da448b,False,2026-07-29 14:21:53.881274+00:00
V4-W-00023-S2026072901-R26-Q5,18803,0xbfa52bb8518c9a312ff0e3e340b41118b7b2726660590cb18a09e93062da448b,False,2026-07-29 14:21:54.194032+00:00
V4-W-00021-S2026072903-R26-Q1,18804,0x9f34c62efd070f5e1eb4decba9f87e92403090e32aa4a5862bb568cec9291f9d,False,2026-07-29 14:21:56.730870+00:00
V4-W-00021-S2026072903-R26-Q6,18901,0x238dfd701a3aa04cdd380105ada7f4f063dad50736d9c3196ba6fcec043349ad,False,2026-07-29 14:21:57.029512+00:00
V4-W-00024-S2026072901-R26-Q3,19134,0x570821a7ee185f6689f16eb2d2112a1243e1ac163a41c5387e7e5f795b9a7444,False,2026-07-29 14:21:59.570426+00:00
V4-W-00011-S2026072903-R26-Q2,19219,0x0460fe71809a2e1c4bd1ed8cd7285a02c817cce20eb40226f925113c43ec1b91,False,2026-07-29 14:22:02.254884+00:00
V4-W-00011-S2026072903-R26-Q3,18942,0x6246bc9c44f232a149abeb3a0a7ac21eba9fdd71b6e03bde75d48f07a64a6af7,False,2026-07-29 14:22:02.545391+00:00
V4-W-00015-S2026072901-R26-Q2,18982,0xf135b9dd4416510bb61e55d2fce04d63859a03310a7efca7e6d23317c7c480ea,False,2026-07-29 14:22:05.147805+00:00
V4-W-00015-S2026072901-R26-Q6,18809,0x62e6b8d9df33de233f0537d520694dac304a9d185473d0e380879cefc8f32a02,False,2026-07-29 14:22:05.415537+00:00
V4-W-00003-S2026072903-R26-Q3,19053,0xcbd22bdf2bbcede32aa809b7340bd6f808fcd83ca739b0c9e89fc5bb82037b14,False,2026-07-29 14:22:08.035521+00:00
V4-W-00020-S2026072902-R26-Q4,18813,0xbcfa31b4b9ecb352fbaa00c0e1ad3ea4c2db9b958818584b40ea541335d96272,False,2026-07-29 14:22:13.509040+00:00
V4-W-00020-S2026072902-R26-Q5,19054,0x0c4abd9c0cb4fe1ab465e9d62ca6757c3f1c8c283d21b2fae5fd3de877548a72,False,2026-07-29 14:22:13.805789+00:00
V4-W-00011-S2026072902-R26-Q5,19122,0x9da03f1ee2592245278b6108728a09025f2d33d7059442667f0fe418d6c79308,False,2026-07-29 14:22:16.428944+00:00
V4-W-00011-S2026072902-R26-Q7,18814,0x777a5a4c1acccfa446c073b81cd018d2f33d2dc49e4bc40165b876adb9827964,False,2026-07-29 14:22:16.595609+00:00
V4-W-00000-S2026072901-R26-Q3,18821,0x18d08a21f9988cae3357259c1a651be2c77a434659874230bdc4fe01d279ee5b,False,2026-07-29 14:22:19.260808+00:00
V4-W-00019-S2026072903-R26-Q3,19226,0x5747d93dd5a971c8cc8b0e7eb1388b6886bebf46d276bc585884e4acfe8a032e,False,2026-07-29 14:22:21.963780+00:00
V4-W-00019-S2026072903-R26-Q2,18817,0x9fd278599e116d69fd1507ef9db2b2e80eadb0f6f854cd7a35ac541b80b296c8,False,2026-07-29 14:22:22.205357+00:00
V4-W-00012-S2026072901-R26-Q2,18820,0xb1662d4744ecdbdc522961c8886b505328a7c619e116b4badfa669074b8b147c,False,2026-07-29 14:22:27.522130+00:00
V4-W-00012-S2026072901-R26-Q7,19065,0xf74c87ae6474fc1659932750b96b48f4ef3f27cfeedef4b53df006e2cacdec0b,False,2026-07-29 14:22:27.866155+00:00
V4-W-00013-S2026072902-R26-Q7,19104,0x34a658ea18a5aa04c930c65ccbcf5469ac8b48f2184fd49979d7b975b53d42a0,False,2026-07-29 14:22:33.385839+00:00
V4-W-00001-S2026072902-R26-Q1,18870,0xfe91a031ebafec19986d510d83420cac2fde3e300caf69a15b9720d6939f57fb,False,2026-07-29 14:22:35.819778+00:00
V4-W-00001-S2026072902-R26-Q5,18851,0x0a0840c5143950b9b7281d5e61c9ac66f5b9cf918a021047e00411451cef51c9,False,2026-07-29 14:22:36.149258+00:00
V4-W-00014-S2026072903-R26-Q2,18827,0xd836f463d14ade3e087b4100a802ec4929277565205c6cb0020ff8782f58e031,False,2026-07-29 14:22:41.611990+00:00
V4-W-00014-S2026072903-R26-Q7,18946,0xd791520e480973c82ab44c0ce133232b6dbfa053d29ffe98436b53b3390374f0,False,2026-07-29 14:22:41.788483+00:00
V4-W-00012-S2026072903-R26-Q4,18891,0x8ef54596f5193803177574430883a419289e3477a760b8e52c3b938f84364b5e,False,2026-07-29 14:22:44.395934+00:00
V4-W-00026-S2026072901-R26-Q2,18831,0x085af4d80c536809dec9e022b83ca1ebf6b0310cd2dd6479a8401026976a97e7,False,2026-07-29 14:22:49.968611+00:00
V4-W-00026-S2026072901-R26-Q1,18845,0x95452b2f67c609aaa38d1b216edca19d5405b0a700ae5c87a87ec971ac0d5716,False,2026-07-29 14:22:50.157982+00:00
V4-W-00003-S2026072902-R26-Q2,19231,0x9643345a325a6409204b49ee2b5e9ec13c31957721ef06378b006f57d0d2b7c6,False,2026-07-29 14:22:52.658203+00:00
V4-W-00003-S2026072902-R26-Q7,18832,0x5efc34ac9d7633d8911012a2d19ecf974c8f579631b6bc7f49c09546c47829aa,False,2026-07-29 14:22:52.951200+00:00
V4-W-00002-S2026072902-R26-Q7,19126,0xc65f3b1020ca58f42e18dc2b240c7296b5fb266a0389f0a5f17f98ea029aab5e,False,2026-07-29 14:22:58.367498+00:00
V4-W-00010-S2026072902-R26-Q3,18836,0xc0c90bfce4a80e550b4b9ae375bf490aeb0406f2b41b275aa5577838bbe5cdab,False,2026-07-29 14:23:00.991105+00:00
V4-W-00010-S2026072902-R26-Q5,19115,0x22626c00dff6aa9edff5bff70e8f24f1331213f23f75ec4265364e55abeb796f,False,2026-07-29 14:23:01.226552+00:00
V4-W-00005-S2026072902-R26-Q3,19166,0x92eb998656b8de6a5b443487e60e7a102e634636f7f5a6593084522bebbd1e4a,False,2026-07-29 14:23:06.734633+00:00
V4-W-00005-S2026072902-R26-Q1,19166,0x92eb998656b8de6a5b443487e60e7a102e634636f7f5a6593084522bebbd1e4a,False,2026-07-29 14:23:06.880799+00:00
V4-W-00023-S2026072902-R26-Q5,18911,0xf527ae5b7217f6be4d7c9803ee6125c066434eadf5553c04888045958061ece6,False,2026-07-29 14:23:09.517125+00:00
V4-W-00008-S2026072901-R26-Q3,19049,0xe184cf92b9ba1d7b7c0e4627a0006901b16001445269fbad59060935eb641d48,False,2026-07-29 14:23:12.108062+00:00
V4-W-00008-S2026072901-R26-Q2,19026,0x57b1ee937db3db339526d2b35010ea17f0b785443dd6200fe6792d5a6dd6ed90,False,2026-07-29 14:23:12.404147+00:00
V4-W-00023-S2026072903-R26-Q3,18846,0xf313ab1dd0ffe953ba71907373ebee25ca518002b7bb08a8b38168c2321b2451,False,2026-07-29 14:23:21.003380+00:00
V4-W-00023-S2026072903-R26-Q2,19154,0x8cc8e0fd69745aff2c6cb83b9e47160a4593ee32068a162d71b5c742230af77e,False,2026-07-29 14:23:21.151979+00:00
V4-W-00022-S2026072901-R26-Q7,19112,0x670c2e7e756fa6f004a2759c3ab5645f49fc421c0a27706170629558863d9751,False,2026-07-29 14:23:23.876714+00:00
V4-W-00024-S2026072903-R26-Q1,18849,0x73b72d54ade7c2f5fd6d938bb62be6168d16fc1aab76ee61c0440bb82fd1aaf3,False,2026-07-29 14:23:26.329744+00:00
V4-W-00024-S2026072903-R26-Q6,18849,0x73b72d54ade7c2f5fd6d938bb62be6168d16fc1aab76ee61c0440bb82fd1aaf3,False,2026-07-29 14:23:26.637071+00:00
V4-W-00017-S2026072902-R26-Q6,18985,0xaae000aeea5bf70fad546cba59248d627c1a55472ad20bd87990f578d32f097c,False,2026-07-29 14:23:32.113498+00:00
V4-W-00014-S2026072902-R26-Q2,19159,0x64ce1bebce8ecf6d3b62fbd79cdfe00c613703ee58bb6eb3cf2e57e357b59488,False,2026-07-29 14:23:37.524825+00:00
V4-W-00014-S2026072902-R26-Q5,18855,0xc44bdd222bfd83681c36618d43010a036aaa9edfadc73f2def86615776ed648f,False,2026-07-29 14:23:37.680447+00:00
V4-W-00009-S2026072903-R26-Q1,19120,0x29325b0baea58318c271813a870c27294bf4c0280c04cc80d65a41f16dcc06d3,False,2026-07-29 14:23:40.163158+00:00
V4-W-00009-S2026072903-R26-Q6,19121,0x8c7b6e4771aed35ae5863bca38664773b2e89bf5a1804ddd015ca29940b7cbcb,False,2026-07-29 14:23:40.441826+00:00
V4-W-00002-S2026072901-R26-Q6,18860,0x907bfe9dfb2c8c0ca9af70be26dd3b6b6c5066dd35d7cead683fce47f241559d,False,2026-07-29 14:23:48.624609+00:00
V4-W-00020-S2026072901-R26-Q2,18960,0x59bfa751ca00523f5e6e674b8d7f7b6c7a3af1aa5a17279ab6ef022a2a306e5c,False,2026-07-29 14:23:51.333851+00:00
V4-W-00020-S2026072901-R26-Q7,18862,0xa6ce05d6dd0ac60811d52a252511d6601b06aa9dbf08901998b291ec45b2a724,False,2026-07-29 14:23:51.652875+00:00
V4-W-00007-S2026072903-R26-Q2,18864,0x9311ce916230e72677a8fe073294f187626aa3950c46adafb3d53ff56bffc2aa,False,2026-07-29 14:23:56.960619+00:00
V4-W-00007-S2026072903-R26-Q7,19116,0x46c945fff0176556b118dee160a6931ffcf71150104b3fe485a695dae07708fc,False,2026-07-29 14:23:57.225408+00:00
V4-W-00014-S2026072901-R26-Q1,18866,0xb9814c9e7288adda768c2247f0706e5a7a65eb8efc364bee6d51625e59cfe460,False,2026-07-29 14:23:59.881212+00:00
V4-W-00007-S2026072901-R26-Q0,18867,0xf72079882854ba4c88c0475e53c992e6b15a690c36dde9d263ffb9f851e1de27,False,2026-07-29 14:24:02.534816+00:00
V4-W-00007-S2026072901-R26-Q7,19228,0x0668fc274d4f5807800275632ea62a3a3d9d9e2be62b745dd0199b01bc507801,False,2026-07-29 14:24:02.733640+00:00
V4-W-00013-S2026072901-R26-Q0,19130,0x44918a60a01e9a5f8598c2e5e8891b562e6448f43c0d7e2dbb3c8a82ce646185,False,2026-07-29 14:24:11.113652+00:00
V4-W-00013-S2026072901-R26-Q6,18916,0x53399d53dfdb6e2bdfeda8bb7a38ad5f3e3e8a4dff9490f48eb5aa0837464870,False,2026-07-29 14:24:11.383015+00:00
V4-W-00011-S2026072901-R26-Q3,19196,0x3da0af24f1af5984c662f3c156fd24fad62a150a740cb1b9e151acc5b5f010e3,False,2026-07-29 14:24:14.075663+00:00
V4-W-00003-S2026072901-R26-Q0,18880,0x5e373cd3cb051486a5e04dd9e074a8eb8f633d832b5287c488013bb5f4b96828,False,2026-07-29 14:24:27.590620+00:00
V4-W-00003-S2026072901-R26-Q5,19043,0x77c8b8956a82ddf4d4126bec8e4c90d0937e1dd3037d2eac5b80ed151158b242,False,2026-07-29 14:24:27.868676+00:00
V4-W-00004-S2026072901-R26-Q0,18913,0xc5362e302e727578685169355955feb3eccce567dd96747485efedec839006e3,False,2026-07-29 14:24:44.524860+00:00
V4-W-00004-S2026072901-R26-Q7,18888,0xc02434fcec310daf381bb9d375cc67d49aab3a19439e52c13b05f7b7bce9b80e,False,2026-07-29 14:24:44.791184+00:00
V4-W-00008-S2026072902-R26-Q2,19189,0xe16a9245108a3aff66f5372d2c94431b0d9d64c479777e217ee5c04167a446f3,False,2026-07-29 14:24:47.529100+00:00
V4-W-00006-S2026072903-R26-Q0,19087,0xcfce7cbd653289771610201cc0808e52bc089c06ff4096c6e35bd52c86a82285,False,2026-07-29 14:24:55.609224+00:00
V4-W-00006-S2026072903-R26-Q5,18894,0xed76120120a8b08db0baaa4112993b0249b9499a0185c92e2b08e4105a292f4a,False,2026-07-29 14:24:55.887268+00:00
V4-W-00007-S2026072902-R26-Q2,19040,0x2395a1c718d17de71a52b622326ee36a86f98fd8dc0df27750ecbc2fbd34629d,False,2026-07-29 14:25:01.363764+00:00
V4-W-00007-S2026072902-R26-Q7,18897,0x0c25611e09041be835e9a0969952f15ed5b794ec427096080267f7cab1cf542b,False,2026-07-29 14:25:01.598891+00:00
V4-W-00021-S2026072902-R26-Q4,19223,0x3faf4477f93ce58d41224d2324bc5f273962a1fdc2d4121e58a1141c1a1e963f,False,2026-07-29 14:25:15.422789+00:00
V4-W-00010-S2026072903-R26-Q0,18905,0x00a84da322a99300d57a8261c7c4822b4f643f08f7d3686f258cf4e11a2ce85e,False,2026-07-29 14:25:17.910247+00:00
V4-W-00010-S2026072903-R26-Q5,18977,0x34d1acc0a3a287d9e3746e4b8c9981105ef68d791d2c7378b5601bbcb7783b13,False,2026-07-29 14:25:18.273862+00:00
V4-W-00012-S2026072902-R26-Q2,18908,0xbcc7de49c022ef43851b0004b587279e9aad54e0c31183347dc88e74bc12d43e,False,2026-07-29 14:25:23.868143+00:00
V4-W-00012-S2026072902-R26-Q7,19234,0x288c6e933d3b79a1cd62da8fd9915a87d4298890dac22e32fa1bfd52c5f077b8,False,2026-07-29 14:25:24.168708+00:00
V4-W-00022-S2026072902-R26-Q4,19170,0x7046d5cb4dd226ba5ed6d117770c31020db38d033d1776d09a944f4a37835a25,False,2026-07-29 14:25:38.075423+00:00
V4-W-00026-S2026072903-R26-Q0,19093,0xca5abc1a278b0d57dec6fdae4f5d792b40fa5f29e4c51b1c14242b4d79dc7a89,False,2026-07-29 14:25:43.575149+00:00
V4-W-00026-S2026072903-R26-Q6,19009,0xb9cfe9aba1817d637b14d6d134ff7a6fed02bd3e926d16077db0b92d37619b1a,False,2026-07-29 14:25:43.795178+00:00
V4-W-00005-S2026072903-R26-Q3,19197,0x03349373e4f563278154faf43c142e57aac22b420c450299be50ae773a48871c,False,2026-07-29 14:25:46.378689+00:00
V4-W-00005-S2026072903-R26-Q4,19197,0x03349373e4f563278154faf43c142e57aac22b420c450299be50ae773a48871c,False,2026-07-29 14:25:46.580935+00:00
V4-W-00002-S2026072903-R26-Q6,18921,0x35c20227651b843c1a9c70207dd41d38610f69974a37c57bcb7d9bb3d8552007,False,2026-07-29 14:25:49.299607+00:00
V4-W-00015-S2026072903-R26-Q1,19214,0xe91589a36c9eba179f30b3af2c9c8facdf6c693a2987d0850c903d337a01ce5b,False,2026-07-29 14:25:51.860587+00:00
V4-W-00015-S2026072903-R26-Q6,18975,0x1192ea8c9b76bea1aa58edca2ea9a84b0ad1bac15e772c7338fdfaa034f823f2,False,2026-07-29 14:25:52.129559+00:00
V4-W-00018-S2026072902-R26-Q2,19090,0x80980b2d7be67ee7982fc3b7b4d32f9bbcd251b6511987d1adae5b10021d3baf,False,2026-07-29 14:25:57.519481+00:00
V4-W-00018-S2026072902-R26-Q7,19090,0x80980b2d7be67ee7982fc3b7b4d32f9bbcd251b6511987d1adae5b10021d3baf,False,2026-07-29 14:25:57.783932+00:00
V4-W-00006-S2026072902-R26-Q4,18926,0x2d3d52227f17dcd7a23ab44b885a0320cd8fa8a1d67c1acd8e47bf1766855055,False,2026-07-29 14:26:00.422168+00:00
V4-W-00015-S2026072902-R26-Q1,18929,0x9a4ff206621ce0c419e2e4b37dbd2d318092e8cb9c1bcf9a139730c1fcb80725,False,2026-07-29 14:26:05.823839+00:00
V4-W-00015-S2026072902-R26-Q6,18929,0x9a4ff206621ce0c419e2e4b37dbd2d318092e8cb9c1bcf9a139730c1fcb80725,False,2026-07-29 14:26:06.095238+00:00
V4-W-00016-S2026072903-R26-Q4,19160,0xe8c4f53c6d367a49ecd06d82f1ef7c4682b29b052d72997549ace94ea4fbc9f1,False,2026-07-29 14:26:11.644542+00:00
V4-W-00016-S2026072903-R26-Q7,19213,0x5add82e187479439af33c458e45338a251c2df6ecc2dfe14f47b17092d698177,False,2026-07-29 14:26:11.776659+00:00
V4-W-00025-S2026072902-R26-Q4,19164,0xe9d4a2da400df21d514442659dfd3e8b72c4daa11dcf65577cd6bb6634abc1c4,False,2026-07-29 14:26:17.280925+00:00
V4-W-00006-S2026072901-R26-Q1,18950,0xf66c5e14f5c95fa55b08d3e1fe11a85bd7bd24d26886db5cd09d765dd2fcd0d1,False,2026-07-29 14:26:22.619640+00:00
V4-W-00006-S2026072901-R26-Q6,19072,0xe8bd55f7ea26564d7f33064de972625c4f94378d241bfc46b692c88fec729170,False,2026-07-29 14:26:22.922852+00:00
V4-W-00004-S2026072902-R26-Q4,19151,0x95efffb579f9b60e2defd33c9cd1769ccc70a06fd4582fbb7a6610da8d06e530,False,2026-07-29 14:26:25.617406+00:00
V4-W-00009-S2026072902-R26-Q0,19188,0xfb162b558f44c0d93ab0264cd7847838029759bdc95d29effa969fafec93b619,False,2026-07-29 14:26:28.047711+00:00
V4-W-00009-S2026072902-R26-Q4,18980,0xb25749182b9103226c818ef7dd392fc369886f4dd700272b7e886c2db1ca31a8,False,2026-07-29 14:26:28.252563+00:00
V4-W-00025-S2026072903-R26-Q3,18949,0x423a1004ff308253dad48541ebc5dbfbd07e3998331c83594f54013b46522da4,False,2026-07-29 14:26:36.620994+00:00
V4-W-00025-S2026072903-R26-Q4,19012,0xc77ba4ff1b8162415c95d46826b96319d7691ba7c9411d4dea4165c72c9bfdc2,False,2026-07-29 14:26:36.870361+00:00
V4-W-00017-S2026072901-R26-Q3,18954,0x9afa3b14085a98605dc4774f07532aca35eff6a5b0cfbb3768aa7aac9295ad2b,False,2026-07-29 14:26:56.605630+00:00
V4-W-00013-S2026072903-R26-Q0,19192,0xcb22c87a10a6c54b585be9f4ebf387ebc5f59927cf6b7f49ec34e674823c2859,False,2026-07-29 14:26:59.233963+00:00
V4-W-00013-S2026072903-R26-Q7,18956,0xf1f48727311f05088277236bf26480cda68f1c3402621d2afe4d3133fb03ed45,False,2026-07-29 14:26:59.508881+00:00
V4-W-00017-S2026072903-R26-Q2,19100,0x56e51dc5318b3059d53aa76213ab0594fc7066aec3723c2b33b77ff24c7c6eaa,False,2026-07-29 14:27:02.084232+00:00
V4-W-00017-S2026072903-R26-Q5,19138,0x076d43659d34df22cdaf5f5235d0afb9104c25e435d1dfbd2062032127adf334,False,2026-07-29 14:27:02.273239+00:00
V4-W-00009-S2026072901-R26-Q3,19184,0x9f0b216372746cbd132fd0aa5207a95134ce762b437b766a96861699ee0a7ca6,False,2026-07-29 14:27:13.368814+00:00
V4-W-00000-S2026072902-R26-Q0,19101,0x3704f8e110aba24c303b22ab64168a6c32674ccf3711eedf5387fa87350448b6,False,2026-07-29 14:27:27.455036+00:00
V4-W-00000-S2026072902-R26-Q5,19103,0xa1362111f254d9f20b37fc900054ca16cbb6cb22af33915637348f81bd704010,False,2026-07-29 14:27:27.749665+00:00
V4-W-00008-S2026072903-R26-Q7,18984,0x58042aa2fb59d2278856173b624e70e4bf4d8b1b0c470003ffef987a507e077c,False,2026-07-29 14:27:55.691083+00:00
V4-W-00008-S2026072903-R26-Q6,18984,0x58042aa2fb59d2278856173b624e70e4bf4d8b1b0c470003ffef987a507e077c,False,2026-07-29 14:27:55.925303+00:00
V4-W-00021-S2026072901-R26-Q3,19084,0x4d3185d98a7657d8eea502f544c906493cddf2da194dd8fa3f1d0cdf7f655d9a,False,2026-07-29 14:28:23.818817+00:00
V4-W-00016-S2026072901-R26-Q0,19098,0xe317b020d8ca4d469e349c59dab739519f33772d1c83ec43521fd9e751d5ae19,False,2026-07-29 14:28:54.631367+00:00
V4-W-00016-S2026072901-R26-Q6,19099,0x5d78dfccab0389ac6e14ed9c7c8a72dbe10b20173009d5af2fab983883f01912,False,2026-07-29 14:28:54.915164+00:00
V4-W-00000-S2026072903-R26-Q2,19204,0xa452081fa7281bc7c19eac411f13b00830e3074df607f5df4b07dfb1e01218dd,False,2026-07-29 14:29:14.091487+00:00
V4-W-00000-S2026072903-R26-Q7,19205,0xc93915e4bbb55a8b7207ae2e07bb601327b0e66ccec92232aacca93053afce5a,False,2026-07-29 14:29:14.365954+00:00
V4-W-00001-S2026072903-R26-Q0,19200,0x3f73a4a3c24d57e1bdbd4b4e871e4c3f5b10e558646a88f8c0f57c5af75975ad,False,2026-07-29 14:31:08.900045+00:00
V4-W-00013-S2026072901-R27-Q0,19458,0xb21886419fe640ae767cdc3041731b740ac31e978ca60e58f0cf9670a675514e,False,2026-07-29 14:36:18.712135+00:00
V4-W-00013-S2026072901-R27-Q4,19235,0x30b80d4fc1d61700ff79083b9e8b1ebe4f00ebdb0f206c1cc8917d20135a65d5,False,2026-07-29 14:36:19.047400+00:00
V4-W-00019-S2026072902-R27-Q2,19237,0x480dadf9210c3a0e29bea9fd93496cd0fb74191a99cc7382698c534644b56473,False,2026-07-29 14:36:21.589144+00:00
V4-W-00019-S2026072902-R27-Q4,19237,0x480dadf9210c3a0e29bea9fd93496cd0fb74191a99cc7382698c534644b56473,False,2026-07-29 14:36:21.856297+00:00
V4-W-00026-S2026072903-R27-Q6,19351,0x744995341b642f6c6f7325a7d27b769933b809265760136db22b74d1d69bdca0,False,2026-07-29 14:36:24.649695+00:00
V4-W-00004-S2026072901-R27-Q0,19240,0x1a27041054b9627dabe403278e629639240392df6b2efeaa45a792fa0fb55454,False,2026-07-29 14:36:27.144428+00:00
V4-W-00004-S2026072901-R27-Q5,19561,0xcad8c0297d74b64cb872017ff2baefcc7bbe9372f16b1f2619ae5ac88023977b,False,2026-07-29 14:36:27.463255+00:00
V4-W-00017-S2026072901-R27-Q1,19661,0xfcbddcd4a8bc740696fc7bec5a9feaf90edf638048cd514beb64d1215a05a8d4,False,2026-07-29 14:36:30.114239+00:00
V4-W-00017-S2026072901-R27-Q6,19661,0xfcbddcd4a8bc740696fc7bec5a9feaf90edf638048cd514beb64d1215a05a8d4,False,2026-07-29 14:36:30.340589+00:00
V4-W-00009-S2026072901-R27-Q4,19550,0xf33a4f8d9b838961c481e25f1b662f75b70747afbe8bde64789a87892a286353,False,2026-07-29 14:36:32.967784+00:00
V4-W-00012-S2026072902-R27-Q1,19265,0x30b84c3493f03a7923e16a910db8ab817e0d02dea3781a2e5c1066eac650c0dd,False,2026-07-29 14:36:35.571043+00:00
V4-W-00012-S2026072902-R27-Q5,19265,0x30b84c3493f03a7923e16a910db8ab817e0d02dea3781a2e5c1066eac650c0dd,False,2026-07-29 14:36:35.807406+00:00
V4-W-00015-S2026072901-R27-Q2,19562,0x1558c7e6f7ea9b76443be10454878f7e9291331114b2f3ab4a0d51c563a84a28,False,2026-07-29 14:36:41.324712+00:00
V4-W-00015-S2026072901-R27-Q7,19511,0xe5ae80901d74d38317aed4e07f2286476abd673fc2e4cacfd6b3df60d2524ed3,False,2026-07-29 14:36:41.600217+00:00
V4-W-00010-S2026072901-R27-Q4,19571,0x5b0208fbac51df6319653e67188b6ca0ea2790921b08e0e052320072a1793aeb,False,2026-07-29 14:36:44.386053+00:00
V4-W-00024-S2026072903-R27-Q1,19455,0x407df6e4ab163bb8f448e410a84b9da505e02e4ec757af137723f1430cc7139f,False,2026-07-29 14:36:46.979369+00:00
V4-W-00024-S2026072903-R27-Q6,19625,0x72a845160fb13665bbf09880cf685f6fd43c632e88df9136afffb35a773366b4,False,2026-07-29 14:36:47.260289+00:00
V4-W-00000-S2026072903-R27-Q2,19436,0x40eb6091bb7e38e38d501ee842970a30e76d57a306b9072828d0b7bd83b74505,False,2026-07-29 14:36:49.794193+00:00
V4-W-00000-S2026072903-R27-Q7,19251,0x4c84fd0d259bd37f15e5583530f5368ed6d34282f0a514c62560e7a0a4632f3c,False,2026-07-29 14:36:50.117871+00:00
V4-W-00026-S2026072902-R27-Q6,19329,0xa4a02079051879706a3c674a950256aa7a7549b0a8b89cb8674045e5db517207,False,2026-07-29 14:36:52.803924+00:00
V4-W-00002-S2026072901-R27-Q0,19501,0x78d548130d2326d854848d81fa202b3e514821827c843a2879ef081e2c2b396e,False,2026-07-29 14:37:01.055501+00:00
V4-W-00002-S2026072901-R27-Q1,19501,0x78d548130d2326d854848d81fa202b3e514821827c843a2879ef081e2c2b396e,False,2026-07-29 14:37:01.250220+00:00
V4-W-00001-S2026072903-R27-Q1,19258,0x60c9214523929f052df671f80571a920a5dee559dc9fb6991913f290058b7478,False,2026-07-29 14:37:03.946997+00:00
V4-W-00001-S2026072903-R27-Q7,19664,0x6ba3ede2c98eb43c3ac17793b36a3535bc68c263f1a1cdf5fe5ed01b54a60a76,False,2026-07-29 14:37:04.121772+00:00
V4-W-00023-S2026072902-R27-Q1,19259,0x212ae97411a7c866062668c1f74dbaafbf7e660dc36d913bbd007d022408c7a5,False,2026-07-29 14:37:06.754005+00:00
V4-W-00009-S2026072903-R27-Q1,19261,0x5afe7354bc89eb343a7cfab0a91a4cafe4f1bb3b6c07641d02b306b79b068811,False,2026-07-29 14:37:09.319523+00:00
V4-W-00009-S2026072903-R27-Q6,19517,0xa35442cf18bb8e5881a780830c64c992425dde133ff683248c1c1a8b4ca1bdd7,False,2026-07-29 14:37:09.581150+00:00
V4-W-00010-S2026072902-R27-Q3,19262,0x212cd5992bd99f72d28e42dd5279e46f87e8302f6a0ab7cdf2b0ac523154355e,False,2026-07-29 14:37:12.316998+00:00
V4-W-00020-S2026072902-R27-Q0,19263,0xd8d3e8ca236a50b53bfd5fbbe5f728c9b5fcc21ab27fe628c701341386ab1a37,False,2026-07-29 14:37:14.925146+00:00
V4-W-00020-S2026072902-R27-Q6,19264,0x895fba2aba9a2ea66dbcb795a8bbc90c7aa0d5ace73028544b3ed3d759f1e863,False,2026-07-29 14:37:15.334369+00:00
V4-W-00018-S2026072903-R27-Q1,19621,0x5fe0a336586bd6aa7416482f68a0c8bcf0a73ca082028fd372a964c198de9ac4,False,2026-07-29 14:37:26.329176+00:00
V4-W-00018-S2026072903-R27-Q6,19269,0xf0574bf8d6b12afe932acd945efa78b573197339a52eff5ce9b1a5a925cabc94,False,2026-07-29 14:37:26.591331+00:00
V4-W-00004-S2026072902-R27-Q3,19272,0x40e5737e9d9fe2806964070999c421f7ac7af74e12dcaf1964cec3f8a9e62c38,False,2026-07-29 14:37:31.996603+00:00
V4-W-00013-S2026072902-R27-Q2,19286,0x3e521fa27b36b9ab9de3304f8843aae1c605d3795e46d8ad31d517f37665e791,False,2026-07-29 14:37:34.660617+00:00
V4-W-00013-S2026072902-R27-Q6,19273,0xf01b26be11d129715ac8160ebf5769ef1143250489b890269bea64150b7b7a2f,False,2026-07-29 14:37:34.907828+00:00
V4-W-00010-S2026072903-R27-Q1,19441,0xcfcadf21f534a3b918b97908b06ed6d4e33f0b743d770adacd8348398f153913,False,2026-07-29 14:37:40.372798+00:00
V4-W-00010-S2026072903-R27-Q5,19276,0x84a0dd542dc9e130a45d2c373469931cd8e45d0a24621b840f00bb78d9405e1c,False,2026-07-29 14:37:40.577797+00:00
V4-W-00019-S2026072901-R27-Q4,19278,0xb26cabd2e38646a5de81358fbc1673b5c104dd9416e772cc10195d7c0586513b,False,2026-07-29 14:37:43.354075+00:00
V4-W-00015-S2026072902-R27-Q0,19279,0x903986e7f440e2bd26224a7d447539c5399740c6e4ae30379cf43f2f0c178e91,False,2026-07-29 14:37:45.872731+00:00
V4-W-00015-S2026072902-R27-Q5,19536,0x6b363adc97f6e34338a58a931a07feb809177d4dc4d09973a8122c2c6276002b,False,2026-07-29 14:37:46.147245+00:00
V4-W-00008-S2026072901-R27-Q1,19387,0x7a2d5923ac4702a16722110edbf2e91cf4a6434a49e1891ff105d5ae4c718a98,False,2026-07-29 14:37:51.614886+00:00
V4-W-00008-S2026072901-R27-Q3,19505,0xf5b37cec015d27cf68ca3a0730063b967ab1ce5654e6eb2b42d93ba92e81a3a0,False,2026-07-29 14:37:51.726408+00:00
V4-W-00025-S2026072903-R27-Q3,19283,0xdb8f2def6b0dff2815625c2ec6d49c6e2e40ad17c65c3a0c2db8409f6b527f49,False,2026-07-29 14:37:54.245014+00:00
V4-W-00002-S2026072903-R27-Q7,19284,0x53948bfe05d226d57de6e3d5af9645bc76161a669a266875849b0670ff1e66d6,False,2026-07-29 14:37:56.866872+00:00
V4-W-00002-S2026072903-R27-Q0,19284,0x53948bfe05d226d57de6e3d5af9645bc76161a669a266875849b0670ff1e66d6,False,2026-07-29 14:37:57.135146+00:00
V4-W-00006-S2026072902-R27-Q2,19666,0xd8afd3c96e6b4f157885e8720f8f1b525e30ebe84bd4318cc7d6ecc1cf6e9b87,False,2026-07-29 14:38:02.218446+00:00
V4-W-00006-S2026072902-R27-Q7,19666,0xd8afd3c96e6b4f157885e8720f8f1b525e30ebe84bd4318cc7d6ecc1cf6e9b87,False,2026-07-29 14:38:02.469708+00:00
V4-W-00021-S2026072902-R27-Q3,19650,0x6f8acf4630bc9fe32752620eeffe285f488ea3c3392ebf2f243569ac14f5fdab,False,2026-07-29 14:38:04.889514+00:00
V4-W-00006-S2026072901-R27-Q0,19642,0xf5c10ba53ac6b700c982f7a364c8377a5aac6f46a08cd48a701f6720329383e9,False,2026-07-29 14:38:07.359426+00:00
V4-W-00006-S2026072901-R27-Q5,19364,0x386837c723bea8986091f6a9db294a9fa729f6df16634f8d83ddf96e1aab7c48,False,2026-07-29 14:38:07.619251+00:00
V4-W-00022-S2026072902-R27-Q1,19291,0x5f802f42fcd3ff32dc1cc644cf3f2ea5e05b46ec096190f4d92102bd99b71158,False,2026-07-29 14:38:10.102681+00:00
V4-W-00022-S2026072902-R27-Q7,19521,0x602371dfb9516533e066c29ad73d631840ac28bfc27e6854c56c58d021edce61,False,2026-07-29 14:38:10.354746+00:00
V4-W-00006-S2026072903-R27-Q4,19322,0xc13220f1eec4e87033b49c59fa0133c16db09ddbb5a6fe5144c58e44ab2af552,False,2026-07-29 14:38:15.442682+00:00
V4-W-00005-S2026072903-R27-Q0,19608,0x7573c47153cfe2331dc08351bca486eb42cc0f2dad10fefe1dd293ee6f804b77,False,2026-07-29 14:38:17.854301+00:00
V4-W-00005-S2026072903-R27-Q6,19670,0x919741e84d6a469b1f6c700e9cbdc06f677518a797e91cf9ff2d104a7d2d7bd5,False,2026-07-29 14:38:18.173654+00:00
V4-W-00016-S2026072902-R27-Q0,19591,0xbe5c287606312c55a46d64a8e692f36f565ba09708180075319a3ab84ea9b842,False,2026-07-29 14:38:20.522413+00:00
V4-W-00016-S2026072902-R27-Q7,19591,0xbe5c287606312c55a46d64a8e692f36f565ba09708180075319a3ab84ea9b842,False,2026-07-29 14:38:20.788209+00:00
V4-W-00002-S2026072902-R27-Q7,19439,0x78ad6d50d2df832bc902cf20f739aa66570e52a57ebffb68853377db37a7422a,False,2026-07-29 14:38:23.320790+00:00
V4-W-00019-S2026072903-R27-Q1,19350,0x742c7611e679993950f4eca451fbe1e81fa66e82b883374175f26c6b02106f63,False,2026-07-29 14:38:28.354524+00:00
V4-W-00019-S2026072903-R27-Q7,19500,0x45986507b28a26668c195cbb6086aed08bad03a3e44887b06330bf07f75316b9,False,2026-07-29 14:38:28.585283+00:00
V4-W-00007-S2026072902-R27-Q2,19391,0x548cd181c4acd0fcff091bf9ff18d0bf6b1d8b1674f724b2af0ab020854c1526,False,2026-07-29 14:38:30.955679+00:00
V4-W-00007-S2026072902-R27-Q7,19302,0xbfda14cc5ed5655fbaf9931d5e5ecc22c760c91c1673f1735730dd72606db97c,False,2026-07-29 14:38:31.198991+00:00
V4-W-00024-S2026072902-R27-Q4,19575,0xe963570803d4728daaab89cd5fe4781323676a3f4726daa3749aeda17e90f98a,False,2026-07-29 14:38:33.661599+00:00
V4-W-00001-S2026072901-R27-Q3,19305,0x96c6051da6f675c97a5028695b88c25947a67713d1fe8c457539efd84a2f764e,False,2026-07-29 14:38:38.736366+00:00
V4-W-00001-S2026072901-R27-Q7,19449,0x70c915654b4909e3b0d53e9aef45aab12858bf514ab0693290b7853eede44a3f,False,2026-07-29 14:38:38.913251+00:00
V4-W-00020-S2026072903-R27-Q2,19648,0x4287da05badb0d4e96fe21b6ebff1c94461ef45cf6d85b68ec53a7fe8c49aa41,False,2026-07-29 14:38:49.371812+00:00
V4-W-00020-S2026072903-R27-Q7,19635,0x3735416fa0a9219f47beee3fc4b126547d06c3039c45fd1a05009922dce99264,False,2026-07-29 14:38:49.497347+00:00
V4-W-00023-S2026072903-R27-Q0,19657,0x1a32db97f66a5d4d1afe8b7f38f579e8cb009c2f55683759baa8811f51a29156,False,2026-07-29 14:38:52.001061+00:00
V4-W-00020-S2026072901-R27-Q4,19361,0xac48f4766c12c26313542b8eb90919977d901124f5a97f0a84cf49a22b6094d0,False,2026-07-29 14:38:54.572603+00:00
V4-W-00020-S2026072901-R27-Q5,19361,0xac48f4766c12c26313542b8eb90919977d901124f5a97f0a84cf49a22b6094d0,False,2026-07-29 14:38:54.731091+00:00
V4-W-00012-S2026072901-R27-Q3,19555,0xe712e2eb5f101e1261a2cce36f484d955f194f59adcf603f58213beceb17a4eb,False,2026-07-29 14:38:57.222878+00:00
V4-W-00012-S2026072901-R27-Q7,19315,0xe2056122dcc0cbf4bfb8ea3147e01b5a7756de23e6c22b240f38d12a8d179998,False,2026-07-29 14:38:57.435301+00:00
V4-W-00011-S2026072902-R27-Q1,19496,0x30d93dd2bb7121b79ac470f7378824057c3120ca60f42ed4712d20145e4d5b97,False,2026-07-29 14:38:59.980723+00:00
V4-W-00000-S2026072901-R27-Q1,19317,0x239d1c955bed2014ebedf352000030cbc8ecfa2627afabe914201cc74bb96098,False,2026-07-29 14:39:02.298342+00:00
V4-W-00000-S2026072901-R27-Q6,19452,0x4ccdc70e564e8f426dac9883c742da277b9e89d4a358c6199d425c8de6fbc2a4,False,2026-07-29 14:39:02.565616+00:00
V4-W-00025-S2026072901-R27-Q3,19318,0x8c68539a4d2a885c1ad094ed5389cad9a24ff416031e94c6c02934549e108435,False,2026-07-29 14:39:05.052441+00:00
V4-W-00018-S2026072901-R27-Q0,19445,0xb7225723595e8dd170a9ba7088061ec6046301cd81e68c68c7086c4bb0354953,False,2026-07-29 14:39:10.121086+00:00
V4-W-00018-S2026072901-R27-Q4,19566,0x373ec882d7031a0b54be533f26be69d07bd76519df3deb8957a5cf95b5e8ca33,False,2026-07-29 14:39:10.349587+00:00
V4-W-00024-S2026072901-R27-Q1,19325,0x6ae320fab29ee7f6bea1db346b3df91478af5289d2e7d6ea3ef5dc4e378b2249,False,2026-07-29 14:39:18.259210+00:00
V4-W-00024-S2026072901-R27-Q6,19519,0x88d827635599de7bf63b2bef24a56e82ca0635996389a36e4a19a812c016eb42,False,2026-07-29 14:39:18.522426+00:00
V4-W-00018-S2026072902-R27-Q3,19595,0xb55074876b3b9176e2638ea05647c2ecb6d942744e9bf1353088c3824ec8d6e2,False,2026-07-29 14:39:20.973656+00:00
V4-W-00014-S2026072903-R27-Q0,19479,0x2cfaeeb22e32612f2328fb059165a7711cec8d8263d64dcc090bf8360c0c13b6,False,2026-07-29 14:39:23.419542+00:00
V4-W-00014-S2026072903-R27-Q6,19328,0xfb658dc0ab97c97d13c04b31f5bfa41954a62cea9cfbdfd32ca4ef0f3f7483cc,False,2026-07-29 14:39:23.769852+00:00
V4-W-00008-S2026072902-R27-Q4,19330,0x887a55fc83b97dd9f4975d61101065aedaa0bf6e945abdfccc558d759fe09625,False,2026-07-29 14:39:28.854201+00:00
V4-W-00008-S2026072902-R27-Q7,19502,0x8ac8764c80a6ccb53ef0296f5862650e568bd1327275b6f7420370c5d53d93c7,False,2026-07-29 14:39:29.001264+00:00
V4-W-00005-S2026072901-R27-Q3,19467,0x27ca7ebfb58119f3f96c67aa85942d97bcff288b52b35a189c21bc6ca880cb85,False,2026-07-29 14:39:31.582923+00:00
V4-W-00026-S2026072901-R27-Q0,19649,0xef14bf17872b2a33f554f2a0afc4578975e5bce4d09f18ac125d55a6171de64f,False,2026-07-29 14:39:33.914974+00:00
V4-W-00026-S2026072901-R27-Q7,19371,0x5f3fafd5f6d929497a15cec20d299ecc0c0fdf8ccb97b7b49131b30ed1474806,False,2026-07-29 14:39:34.202835+00:00
V4-W-00022-S2026072901-R27-Q2,19432,0xeeda73df2c8542799157f4d16c3d1ae7b718129b851f89ba250dfa7a3d73d56c,False,2026-07-29 14:39:41.961887+00:00
V4-W-00022-S2026072901-R27-Q6,19337,0xed21a5eba74fdb69c4d683e3852108cdd70294612fb99b23262aac751c8e7224,False,2026-07-29 14:39:42.174859+00:00
V4-W-00004-S2026072903-R27-Q1,19340,0xd7165d3d98b96e3adc2a4f05946cfdf7bafcd0c1a9c74cde3721afc34e5182b0,False,2026-07-29 14:39:47.250084+00:00
V4-W-00016-S2026072901-R27-Q2,19609,0x830625775536aadf6b47b3c3e2a70a685ad41aa3bcb33daa9d141d2c76fd66f1,False,2026-07-29 14:39:49.694909+00:00
V4-W-00016-S2026072901-R27-Q6,19341,0xc7022a154ac500a4bd19e205215d82f32a30e17963400479e5d7471baa474540,False,2026-07-29 14:39:49.957090+00:00
V4-W-00022-S2026072903-R27-Q2,19462,0xe6b807ff56d93b3e5022dd00a1cedd450f328e59211440574559d47fbb864961,False,2026-07-29 14:40:00.135860+00:00
V4-W-00022-S2026072903-R27-Q5,19619,0x479d3f168d17dd5b6d7caea78c450bd67dff032c4d2d9daa22111e0e7f730a41,False,2026-07-29 14:40:00.377686+00:00
V4-W-00003-S2026072903-R27-Q3,19402,0xa2d73d2c9d357c7b4c45d03a07d3c4eac9c9343c090c38e61d256e60a1380df4,False,2026-07-29 14:40:02.708096+00:00
V4-W-00025-S2026072902-R27-Q2,19487,0xf429b68e1e9f3de5a24c95c98399834ac749ca2731619255395513afabcdf414,False,2026-07-29 14:40:05.260043+00:00
V4-W-00025-S2026072902-R27-Q5,19424,0xcb1d663686e81a284607b8bdd81789c1dbec02b797ef1ea24eefd3ea15fa02f8,False,2026-07-29 14:40:05.496585+00:00
V4-W-00017-S2026072903-R27-Q1,19473,0xc0ccd0918f1db5535c693c7d7ac48cbc59139e3178500f931596a5adcdc75265,False,2026-07-29 14:40:16.210058+00:00
V4-W-00017-S2026072903-R27-Q6,19393,0x94635bd12a4906400b896f480f401a43a85e81da202816d1bff7eb8307e1517a,False,2026-07-29 14:40:16.381409+00:00
V4-W-00013-S2026072903-R27-Q5,19355,0x3cb472b9a5c6eab71000117e26b9bd963874697541521fe6391f36767401acff,False,2026-07-29 14:40:18.900370+00:00
V4-W-00021-S2026072903-R27-Q0,19404,0x90051c2cc03ea1719782f2e9ae3e1af7c56b0d98270c08ef8cb898baaa5eebab,False,2026-07-29 14:40:24.214616+00:00
V4-W-00021-S2026072903-R27-Q5,19358,0x70e131225a1ea721becb980991eec54bb3c373e2a6c259670079a055286a8034,False,2026-07-29 14:40:24.492245+00:00
V4-W-00000-S2026072902-R27-Q2,19617,0x6f08571e53a4a78dca4f74d8ca5c18663e1eb974df9cc11431f007914f8aca69,False,2026-07-29 14:40:32.498833+00:00
V4-W-00000-S2026072902-R27-Q7,19369,0xbec9aad170d596af9b3b7a3ef3647885169f951fdd828c013063570909326169,False,2026-07-29 14:40:32.768102+00:00
V4-W-00007-S2026072901-R27-Q5,19366,0xf48aefb7f60df62650f54211942a4f159e4e1630414006e5a3b31564be07b0d5,False,2026-07-29 14:40:40.758722+00:00
V4-W-00021-S2026072901-R27-Q1,19504,0xc68b381dbb24a54c0d88629dc67f67e9878d552b02e0da95eafce68e62706a27,False,2026-07-29 14:40:43.308162+00:00
V4-W-00021-S2026072901-R27-Q5,19504,0xc68b381dbb24a54c0d88629dc67f67e9878d552b02e0da95eafce68e62706a27,False,2026-07-29 14:40:43.581288+00:00
V4-W-00003-S2026072901-R27-Q2,19474,0xd44d3a2f38f8e70f3aef70cd82a09fb58c7c2c68347403c9d020562737bf4143,False,2026-07-29 14:40:57.245752+00:00
V4-W-00003-S2026072901-R27-Q7,19655,0x35a1d1f00dff9cd03fce86e14dfe02044f5ee301610040e96a7177ea5067c532,False,2026-07-29 14:40:57.537696+00:00
V4-W-00007-S2026072903-R27-Q4,19647,0xfc1ef06ac4bb081385b71d97c833df482b84097476827004d0ff519d7b751dd1,False,2026-07-29 14:41:00.156481+00:00
V4-W-00015-S2026072903-R27-Q1,19522,0xf766fe6dac73df6b8424673ad6f96437d4a4c371b8caa4f01dca6563541553ab,False,2026-07-29 14:41:02.726866+00:00
V4-W-00015-S2026072903-R27-Q6,19522,0xf766fe6dac73df6b8424673ad6f96437d4a4c371b8caa4f01dca6563541553ab,False,2026-07-29 14:41:02.991555+00:00
V4-W-00016-S2026072903-R27-Q2,19395,0xbf357cdf2038e02273e5089a2834c24035847b3f55ce1c3afeb4a46249f5a32c,False,2026-07-29 14:41:27.736089+00:00
V4-W-00016-S2026072903-R27-Q7,19390,0x8cff339a42a89a768aa6671b7728255326471459a8c415eec6cf986e131631d2,False,2026-07-29 14:41:27.959957+00:00
V4-W-00011-S2026072903-R27-Q3,19611,0x7d23703484582408f0b6b9773595f3961ef70b118b7219a9d86e8a2b07cd140d,False,2026-07-29 14:41:36.222002+00:00
V4-W-00012-S2026072903-R27-Q1,19446,0x71454703530251f1b5969735eb81d7be216bf527ba6d491eecb86c49ca2fafd3,False,2026-07-29 14:41:58.308238+00:00
V4-W-00012-S2026072903-R27-Q6,19636,0x1de2413ec49223b7e60077fd457f90b5bf3452364e51fc21b780183707468d0a,False,2026-07-29 14:41:58.563913+00:00
V4-W-00017-S2026072902-R27-Q3,19488,0x73fd4b9a8150f10ee8e01fc5d64b25a5e9c8fab1308ef375e980358cec07e019,False,2026-07-29 14:42:01.358981+00:00
V4-W-00017-S2026072902-R27-Q2,19412,0xed9e248e3618ebbeeb28812200e3462827bf70e4cd4541c22e66c803e0db26b7,False,2026-07-29 14:42:01.446478+00:00
V4-W-00003-S2026072902-R27-Q4,19411,0x226503d286a6c29a1502dd5d1f840b2a00f7639f06a0f161b4844e812b844dee,False,2026-07-29 14:42:09.604473+00:00
V4-W-00009-S2026072902-R27-Q1,19559,0x07b403b43cbfd39b2faffdd3411eb9456b521b650dcf1909193335649d02b983,False,2026-07-29 14:42:25.923749+00:00
V4-W-00009-S2026072902-R27-Q6,19514,0x03cdcd58e9911425f0b75fdcbf80fdac230e20c8d0bc8ff01a921fdb8855995a,False,2026-07-29 14:42:26.195516+00:00
V4-W-00014-S2026072901-R27-Q5,19574,0x47850f6ab9f8111c4aebcfab6d9063b984e41334e7b7132a27bfa0959087cabe,False,2026-07-29 14:42:44.125673+00:00
V4-W-00014-S2026072902-R27-Q0,19674,0x2e192bef7b685b56bcafef85bf7e5359ce85b28397ef201358b3730bd7c44504,False,2026-07-29 14:43:40.329774+00:00
V4-W-00014-S2026072902-R27-Q4,19477,0x1b9a1187c323fd9beaff2b844e2dc3ef3a3e1605e24a7a3693ab324194e384f2,False,2026-07-29 14:43:40.608479+00:00
V4-W-00011-S2026072901-R27-Q0,19484,0xdd049d8e23d63a8a3208818d1070c836ddaf593d8ec0831a8febb1cd71e8275d,False,2026-07-29 14:44:08.418083+00:00
V4-W-00011-S2026072901-R27-Q5,19673,0x89cc64a796e77606d233f21cd61c4eb62e8f2e4dc25b3b459c3d120331e2caf4,False,2026-07-29 14:44:08.545367+00:00
V4-W-00008-S2026072903-R27-Q4,19542,0xb2f789ccb4078cf2fcba9e86cca4951141cbaf0ae6ccb1fd415680ed9f08efe6,False,2026-07-29 14:44:19.719586+00:00
V4-W-00001-S2026072902-R27-Q3,19493,0x2641e21e2aa815aa9f3349436d65665ea1f0ee0bbdb8307a046ea591f5704f90,False,2026-07-29 14:44:53.276149+00:00
V4-W-00001-S2026072902-R27-Q4,19615,0xc4594699c4f1a16cd709fe4d53764e982f61c4e31c48957b9a3edd496a45035e,False,2026-07-29 14:44:53.534442+00:00
V4-W-00005-S2026072902-R27-Q0,19640,0xc74391ebfb001c3480dd21cd683e3f3e9e9ee0b1e3ec2f08e35acb3f20310801,False,2026-07-29 14:45:38.499280+00:00
V4-W-00005-S2026072902-R27-Q3,19515,0x15dbc76d56df5ee2ad1133944337323b8fa8e78b400cfe289bc411012a1d7fc4,False,2026-07-29 14:45:38.629684+00:00
V4-W-00023-S2026072901-R27-Q4,19607,0x77623f92326bed71b13dd1ec45cbb301bac92ab3a79bce898894a9eaed320be9,False,2026-07-29 14:47:52.787290+00:00
V4-W-00013-S2026072902-R28-Q0,19892,0x2ec1d85826d9c2e648dc92923d2452c540cd3bca515eb3929fbd5a3f26e979fd,False,2026-07-29 14:51:04.344960+00:00
V4-W-00013-S2026072902-R28-Q5,19941,0xf625f7c74cbb4c8536d5e14e38f9a872a9eead5a564cd37bf83b8f7b31d6252f,False,2026-07-29 14:51:04.557182+00:00
V4-W-00004-S2026072902-R28-Q4,19679,0xca08d4d0e7f6d86c1de1c497e06f26890a0cf57a83adc9b00ef75a8295efdaf8,False,2026-07-29 14:51:07.116483+00:00
V4-W-00004-S2026072902-R28-Q6,19680,0x6bb062da12bd0375c33195484f09b48fca4c3efbea654108accc4085e6c49575,False,2026-07-29 14:51:07.226514+00:00
V4-W-00011-S2026072901-R28-Q7,20067,0x2ca81448fed63ce166b60a211eba80ce591133d6ef7cbce018d8a7b24c77713c,False,2026-07-29 14:51:09.761869+00:00
V4-W-00007-S2026072902-R28-Q0,19682,0xcc70510cde0726f5cfdeab2d6cb0d9d7a9f002c874310f4a13e408ae86930f07,False,2026-07-29 14:51:12.137448+00:00
V4-W-00007-S2026072902-R28-Q5,20003,0x5f37bdff551550d4989a347884b95b5aa36cfb3e13934a1073a747fc1e530a17,False,2026-07-29 14:51:12.499115+00:00
V4-W-00009-S2026072903-R28-Q2,20090,0x1742d5e2545f790e0245266375c0618b9ccc4e8e63679bd298ec9145af44628e,False,2026-07-29 14:51:14.910795+00:00
V4-W-00009-S2026072903-R28-Q7,20091,0x9e1cd1eafbdb5ec8af88107a5fdfeb0e88248e863474fa7f89d61af4da42c269,False,2026-07-29 14:51:15.218517+00:00
V4-W-00020-S2026072903-R28-Q6,19942,0x27730bf47f607988b84b1ccc8746da2f3eb7d8bcd93d1ce604a8ef11765168d3,False,2026-07-29 14:51:17.727047+00:00
V4-W-00003-S2026072903-R28-Q0,19686,0xbcb8c57d478df09275b5b94f5339ae00b7923c868c85d2cf1221c273589b208c,False,2026-07-29 14:51:20.034829+00:00
V4-W-00003-S2026072903-R28-Q5,19686,0xbcb8c57d478df09275b5b94f5339ae00b7923c868c85d2cf1221c273589b208c,False,2026-07-29 14:51:20.291931+00:00
V4-W-00018-S2026072901-R28-Q2,20034,0xc789342f2770bfe953ea8785523df90ea4ae2bebc84c95a58b02ece4f79392c3,False,2026-07-29 14:51:22.760708+00:00
V4-W-00018-S2026072901-R28-Q7,19687,0xf2afc3afc17198219460da3351e33a04f4d00c055b525ed710371ebd59db3205,False,2026-07-29 14:51:23.057108+00:00
V4-W-00012-S2026072902-R28-Q4,19749,0xdae726575b1f2fe64deb7766a87de5e90c7c70057a700f61926675dbc7b9d6f2,False,2026-07-29 14:51:25.535549+00:00
V4-W-00017-S2026072901-R28-Q0,19690,0x30f5a91b85b53158ecc4e741db128b21dbd78f0090876b81d8756c71b9a6bdd1,False,2026-07-29 14:51:27.940429+00:00
V4-W-00017-S2026072901-R28-Q2,20019,0xc1a3a39daa4e4bb5d354c12c9e7c4c3057339d5946a712b68f186c72db82047a,False,2026-07-29 14:51:28.287923+00:00
V4-W-00005-S2026072903-R28-Q2,19932,0xedf340a3f884cbfde4a7572a0036a7481170e764e6d1c6654a11e0fc556be786,False,2026-07-29 14:51:30.728348+00:00
V4-W-00005-S2026072903-R28-Q6,20032,0xd258df5b0bdcdfea8b2f057554fd6b96ccac246bb52a0e4a936622a372aea84a,False,2026-07-29 14:51:30.934538+00:00
V4-W-00002-S2026072902-R28-Q3,19723,0x90e12d91c12ec29e1ed30791d09292b62a3e8bd4d518c335e6713e4ad3db8694,False,2026-07-29 14:51:33.495020+00:00
V4-W-00019-S2026072902-R28-Q1,19694,0x3f8432aabda5b76fda2b5e279511828c461d94e5816c3ed2bbab64c614af5947,False,2026-07-29 14:51:35.981838+00:00
V4-W-00019-S2026072902-R28-Q6,19851,0xcc55e65222aa071a23d8dc7447005be9fd757e992139a980a239068a20819053,False,2026-07-29 14:51:36.227412+00:00
V4-W-00005-S2026072901-R28-Q4,19695,0x18898be0f5bb696d5559212a088f623b00eb85b13f635374a52671b4e3bdfd1c,False,2026-07-29 14:51:38.650168+00:00
V4-W-00005-S2026072901-R28-Q5,19695,0x18898be0f5bb696d5559212a088f623b00eb85b13f635374a52671b4e3bdfd1c,False,2026-07-29 14:51:38.819971+00:00
V4-W-00014-S2026072903-R28-Q4,19883,0x49609e780512143d5133c965f025bdeb4b3ee571d0a53e14b11af75e0ec53cc8,False,2026-07-29 14:51:41.409938+00:00
V4-W-00015-S2026072901-R28-Q1,20109,0x40a945886a7104ba83a182041c690b39e675b17935d1ed6394d542aa3e17f702,False,2026-07-29 14:51:43.812415+00:00
V4-W-00015-S2026072901-R28-Q6,19747,0x27ea39df75f22b778565c19e2631b500a583f08a4b2a61f193f5754576a383d8,False,2026-07-29 14:51:44.115461+00:00
V4-W-00021-S2026072901-R28-Q2,20064,0x6d622b05bfe186262165436beb9bd4e66f882633baa496b519e9ea579ced8d65,False,2026-07-29 14:51:46.556890+00:00
V4-W-00021-S2026072901-R28-Q7,20064,0x6d622b05bfe186262165436beb9bd4e66f882633baa496b519e9ea579ced8d65,False,2026-07-29 14:51:46.822243+00:00
V4-W-00025-S2026072902-R28-Q5,19733,0x36aeb8a9178504ed2cfb355741e49ca338dcc07303121a10cfa0d97420669237,False,2026-07-29 14:51:51.911123+00:00
V4-W-00018-S2026072902-R28-Q1,19924,0x162ab91879d93d0c979b4c9eebc39357529fa2bd723726e9b210594b93ec6d50,False,2026-07-29 14:51:54.311359+00:00
V4-W-00018-S2026072902-R28-Q6,19768,0xafb16efb910abfa4a741358addd01aa5869007a93d06a51b90eafe0b0d5dbdb8,False,2026-07-29 14:51:54.596455+00:00
V4-W-00002-S2026072903-R28-Q1,20073,0x980fd47dbfe6f36c35c5d7902009208e79a944521d6a319779a84afc89e69dbc,False,2026-07-29 14:51:57.192734+00:00
V4-W-00002-S2026072903-R28-Q6,19705,0x834ea2cdbc7bebc8ecf3cc6a7340313ccedeff660f91ad6c1660a903bc9d7a44,False,2026-07-29 14:51:57.302412+00:00
V4-W-00016-S2026072903-R28-Q3,19907,0x32e21c450e7eba020b5cef8cf41df2c9311ee84cf013a8d0e58a63da0070c868,False,2026-07-29 14:51:59.803988+00:00
V4-W-00008-S2026072902-R28-Q3,20085,0x6c9ab6d6acbbf2b63e04e06a60c890a0f2bbcfe50d7289f6da0362066c7068fb,False,2026-07-29 14:52:02.251596+00:00
V4-W-00008-S2026072902-R28-Q4,20085,0x6c9ab6d6acbbf2b63e04e06a60c890a0f2bbcfe50d7289f6da0362066c7068fb,False,2026-07-29 14:52:02.547195+00:00
V4-W-00015-S2026072902-R28-Q3,19753,0x5716295a5adb5aef2e4435b4df9aea78e018c3972be41fbf229911ac280c1eba,False,2026-07-29 14:52:05.010870+00:00
V4-W-00013-S2026072901-R28-Q2,19710,0x29fd9d38e0c906cf2a1287bc4838fa4b2d175c0ccfaf0b517b0e17acb92384f2,False,2026-07-29 14:52:07.617189+00:00
V4-W-00013-S2026072901-R28-Q6,19929,0xae94793c95a250f2c88ec72b89cbb0d642b79a218766954d0d0ef96321d68267,False,2026-07-29 14:52:07.809262+00:00
V4-W-00010-S2026072901-R28-Q3,19711,0x0d32df5fbe6b905599424f36441ebbd5e4946dd93e9e3b06126c5914bf460084,False,2026-07-29 14:52:10.214986+00:00
V4-W-00010-S2026072901-R28-Q5,19736,0x04150867f942fd874d87fc221362a9abedec4b5da44a2ecb3bc84875726cb5f3,False,2026-07-29 14:52:10.455904+00:00
V4-W-00014-S2026072901-R28-Q3,19984,0xf06f5af02d95e9836cc925aef23ac320a12496b755ee4ad3a35ad69c11dc4fe9,False,2026-07-29 14:52:13.084771+00:00
V4-W-00023-S2026072903-R28-Q3,19873,0x4b53b77e405bca8da40b4f69f551048ac3b8a44f004dc71c7fcd032367c09bf8,False,2026-07-29 14:52:15.466764+00:00
V4-W-00023-S2026072903-R28-Q4,19714,0xbdc9a9ebdde02d1d6b46cf6933d5feb6659afc02675c8054d2842f220cbc2a07,False,2026-07-29 14:52:15.688016+00:00
V4-W-00017-S2026072902-R28-Q1,19715,0x41197920153c4f8f0a5966129c5d74d537f7297a143ec4b9cf410dcd1945b898,False,2026-07-29 14:52:18.232767+00:00
V4-W-00017-S2026072902-R28-Q4,19715,0x41197920153c4f8f0a5966129c5d74d537f7297a143ec4b9cf410dcd1945b898,False,2026-07-29 14:52:18.438418+00:00
V4-W-00014-S2026072902-R28-Q2,19809,0xe02c7ee11ef473d437033eff428c46564ff67e8b6e67f60eac5ef62ad909a5dd,False,2026-07-29 14:52:20.943219+00:00
V4-W-00001-S2026072901-R28-Q0,19770,0xcf0056bad1a89dbe23b6e7dda13f7186258fdc81deaddd58f5c61c73a8698d46,False,2026-07-29 14:52:23.308164+00:00
V4-W-00001-S2026072901-R28-Q5,19718,0x835376efcd0ff2f7811d133221013123d9c20c75e1dddb8f0dd5361ffa85a67d,False,2026-07-29 14:52:23.549549+00:00
V4-W-00011-S2026072903-R28-Q0,19719,0x022984877a2d1393183d9bdc6b68188ff8ddfa966e91e474ac3609c6b99399b3,False,2026-07-29 14:52:26.162685+00:00
V4-W-00011-S2026072903-R28-Q4,19912,0x0bd9bb6628ace1e3300b7ffb03908a0f9f4156155f62a4b2086946178d635b31,False,2026-07-29 14:52:26.293949+00:00
V4-W-00016-S2026072902-R28-Q4,19794,0xe18aeb0a7837e059cb0f732d78552a6326d39a9790cb99f3c6af3dd52f76dd6a,False,2026-07-29 14:52:28.810333+00:00
V4-W-00003-S2026072901-R28-Q0,19830,0xc32c0ec6e1f4db27c12d89f3451b960cb9b29163e907767637e2cf18f3c84f73,False,2026-07-29 14:52:31.215966+00:00
V4-W-00003-S2026072901-R28-Q5,20008,0x79f29e0e7165e828f4caa382cd01444055638472999ce54bd07ee98d3cc1cafe,False,2026-07-29 14:52:31.494043+00:00
V4-W-00007-S2026072901-R28-Q3,19994,0x34561629515d17e440ab657774be03e8bf8599b0cd645fe57eec75bb237c6697,False,2026-07-29 14:52:36.622329+00:00
V4-W-00007-S2026072901-R28-Q7,19822,0x320f03511cf1834474951244e5046c3eb98416ad65e4d66529c00904bdaccccb,False,2026-07-29 14:52:36.834183+00:00
V4-W-00019-S2026072901-R28-Q3,20097,0x0ecaaefb1cbfc90959097f4298fde17eceb1561a0486a081abc7efc44f149b78,False,2026-07-29 14:52:39.288723+00:00
V4-W-00008-S2026072903-R28-Q0,19799,0xafbdcd81826e805eff0705c6e6dccd578402febff7dcfd4d95259ccfad3d5aa6,False,2026-07-29 14:52:44.399160+00:00
V4-W-00008-S2026072903-R28-Q6,19759,0xd661190262f554eaa2e9e75b27edec54ff9e1357b16cd02b3a21dc4f4e327547,False,2026-07-29 14:52:44.673083+00:00
V4-W-00010-S2026072902-R28-Q0,19731,0x1937ff6fcd1f47d59b4c8676385e792f781cdf41c968403969c011785fddb9fa,False,2026-07-29 14:52:49.743756+00:00
V4-W-00010-S2026072902-R28-Q5,19962,0xec8b9694bec3a0ea657364939f8f4ce79b5d4a32ffd4aba5cec89b61d405ebe6,False,2026-07-29 14:52:49.999027+00:00
V4-W-00022-S2026072901-R28-Q4,19898,0xedcc2f8e14bfbde082d6746a6af336a201b5ebdcddcb66a75ae3f33d9e760d23,False,2026-07-29 14:52:57.799815+00:00
V4-W-00006-S2026072903-R28-Q0,19787,0xa2eab57914562e48a7b33c778230bbeb8d520012f66d0a766d05a8550627e9d8,False,2026-07-29 14:53:02.723355+00:00
V4-W-00006-S2026072903-R28-Q5,19737,0xa565a82e0ff9c38b7c1b39793ef5673024cc2f158533c8ef01ea234b34c3e255,False,2026-07-29 14:53:02.984392+00:00
V4-W-00022-S2026072903-R28-Q2,20006,0x37f80a7bdbf9d2898eb6f5a6b1c2350e5cfa7c6c6a03277d5f5e94bc0c40dad1,False,2026-07-29 14:53:05.550778+00:00
V4-W-00022-S2026072903-R28-Q5,19739,0xd0af093e27bb7298f516d15b64252d8a29b031994dfc953c2b91d441a618f702,False,2026-07-29 14:53:05.776374+00:00
V4-W-00007-S2026072903-R28-Q4,20020,0xd5bf17d42da613de0f406ac7400e5d4d8d8c18fe134266fbf176036b111bf289,False,2026-07-29 14:53:08.161672+00:00
V4-W-00012-S2026072901-R28-Q1,19967,0x89879c6a996120d2a7e5c1d521760d239ecebeec4360ee99012353ccdb1c8e0a,False,2026-07-29 14:53:10.603079+00:00
V4-W-00012-S2026072901-R28-Q5,19967,0x89879c6a996120d2a7e5c1d521760d239ecebeec4360ee99012353ccdb1c8e0a,False,2026-07-29 14:53:10.831931+00:00
V4-W-00015-S2026072903-R28-Q2,20074,0xe4fc490c26f729645ca987df78acc49a5d2338a5dcf9707e136fae14e9c25af0,False,2026-07-29 14:53:15.934593+00:00
V4-W-00015-S2026072903-R28-Q7,19963,0x6b9cbc2af25a699e73c385e049caa7c93a77ce7d8cae1bb17512957c68557579,False,2026-07-29 14:53:16.205340+00:00
V4-W-00004-S2026072901-R28-Q7,19913,0x637720b91082c74f7d5fb1a77421e7870d3a6f30b59865b8c21acd09a4642a57,False,2026-07-29 14:53:19.178536+00:00
V4-W-00024-S2026072902-R28-Q1,19957,0x41d983ddc642455b35e2a905e18d7379e5ce579567236a5896c6fd4bd0fa0f33,False,2026-07-29 14:53:24.145233+00:00
V4-W-00024-S2026072902-R28-Q6,19748,0x36d29dd52bf3911b6a3a042e1b328f0eef2952e6719a68b36c03246a44ad45af,False,2026-07-29 14:53:24.412846+00:00
V4-W-00000-S2026072903-R28-Q2,19948,0x48bbc63181c8cc67effa992bccc44e05bd7a8f4e7ab0deddca9ae1ee14f24794,False,2026-07-29 14:53:29.500283+00:00
V4-W-00000-S2026072903-R28-Q7,19751,0x45378638e4dc6bfaf9e446a8994f1d048ff3bdddccd887597a1441cc70e736d1,False,2026-07-29 14:53:29.770200+00:00
V4-W-00019-S2026072903-R28-Q5,19763,0x007c18ec6574b6d8a07bab1953d8f6eb8f34c5fddbdd09957025a048d0feaf1b,False,2026-07-29 14:53:53.276386+00:00
V4-W-00009-S2026072901-R28-Q1,19766,0xfa7d7a23f2ee07e2061b97e377a33fa81adaff79d83a9c9988415e5f3430d95f,False,2026-07-29 14:54:00.922918+00:00
V4-W-00009-S2026072901-R28-Q6,19978,0x0fcc2ff1f028e6e82b96a88a40ff32a8e03d262c50be5e2356dde19dfe5dbe6a,False,2026-07-29 14:54:01.208203+00:00
V4-W-00021-S2026072902-R28-Q3,19888,0x875813a5e35fb303fb47e7854e8752ce4feb962807f9a0f51223d8ca9a80358d,False,2026-07-29 14:54:11.734690+00:00
V4-W-00021-S2026072902-R28-Q7,19889,0x7fdb9301d9cf98fdb95b7249f5496c431edb63241c562a07c580ff5ba62e040e,False,2026-07-29 14:54:11.959637+00:00
V4-W-00022-S2026072902-R28-Q4,19878,0x2ff203ea90135695f74f836bdd3cdc781663d798067c7d1c9523146beae5b4f9,False,2026-07-29 14:54:20.094599+00:00
V4-W-00011-S2026072902-R28-Q2,20049,0x614fb5880b629ed7a71d1df722151713b4a64329532f9ec9dba1cd87dcf33a7b,False,2026-07-29 14:54:22.739178+00:00
V4-W-00011-S2026072902-R28-Q5,19959,0x811ac6f957ace70ee6832cd18f40d274949087ae99ec84a6c8de062ac1775dff,False,2026-07-29 14:54:22.950268+00:00
V4-W-00006-S2026072901-R28-Q3,19812,0x63d0a15d3d77e59e100cab50764e2fea0e3fb192ab6a1c97f27ea998eddafabd,False,2026-07-29 14:54:30.996071+00:00
V4-W-00004-S2026072903-R28-Q2,19783,0xef0de6321aac55aad709381e705b29fef080d05c945a277d2e0fe2958ef85594,False,2026-07-29 14:54:33.664124+00:00
V4-W-00004-S2026072903-R28-Q7,20089,0x1c1f813666a98c6fc6240f500307d567b567a99272fe96e5ba127b1ff3e90269,False,2026-07-29 14:54:33.948021+00:00
V4-W-00018-S2026072903-R28-Q1,19953,0xeac7cc36f230051c7128495d3aa7ecbcbaae547f8123534e08c2fdcccf43f144,False,2026-07-29 14:54:36.372833+00:00
V4-W-00018-S2026072903-R28-Q6,19946,0x0d81260deecd9798937a8b7510b6fa6e7dd8dfadf9eb81ad430d6fb280df67b3,False,2026-07-29 14:54:36.668925+00:00
V4-W-00024-S2026072903-R28-Q3,19786,0x51a93ef264554ace93f1815861ef96d04d3c1bf6cc62e92f87daebe995608589,False,2026-07-29 14:54:39.216170+00:00
V4-W-00016-S2026072901-R28-Q0,19805,0x7d0aefb0990fba5e804a7d219819bda6e4adbdeea16836c9f3b49b0908bcdefb,False,2026-07-29 14:54:44.518767+00:00
V4-W-00016-S2026072901-R28-Q7,20043,0x5def58b7cfd2edb6ff50771c4514618176e68bb87ff0b6882301903314ef8de5,False,2026-07-29 14:54:44.803287+00:00
V4-W-00024-S2026072901-R28-Q1,19790,0x38559dad5d6f4541f50be54fcf5ca00ed4aea7d211d14f4604df7c4c36c499d8,False,2026-07-29 14:54:47.339845+00:00
V4-W-00024-S2026072901-R28-Q6,20051,0xcf98b7f1f79033a1231b4c61314d3ec921de6fc4fca197d30f81195dda16e9e7,False,2026-07-29 14:54:47.646564+00:00
V4-W-00013-S2026072903-R28-Q3,19791,0x0c7d73f96cfe9b2cb511f935a05385915575729058122eda77c41f8e56ab8a0f,False,2026-07-29 14:54:50.122181+00:00
V4-W-00026-S2026072901-R28-Q5,19833,0xb571573ecb4a081271292675f614edaa2dc9aed437116de67b4d91aeb3601803,False,2026-07-29 14:54:58.332747+00:00
V4-W-00026-S2026072901-R28-Q1,19858,0x394f2e0c89772fa5431cb293f86c790a0403b36e3415c2c414498272d6680c9d,False,2026-07-29 14:54:58.617773+00:00
V4-W-00002-S2026072901-R28-Q0,19801,0x4b47addbc70b4b0b527f9c16f6bff8a8b8f4f5f23f12384599195bb9fcf6b8b3,False,2026-07-29 14:55:09.434498+00:00
V4-W-00002-S2026072901-R28-Q6,20053,0x62b5311cbcbc1d57c3bd579c18bd513fe0e0c379884a24da2cd1f30f7363b4e8,False,2026-07-29 14:55:09.665394+00:00
V4-W-00025-S2026072901-R28-Q3,19803,0xa4d37603399cf5f43b2a69236e236bc3a3e0e6cb0d7db9fd4757ceca817232ed,False,2026-07-29 14:55:14.894634+00:00
V4-W-00021-S2026072903-R28-Q0,19806,0x78105665439268f587befebd616fc7a157149683d96f8a862aa6c4a996836609,False,2026-07-29 14:55:20.271607+00:00
V4-W-00021-S2026072903-R28-Q5,19806,0x78105665439268f587befebd616fc7a157149683d96f8a862aa6c4a996836609,False,2026-07-29 14:55:20.612208+00:00
V4-W-00023-S2026072902-R28-Q0,19808,0x51a12db4fccca4eac3febeff1d38677a1922bbbfc7368c51954f31641b99db59,False,2026-07-29 14:55:23.359971+00:00
V4-W-00023-S2026072902-R28-Q5,19975,0x779dd2729d6906565032a029e2dc39c2952248554c014fde165d912d38f58724,False,2026-07-29 14:55:23.509183+00:00
V4-W-00008-S2026072901-R28-Q3,19856,0xaebb5641935e94bb8167acb76cd842cd6b66b35917737c6cff5fc089138e0515,False,2026-07-29 14:55:34.355649+00:00
V4-W-00009-S2026072902-R28-Q0,20068,0x49860f670daaf872a5f16cfc5c417f93fcb3d83e4f1ff0bc0ce14f36fe63b4c0,False,2026-07-29 14:55:36.938707+00:00
V4-W-00009-S2026072902-R28-Q5,20068,0x49860f670daaf872a5f16cfc5c417f93fcb3d83e4f1ff0bc0ce14f36fe63b4c0,False,2026-07-29 14:55:37.234923+00:00
V4-W-00020-S2026072901-R28-Q3,19933,0xece0cc1d5f73edd297d181f2e81b17aba0eb10a58cb63eca69fd7835b5e1c7d0,False,2026-07-29 14:55:56.494103+00:00
V4-W-00020-S2026072901-R28-Q6,20037,0x2a2da41e0252c078db61225654c17c8076f11c01e0cd4295de701e8cfefb7179,False,2026-07-29 14:55:56.748098+00:00
V4-W-00017-S2026072903-R28-Q4,20041,0xb761c55c72b993d5b779e9aa6cac427077f47b2e799cecd6a35ebe357f604a2a,False,2026-07-29 14:56:18.726185+00:00
V4-W-00023-S2026072901-R28-Q3,19839,0x7c4f10f406c6ea7325264e2dac03b665ed451bf7bf656af75cadf25ee2d70ee8,False,2026-07-29 14:56:26.789112+00:00
V4-W-00023-S2026072901-R28-Q4,20009,0x3cc5b2fa913bbce57c6aa7b7479652d3e371016db578ae92e9dcf05fc152edd9,False,2026-07-29 14:56:27.073711+00:00
V4-W-00010-S2026072903-R28-Q1,19902,0xc48b6980a4e08517ee1e153b26a873ddddfa67367257dbec8fd60385192039ce,False,2026-07-29 14:56:32.301353+00:00
V4-W-00010-S2026072903-R28-Q7,19921,0x7a456bb45276d0c91959709f2e4fbdf4542f281bc3f9b04fdbd59151e2e56a7c,False,2026-07-29 14:56:32.560407+00:00
V4-W-00001-S2026072903-R28-Q5,19987,0xccd0d9239db0ee8494d77b8a128749e958ec30b7c6fddb0aa24346e790a16912,False,2026-07-29 14:56:40.815925+00:00
V4-W-00020-S2026072902-R28-Q1,19848,0xb23f59ce683cecde14879c07b42e16ab99c33a33725c144463956268039199c5,False,2026-07-29 14:56:43.582774+00:00
V4-W-00020-S2026072902-R28-Q5,19848,0xb23f59ce683cecde14879c07b42e16ab99c33a33725c144463956268039199c5,False,2026-07-29 14:56:43.658006+00:00
V4-W-00000-S2026072902-R28-Q2,20001,0x1b6e9f50545433b4396737a9c9b1b365fbc4672987f08732920194603e44d516,False,2026-07-29 14:56:46.193136+00:00
V4-W-00000-S2026072902-R28-Q7,20001,0x1b6e9f50545433b4396737a9c9b1b365fbc4672987f08732920194603e44d516,False,2026-07-29 14:56:46.461530+00:00
V4-W-00003-S2026072902-R28-Q4,19862,0xffb79e93a343990d195235f41c51a55ccb8fdd2d1091ee161695a5fbeec42f48,False,2026-07-29 14:56:51.772003+00:00
V4-W-00012-S2026072903-R28-Q1,19853,0xfdc748fdaa6884e9d8999b99297ba3eafe4929bcbdb50c3738eace55e794566f,False,2026-07-29 14:56:54.222949+00:00
V4-W-00012-S2026072903-R28-Q6,20028,0xaadbe32a12db446b2ae16f1e81ea8d643e7080db75375916a4310320bb4bc688,False,2026-07-29 14:56:54.483987+00:00
V4-W-00006-S2026072902-R28-Q2,19854,0x024650253eb45c85e78a42ea501e77c802fb029dc3a815e924ef5d5d2edb4a9d,False,2026-07-29 14:56:56.860844+00:00
V4-W-00006-S2026072902-R28-Q7,19877,0x154796a6a4c975dd1e9f5ee5755d5294cd8eec5ec3c19e255464d50342aad671,False,2026-07-29 14:56:57.141849+00:00
V4-W-00000-S2026072901-R28-Q4,20023,0xf9017654ea94bd3fd7d08788ef61316852d3e1068d3a2fe4931ad7642ca7c82d,False,2026-07-29 14:57:02.169550+00:00
V4-W-00001-S2026072902-R28-Q3,19865,0x5370fa1356c64e2a9ad07311f765d2638aef14cda728458d0595ec44f0b32f0d,False,2026-07-29 14:57:17.770489+00:00
V4-W-00001-S2026072902-R28-Q7,19999,0xa7a1e73966a3c6c3cfb2ad2564f266b693e251b12536512624b701293f7b26aa,False,2026-07-29 14:57:18.078061+00:00
V4-W-00026-S2026072903-R28-Q1,19914,0xa901161b87b0a8dcf0d2544e8f42f53b75bc8af1e540e062d35145eb76e55076,False,2026-07-29 14:58:57.207328+00:00
V4-W-00026-S2026072903-R28-Q6,20030,0xd3c0f6cabd99fbd297afb2a860e4b463d09d0ae3823397ab0359b730186412a4,False,2026-07-29 14:58:57.310865+00:00
V4-W-00005-S2026072902-R28-Q1,19919,0x1db77e788a297d597d7c462f826ddb3429968352f84b201efae4a0d00c7dc29e,False,2026-07-29 14:59:02.572460+00:00
V4-W-00026-S2026072902-R28-Q5,19960,0xaf69aee3f9854c41e75a90efb8f11d908a1c1487f6e8c71a95b65d055ddbf03c,False,2026-07-29 15:00:28.367602+00:00
V4-W-00026-S2026072902-R28-Q7,20083,0x33810b75641a0ed48d24d5c42c721f0ebbea79347e722ba69798e5887542bc78,False,2026-07-29 15:00:28.532008+00:00
V4-W-00025-S2026072903-R28-Q2,20088,0xd79e53bf3293079f317f88409e6fdc26ce9f2763456bff0202cc196d6c819acc,False,2026-07-29 15:01:07.480499+00:00
V4-W-00015-S2026072901-R29-Q0,20355,0x3b9ffe69aa44c6b0f3da11b010ff6a0ae9eb97be572f86d7a3f33f325256119a,False,2026-07-29 15:05:42.009501+00:00
V4-W-00015-S2026072901-R29-Q4,20328,0xaf71dbee30ae1e3ce760ccc7f7267d0fe054bcef078043f51b5ab4a36965a0c1,False,2026-07-29 15:05:42.307105+00:00
V4-W-00018-S2026072901-R29-Q1,20376,0x96243d2c8fb100c443f7fdb583386a0d3154aefb196fd6f6a2143f48b0351025,False,2026-07-29 15:05:44.885176+00:00
V4-W-00018-S2026072901-R29-Q6,20119,0x88e8cc9a9456627a32e9cf0b7b603ab4f019bec97dd277e3aeae65c43cab11f8,False,2026-07-29 15:05:45.203318+00:00
V4-W-00005-S2026072903-R29-Q3,20160,0x2fd206736ef530ccecb503bd418e23ec59187134f9e6938fb7453eb9f8c51622,False,2026-07-29 15:05:47.883989+00:00
V4-W-00026-S2026072902-R29-Q0,20121,0x83e7b1d5dfe60cd6d2fe5599b44d67fed7d527cad0c6be4f1c726b5fb4323ee3,False,2026-07-29 15:05:50.429261+00:00
V4-W-00026-S2026072902-R29-Q2,20121,0x83e7b1d5dfe60cd6d2fe5599b44d67fed7d527cad0c6be4f1c726b5fb4323ee3,False,2026-07-29 15:05:50.735655+00:00
V4-W-00020-S2026072903-R29-Q3,20123,0x053a357b44ff03f44e99c46901a03c23e458f9b29975a8c4e247920425f032c5,False,2026-07-29 15:05:53.305935+00:00
V4-W-00020-S2026072903-R29-Q2,20123,0x053a357b44ff03f44e99c46901a03c23e458f9b29975a8c4e247920425f032c5,False,2026-07-29 15:05:53.528836+00:00
V4-W-00010-S2026072903-R29-Q3,20533,0x0a43ef897dc9bbd69b704b047db5d045cb552c6009d3507ea2f145c9fdec6bfe,False,2026-07-29 15:05:56.071425+00:00
V4-W-00018-S2026072903-R29-Q0,20462,0x5f285570fc7826ec8d355567d2d8c6453ead7d8d23f2163acbb8a0f9f8322eb3,False,2026-07-29 15:05:58.732877+00:00
V4-W-00018-S2026072903-R29-Q5,20448,0x8447b85e69bde3e660d4dc739426d827aeb6742c19fc7f6968bdc2a6696bfc71,False,2026-07-29 15:05:59.002210+00:00
V4-W-00016-S2026072903-R29-Q2,20127,0x730a57baa065cd14ac25b7c887a7b53cb206f54076981a4b0d17011e108ff0f5,False,2026-07-29 15:06:01.697498+00:00
V4-W-00016-S2026072903-R29-Q6,20473,0x282dbf256765b2adc90061f5278f25a8e516a079d68bd07426af9f49cb4cdcc9,False,2026-07-29 15:06:01.925685+00:00
V4-W-00002-S2026072901-R29-Q7,20135,0xb89ee2c222df5856aa8a42ede4136fd0760cb911b75a88cc18e07822515aabdf,False,2026-07-29 15:06:04.591820+00:00
V4-W-00019-S2026072902-R29-Q2,20186,0xb09eaf6258d644078b2d712bab2b9de307b6c8e0f8f21a0c5049a2cd211c65a1,False,2026-07-29 15:06:07.253742+00:00
V4-W-00019-S2026072902-R29-Q7,20487,0x4b4e255fb28eea54bc5d0d05d5de6ce52e198346f60801891d0ccb57d81a3980,False,2026-07-29 15:06:07.532353+00:00
V4-W-00020-S2026072902-R29-Q0,20203,0xcadb92424a99c8edea2e60f5c3223710ef95960de23aaca2cf25acbe99fe76e8,False,2026-07-29 15:06:10.224652+00:00
V4-W-00020-S2026072902-R29-Q5,20203,0xcadb92424a99c8edea2e60f5c3223710ef95960de23aaca2cf25acbe99fe76e8,False,2026-07-29 15:06:10.357533+00:00
V4-W-00018-S2026072902-R29-Q3,20219,0x57084e81fbf64be995c67d025c298b4adfe609351dc2739ece471a7d24462cf6,False,2026-07-29 15:06:12.937129+00:00
V4-W-00026-S2026072901-R29-Q4,20134,0x0853a97939127c1fbc52d6120c6acb2271b598d4265ea65c1f118495205941c2,False,2026-07-29 15:06:15.845090+00:00
V4-W-00026-S2026072901-R29-Q3,20342,0xf355f8c1ac6c747bfab44ddcda5fe81da7dc26b0f14482bc4ad495b57d6fb09c,False,2026-07-29 15:06:15.953945+00:00
V4-W-00008-S2026072902-R29-Q1,20137,0xca2d5fe58cadfd03e2b08da9e6b2c009d08f694d60262725dcd0312871a2d033,False,2026-07-29 15:06:21.525611+00:00
V4-W-00008-S2026072902-R29-Q5,20447,0xd79bb681591e6ab6bca43ca9f25993c15a66d7ea616e7998ed3d83b72b46227f,False,2026-07-29 15:06:21.650926+00:00
V4-W-00026-S2026072903-R29-Q2,20138,0x668d6b47bd784bc1412526a7e209ea63c4462e2624790b40f2c362d3f0740cf0,False,2026-07-29 15:06:24.390507+00:00
V4-W-00017-S2026072903-R29-Q0,20155,0x20953a22d79a2304da6546339f3f57597825756259bfc3c56fc047a1db7c6e34,False,2026-07-29 15:06:26.832694+00:00
V4-W-00017-S2026072903-R29-Q2,20299,0x7a0ca9b8acddfc1cb0f6a366d775cce2bda68040bbf4e7297b2b6dae4edc797c,False,2026-07-29 15:06:27.181996+00:00
V4-W-00009-S2026072902-R29-Q2,20243,0xd4966de4fa9feb9332fcf9425c776ce6fdbee53078e93fd0f920ead9ff549af5,False,2026-07-29 15:06:29.798892+00:00
V4-W-00009-S2026072902-R29-Q7,20552,0xfc59004064bc72699d3f6baf2069492ad53369e1a4844b640c71fa9cf9aa1fea,False,2026-07-29 15:06:30.070055+00:00
V4-W-00023-S2026072901-R29-Q7,20241,0x244aa53135d855b8a8020511d1061486b78a82079d08c212b90c3f9cc1bb67d0,False,2026-07-29 15:06:35.520206+00:00
V4-W-00004-S2026072903-R29-Q1,20420,0xbb4c37cc3b29e5110bd423128753b2546b71a235bf847c95c14a7ee97a0ac740,False,2026-07-29 15:06:38.178099+00:00
V4-W-00004-S2026072903-R29-Q5,20409,0x89ebfc3d8d9aaa19bc52770df162dec8001247347bf73aa3cb40af791f10da0e,False,2026-07-29 15:06:38.414150+00:00
V4-W-00022-S2026072903-R29-Q0,20382,0x764a21d7df22e7a238d06b7513da22eb4bac1627883e5d296b629436e879d131,False,2026-07-29 15:06:40.892532+00:00
V4-W-00022-S2026072903-R29-Q7,20306,0xb62222df9b57aea234dc0da14528c005c956e48669d6dd19fc72e665974ede78,False,2026-07-29 15:06:41.203556+00:00
V4-W-00013-S2026072902-R29-Q4,20166,0x54cbac591b710972783440c2c6e9a9464d5789b4d0e2d4999a1bd40dbed03c59,False,2026-07-29 15:06:43.790635+00:00
V4-W-00021-S2026072901-R29-Q1,20405,0x47979f438479aef0767f73c8ee6ab50ee995220cfd66b188289b2a0027d541fb,False,2026-07-29 15:06:46.461476+00:00
V4-W-00021-S2026072901-R29-Q6,20225,0x4f13e06158128eeb58b462b62bb997137f5273156a7f24e21c54ae066f2f0550,False,2026-07-29 15:06:46.729915+00:00
V4-W-00006-S2026072903-R29-Q2,20287,0x4b8aba9e09b1f9c2fcc3a67b09a6a6309dd6ca5eabe92c463febe787a296fee9,False,2026-07-29 15:06:49.254749+00:00
V4-W-00006-S2026072903-R29-Q7,20287,0x4b8aba9e09b1f9c2fcc3a67b09a6a6309dd6ca5eabe92c463febe787a296fee9,False,2026-07-29 15:06:49.515166+00:00
V4-W-00008-S2026072903-R29-Q4,20336,0x35ae03d753f475b9cacfe82ea8890f31bc7439af112a680fe946b92798864bbd,False,2026-07-29 15:06:52.247557+00:00
V4-W-00011-S2026072902-R29-Q0,20188,0x78a137e5e61300f30874b5ed11b01550e2821f4cc235a6e56d17e675986bc713,False,2026-07-29 15:07:00.459846+00:00
V4-W-00011-S2026072902-R29-Q4,20489,0x4b28c8116039fe15b00c490316728406812a533cac9f4e2c5b228043b6b91ef1,False,2026-07-29 15:07:00.690405+00:00
V4-W-00003-S2026072901-R29-Q3,20158,0xaf6c524c4c0b57ff2171bc8373895cf952c919a5f69381d79997a0ab5d4cf410,False,2026-07-29 15:07:03.240621+00:00
V4-W-00003-S2026072901-R29-Q7,20239,0x68004dc58d05a78624fb69f6c7fdf3139fa125dd849eb1f43e7a78433b1f83d7,False,2026-07-29 15:07:03.486566+00:00
V4-W-00019-S2026072903-R29-Q4,20163,0xaac39771a9a973d6148a6b47cbc4fd10e579ae2d35dcf797d8f98a310f7bdb47,False,2026-07-29 15:07:14.711311+00:00
V4-W-00025-S2026072903-R29-Q2,20475,0x2ff46f6ee87542bb24e5974aac97776839b31477d0da6fc494d0905b823c09fb,False,2026-07-29 15:07:22.902156+00:00
V4-W-00025-S2026072903-R29-Q5,20208,0xb7aed7e9650a26ad9cfd6da57654391ab5df005dfd8d27ed369d19229a8409c9,False,2026-07-29 15:07:23.188884+00:00
V4-W-00003-S2026072902-R29-Q3,20169,0xb39ba9ac4f2e70ba87b00fa344e9b129a4e2ab2e9e9105cd156f29bd69442503,False,2026-07-29 15:07:25.875362+00:00
V4-W-00004-S2026072902-R29-Q0,20395,0x3da38127d2abf210f80da1a392507d000cc3ffe85dd2dc30cf81c3f3acbdd0e8,False,2026-07-29 15:07:31.324766+00:00
V4-W-00004-S2026072902-R29-Q4,20300,0x2c76512234b079a2fd1def781e62959a291bf4824716a4ecf3aca8983a2d1cdf,False,2026-07-29 15:07:31.596571+00:00
V4-W-00019-S2026072901-R29-Q2,20419,0x41957ea1acda3fecda3202cfdcdb0874fd8f18babd5d70cf607fac685f846398,False,2026-07-29 15:07:34.158758+00:00
V4-W-00019-S2026072901-R29-Q5,20419,0x41957ea1acda3fecda3202cfdcdb0874fd8f18babd5d70cf607fac685f846398,False,2026-07-29 15:07:34.425732+00:00
V4-W-00012-S2026072903-R29-Q3,20514,0xd311a1a240a0da2b5e981cb5bb8eb8daf25c90f83517cfc00dad7eace6d1285e,False,2026-07-29 15:07:36.992029+00:00
V4-W-00014-S2026072901-R29-Q0,20345,0x205e2f84e81ef3be76fe9610cf810ca4515ed1c4a5f42a4bff97ee5fb9f46ca4,False,2026-07-29 15:07:39.712834+00:00
V4-W-00014-S2026072901-R29-Q5,20345,0x205e2f84e81ef3be76fe9610cf810ca4515ed1c4a5f42a4bff97ee5fb9f46ca4,False,2026-07-29 15:07:40.043537+00:00
V4-W-00024-S2026072902-R29-Q1,20177,0x262a577411ad86e357990f02960cb0e16581a51d49527981cd7e5ff8024655a3,False,2026-07-29 15:07:42.559719+00:00
V4-W-00024-S2026072902-R29-Q6,20196,0xc72d0e3ffc5c41478eb7a848f6d35d966019fe51b9c8ff036669858712ff38d4,False,2026-07-29 15:07:42.831866+00:00
V4-W-00014-S2026072903-R29-Q4,20387,0x962ac61f70c59af75c348a7e77770a78eda5198371a0f0d77436b16e5e51d3fc,False,2026-07-29 15:07:45.650992+00:00
V4-W-00013-S2026072901-R29-Q0,20458,0xb5aab28409e65d7946d15dd82d5036a55254eba0836db0f39cfa6f3efbda455e,False,2026-07-29 15:07:48.126158+00:00
V4-W-00013-S2026072901-R29-Q5,20180,0x38b00aa1c1de58ce482625faeebccc2a0bcb03a1432cc0700577b13d7f3afc6a,False,2026-07-29 15:07:48.512921+00:00
V4-W-00020-S2026072901-R29-Q0,20454,0xc35bcb96ed0797722dd5150c29bf753b89a3caab4c45efd483ca32ef29f5d311,False,2026-07-29 15:07:51.191597+00:00
V4-W-00020-S2026072901-R29-Q7,20182,0xe120dd2488092e3ab83ef3ce0b7f8a76a23b2bee39909f3ea10e0325adc9953f,False,2026-07-29 15:07:51.346748+00:00
V4-W-00023-S2026072903-R29-Q4,20183,0x429f9e4b496e65d0bb54ad6729fd371de8ddb90a28c50860bb37ee3eebd787be,False,2026-07-29 15:07:54.077556+00:00
V4-W-00002-S2026072903-R29-Q0,20381,0xaf742d48fc2d3ed8b7b6f5d7fabee4cd921134b043ac548d2a6e43c0b5b10b36,False,2026-07-29 15:07:56.714785+00:00
V4-W-00002-S2026072903-R29-Q7,20547,0x3d11ddf2b4aa21a653d0306ae283da05ae1d09e4465735f108195dfe31361594,False,2026-07-29 15:07:57.060781+00:00
V4-W-00017-S2026072901-R29-Q2,20187,0x295dad835c3d4e8660923241cb66479fddf0ce26c6ccdbd255dd86b20c9cf80c,False,2026-07-29 15:08:02.503128+00:00
V4-W-00017-S2026072901-R29-Q5,20363,0x1dd1a1f4229f7e2e9b517770da1fcc86c82d7216336c7723f69568162441d0d7,False,2026-07-29 15:08:02.646964+00:00
V4-W-00003-S2026072903-R29-Q3,20190,0x0edf7610efd5e9df07e50d0b18992687b27e077b5f8b19093534f6d9fd15274d,False,2026-07-29 15:08:08.032675+00:00
V4-W-00016-S2026072901-R29-Q0,20469,0xbe934ac8a99caac811388c70b703aac90b38680eb22db2c91366388e75162a2a,False,2026-07-29 15:08:13.617422+00:00
V4-W-00016-S2026072901-R29-Q4,20469,0xbe934ac8a99caac811388c70b703aac90b38680eb22db2c91366388e75162a2a,False,2026-07-29 15:08:13.781061+00:00
V4-W-00013-S2026072903-R29-Q2,20229,0x7e2815195f4f5ddee55b2c9167b6e8a6fb1634f1e74a88456441bca70c15cefd,False,2026-07-29 15:08:16.464978+00:00
V4-W-00013-S2026072903-R29-Q6,20194,0x0281158561f0497f10257f005456e4e9c857de900ea3a1512d323d893f2a3fd6,False,2026-07-29 15:08:16.693727+00:00
V4-W-00025-S2026072902-R29-Q4,20368,0x064b14d6a96db64f09b6157a7785cb9c6d52a814f76dd456a0349792b1d94662,False,2026-07-29 15:08:24.925362+00:00
V4-W-00001-S2026072903-R29-Q0,20372,0x08d202403c79d6f1b5ff0e819b6061f49e477eba578fd9fdc2930dc3fc091d47,False,2026-07-29 15:08:27.560632+00:00
V4-W-00001-S2026072903-R29-Q7,20232,0x83b3360e2786f244173846f38090c763aa9a8f393ec8b76de8a19e77c033d78e,False,2026-07-29 15:08:27.841108+00:00
V4-W-00006-S2026072902-R29-Q2,20201,0xda979ae4369303877be80ed41a6a6ee069cb95ef909f8daae54dab8160933419,False,2026-07-29 15:08:30.362739+00:00
V4-W-00006-S2026072902-R29-Q7,20201,0xda979ae4369303877be80ed41a6a6ee069cb95ef909f8daae54dab8160933419,False,2026-07-29 15:08:30.688028+00:00
V4-W-00021-S2026072902-R29-Q4,20267,0x229f11ccb680cb15fafae55a4ead8b28bfcbb6eedfc0a8319083f99b90ba102f,False,2026-07-29 15:08:38.887043+00:00
V4-W-00012-S2026072901-R29-Q1,20423,0x2653aa235c540e729a2d624a0a20a5121da3dbb4622c8d7c00f299500b402468,False,2026-07-29 15:08:49.992848+00:00
V4-W-00012-S2026072901-R29-Q5,20423,0x2653aa235c540e729a2d624a0a20a5121da3dbb4622c8d7c00f299500b402468,False,2026-07-29 15:08:50.209817+00:00
V4-W-00001-S2026072902-R29-Q2,20260,0xa700c2ccfbb9bd0300a0e660afaeaaf374d79858f04624147c5b10b8214b550f,False,2026-07-29 15:08:52.889079+00:00
V4-W-00001-S2026072902-R29-Q5,20323,0xc39dabac4d142eb90c22e70e091eda348566b6bb80e71b4df0f200ef0c1d4290,False,2026-07-29 15:08:53.137896+00:00
V4-W-00009-S2026072903-R29-Q4,20214,0x2e3de56ed108d4ce20a62b883f65a51c07a9ef842314d6cec38c9fe5b8a8a255,False,2026-07-29 15:08:55.804065+00:00
V4-W-00000-S2026072903-R29-Q1,20518,0xaeface32f683526139fafa94b29566c481c31b2332675788494ccf03320fdb8a,False,2026-07-29 15:09:01.170133+00:00
V4-W-00000-S2026072903-R29-Q6,20518,0xaeface32f683526139fafa94b29566c481c31b2332675788494ccf03320fdb8a,False,2026-07-29 15:09:01.430044+00:00
V4-W-00016-S2026072902-R29-Q3,20218,0x9855f5a53d985915662433918aa81d2681e894c723b16152ed60840890dcc75d,False,2026-07-29 15:09:04.064150+00:00
V4-W-00016-S2026072902-R29-Q6,20218,0x9855f5a53d985915662433918aa81d2681e894c723b16152ed60840890dcc75d,False,2026-07-29 15:09:04.335487+00:00
V4-W-00024-S2026072903-R29-Q4,20435,0x563593a38c2b234e02cbee2e0466336087d05c29f603d11711c20f156e3de1db,False,2026-07-29 15:09:09.755380+00:00
V4-W-00024-S2026072901-R29-Q1,20523,0xf80c5a281d5a890ec431833b1a092bfc897e2b3bcd0d3237e9a9a6e5154f782d,False,2026-07-29 15:09:12.354988+00:00
V4-W-00024-S2026072901-R29-Q6,20480,0x578a8993ad7b809413a29e3ff8a7091248a7f4dc5febc4c67e6209edce9f03dc,False,2026-07-29 15:09:12.705998+00:00
V4-W-00002-S2026072902-R29-Q4,20224,0x96f4be1eabd7ad7a993cb433cd80a870ff8e6d546b6ff5a6f0aa3c75bdb13cef,False,2026-07-29 15:09:15.405595+00:00
V4-W-00002-S2026072902-R29-Q3,20227,0x749b7d0efd9ed1728c2b8744a35d5ea109398f9d1ebae72bb5bd7461c980bb1a,False,2026-07-29 15:09:15.542282+00:00
V4-W-00014-S2026072902-R29-Q3,20268,0x96b9168fd3d30e5ac3304c3444debfb7b08b45feb3b96a2fc802d8686334713e,False,2026-07-29 15:09:24.162517+00:00
V4-W-00005-S2026072901-R29-Q0,20491,0x19e7fb260cec22406e4f8dfe119915837b9d3ce026ccee124f3e8139fa662653,False,2026-07-29 15:09:35.055628+00:00
V4-W-00005-S2026072901-R29-Q1,20315,0x1b62d158b063d2d94c90ea4bf7cbc1657a28dc0b830e1c2df554632cfbe65aed,False,2026-07-29 15:09:35.282962+00:00
V4-W-00025-S2026072901-R29-Q0,20273,0x97e4a4be4542a1299e989f15d1c327c8bc26c2b589c687a39625e726cb675bd7,False,2026-07-29 15:09:37.857745+00:00
V4-W-00015-S2026072903-R29-Q0,20312,0x24be32c7551863cb2e685d5e8c6f2a0a2e5c13375a8904dfae7e2bd7fd99b9e9,False,2026-07-29 15:09:40.406520+00:00
V4-W-00015-S2026072903-R29-Q4,20312,0x24be32c7551863cb2e685d5e8c6f2a0a2e5c13375a8904dfae7e2bd7fd99b9e9,False,2026-07-29 15:09:40.668543+00:00
V4-W-00005-S2026072902-R29-Q1,20253,0x578d330051e7ccad81fd6940e6ce7a3fc30499dcc5e71d8e1588748053264eac,False,2026-07-29 15:09:43.303447+00:00
V4-W-00005-S2026072902-R29-Q3,20311,0x8b10c7430a1ea28e7c937decedfcdd703cd8719dac104ba8f594cbfc534afa4e,False,2026-07-29 15:09:43.510857+00:00
V4-W-00007-S2026072903-R29-Q4,20503,0x45bc6b88833608e732d14f33d1d8d07ba06303ad80669a9940f33c87b9c26087,False,2026-07-29 15:09:51.899366+00:00
V4-W-00001-S2026072901-R29-Q2,20543,0x299d350c2bbc8af8e2c124871e430cfbaa95bfcde1ec2937d72ef9b5ea9ef479,False,2026-07-29 15:10:00.096516+00:00
V4-W-00001-S2026072901-R29-Q6,20246,0xc8c7e28fa6cf6c315c2cd5c430f45e341485ef63626c9a5894898abbb2426330,False,2026-07-29 15:10:00.339299+00:00
V4-W-00015-S2026072902-R29-Q1,20529,0xd8c94fed60aa04e1f32f9fe2fa89ff766e417f802c802cad0f4cce93de830de9,False,2026-07-29 15:10:02.876181+00:00
V4-W-00015-S2026072902-R29-Q6,20313,0x74508d61f26fde92f1c4d05f67d59c313fed95155b231b01a50f6ecab583e3f3,False,2026-07-29 15:10:03.164357+00:00
V4-W-00012-S2026072902-R29-Q3,20397,0x3e6201c41d8b04a61335181103aeaaa48235a0975d7a71cbc64bd2104c718616,False,2026-07-29 15:10:05.817510+00:00
V4-W-00000-S2026072901-R29-Q0,20378,0x9fb1df23adbdbd432064639a2ca8f9e5424084b50b4b376943a18c379ba948ad,False,2026-07-29 15:10:08.424821+00:00
V4-W-00000-S2026072901-R29-Q5,20378,0x9fb1df23adbdbd432064639a2ca8f9e5424084b50b4b376943a18c379ba948ad,False,2026-07-29 15:10:08.757804+00:00
V4-W-00021-S2026072903-R29-Q2,20393,0x64dc643e122bfe70937eb0e32342501d9d162025e7ffd8b4bcf89ffcb7faa16e,False,2026-07-29 15:10:33.885356+00:00
V4-W-00021-S2026072903-R29-Q6,20406,0x718fd2bd677996744dd8fffd390eafb5700a9842ac14526376b0e4d6ce694716,False,2026-07-29 15:10:34.107738+00:00
V4-W-00011-S2026072903-R29-Q3,20309,0x5d6a79195f7e298a85c81b650b65096fe6eeb3ae49f7c096b0c3ee8554877d96,False,2026-07-29 15:10:50.707021+00:00
V4-W-00007-S2026072902-R29-Q2,20493,0xc445ff91cf399f60e1d844e89bfddb2e3817e39567ff394e582d5ad6d562c3ff,False,2026-07-29 15:10:56.120002+00:00
V4-W-00007-S2026072902-R29-Q4,20493,0xc445ff91cf399f60e1d844e89bfddb2e3817e39567ff394e582d5ad6d562c3ff,False,2026-07-29 15:10:56.342039+00:00
V4-W-00008-S2026072901-R29-Q5,20317,0xbb44ec63c73fe4ec53ac2b9cc21df6420adf24a731e02ca27b2ff7e0cf8d471e,False,2026-07-29 15:11:07.411173+00:00
V4-W-00008-S2026072901-R29-Q3,20331,0x4afbc6a30249b83e820b8e439a75ca4bcbb5f368b039d5e3204431c053f4001f,False,2026-07-29 15:11:07.596355+00:00
V4-W-00011-S2026072901-R29-Q0,20477,0x2191d229b1c31bedd45d417cc90220bffab527c01112c2b0e09220479fb3e053,False,2026-07-29 15:11:29.717716+00:00
V4-W-00022-S2026072901-R29-Q1,20293,0xa113ecc6565fc93463993ce40495a49c32e85d62bb5444f5b57fe9950879dc0e,False,2026-07-29 15:11:34.895605+00:00
V4-W-00022-S2026072901-R29-Q6,20341,0x2d9dad6f542a9230cbb5dd97649d3d47f16fac46c00034c4e24c083c49996810,False,2026-07-29 15:11:35.204324+00:00
V4-W-00006-S2026072901-R29-Q2,20399,0x77efddaeabb944abf5037427bf46ea6c90f78095a29644e9cf23d50340e71890,False,2026-07-29 15:12:01.560763+00:00
V4-W-00006-S2026072901-R29-Q7,20307,0xf4a13cad890f6ec849ed8ed3fc1c74ad80f2907163edf6c18c2328c8f31bc702,False,2026-07-29 15:12:01.833900+00:00
V4-W-00017-S2026072902-R29-Q4,20308,0x58cc8964842835f4f9df37bf7439b6225ded4c4b535ab054d3b29830707d276e,False,2026-07-29 15:12:04.394506+00:00
V4-W-00009-S2026072901-R29-Q0,20471,0xb42db074fca8a16f55bd24980102d2799235dad07cd4fc6708e5daf42fdd92c4,False,2026-07-29 15:12:35.741036+00:00
V4-W-00009-S2026072901-R29-Q5,20472,0x27555e958d918666f909e8d404fa8b7644f3b8892d98ffabc49caa0b7d9c92f6,False,2026-07-29 15:12:36.027959+00:00
V4-W-00000-S2026072902-R29-Q2,20408,0x17f701ddaeef8699a1ef43b114283eb32ae85c384eeabf4c3a331103145aff97,False,2026-07-29 15:12:38.488238+00:00
V4-W-00000-S2026072902-R29-Q7,20373,0x8d33536244f843e445f31c58a6a89a0f504de0535f1945cc27907f624cb4d28f,False,2026-07-29 15:12:38.765097+00:00
V4-W-00010-S2026072902-R29-Q4,20377,0x3aa12ea826f492025237f1af6e8bb7d3f1cc5b787cf328e75973a433bf6033a8,False,2026-07-29 15:13:05.044666+00:00
V4-W-00007-S2026072901-R29-Q2,20519,0x9dca92e2fb9dc52c0fc4afdc87c719ef9c1153677bc8d49365140b645fab7e67,False,2026-07-29 15:13:47.893706+00:00
V4-W-00007-S2026072901-R29-Q6,20519,0x9dca92e2fb9dc52c0fc4afdc87c719ef9c1153677bc8d49365140b645fab7e67,False,2026-07-29 15:13:48.144696+00:00
V4-W-00004-S2026072901-R29-Q1,20485,0xbf7bcfba12c8e20fc19a41933d157a437e1e69c4acb21cc49643a501c76416a6,False,2026-07-29 15:15:56.351357+00:00
V4-W-00004-S2026072901-R29-Q7,20424,0xf7552c3c45b19e1a4c3d637bc093a2968cf8f7e2f1d17ce9ab495d4a93f9966c,False,2026-07-29 15:15:56.553255+00:00
V4-W-00023-S2026072902-R29-Q6,20495,0x54f55f34e49f28d0d86b33c4b94948fe243dda445044b28c0e8ee222753cae91,False,2026-07-29 15:16:01.705196+00:00
V4-W-00022-S2026072902-R29-Q2,20545,0x0e6c818cce85a2ae527fe2e2b364d8cb84cecb71583efe168d546af06582fc35,False,2026-07-29 15:16:46.260581+00:00
V4-W-00022-S2026072902-R29-Q7,20546,0x8f37e7c306dce56adaf982186bd623570117bc9ec1fbe00e6b1fc8761b27e804,False,2026-07-29 15:16:46.526674+00:00
V4-W-00010-S2026072901-R29-Q3,20526,0x76458a7cc5b8254cca4e30ec75e29db2ea28980e493d0cc9ba747aac846ceec3,False,2026-07-29 15:16:54.204088+00:00
V4-W-00010-S2026072901-R29-Q7,20553,0x9202f645ed8aa319d15e728e0fcf7341db9a7f8c4c7973b084347d51fdb34d3c,False,2026-07-29 15:16:54.387695+00:00
